income_erosion_v,liquidity_momentum_v,overdraft_v,overdraft_t2,salary_drift_v,tx_freq_v,avg_balance_t2,min_balance_t2,total_out_t2,account_id,window,default
0.354509962951546,-0.05763759003249582,0,0,,0.5333332977777802,62774.22173913042,33637.1,201760.0,1787,0,1
5.0,1.514776881328351,0,0,,1.4999997500000417,66613.67333333332,30445.8,87660.0,1787,1,1
-0.9866098400349714,-0.34193132348741007,0,0,,-0.1428571224489825,26488.899999999998,24384.2,6500.0,1787,2,1
1.2475263157238143,1.5210325081063472,0,0,,1.333332888889037,40252.48571428571,30312.4,32300.0,1787,3,1
-0.10579681671863599,0.5414883182023231,0,0,,0.0,30881.174999999996,18163.2,51169.8,1801,0,0
0.8911235684694051,-0.4167478625306887,0,0,,-0.04761904535147403,20033.35,8671.0,31969.800000000003,1801,1,0
-0.46269208807079376,-0.22893028603027366,0,0,,0.04999999750000012,34347.666666666664,9669.6,64675.8,1801,2,0
-0.751323390592953,-0.2883308805727226,0,0,,-0.3939393820018369,44545.475,33405.5,71255.2,1801,3,0
0.6734106729630945,0.8711815850697109,0,0,,0.0,62592.95757575758,19932.9,230491.80000000002,1801,4,0
0.7164257503418846,-0.25047340334831913,0,0,,0.22222221399176983,33451.03333333333,15160.5,137017.80000000002,1801,5,0
0.3609575612586228,0.7712387345764905,0,0,,0.17391303591682453,44629.54814814815,14345.0,83112.8,1801,6,0
0.34622270372608016,-0.38455594356596073,0,0,,0.045454543388429844,25196.799999999996,14371.6,54413.799999999996,1801,7,0
-0.5479209019581035,0.34050165336708293,0,0,,-0.11999999520000018,40940.84545454545,19558.9,89369.8,1801,8,0
-0.024439566546526497,-0.273685759342292,0,0,,-0.10714285331632667,30541.436,5415.1,65669.8,1801,9,0
-0.09606909316675699,-0.30439456624340694,0,0,,0.21739129489603065,42049.89285714285,15101.7,108717.8,1801,10,0
-0.07287861586808969,0.07877367020806629,0,0,,-0.20689654458977433,60450.78260869564,32731.9,123205.8,1801,11,0
0.5817466966372167,0.48420570143260844,0,0,,2.6249996718750412,56036.57586206896,23795.0,177684.80000000002,1801,12,0
0.1657008363023285,0.11594236362390987,0,0,,0.045454543388429844,36247.12173913044,29250.8,32273.8,9188,0,0
-0.14219069274403526,-0.08732922048392275,0,0,,-0.08333332986111125,32481.177272727273,26867.6,28462.8,9188,1,0
0.16344274552862234,0.04003053563571704,0,0,,0.09090908677685969,35589.15,27673.1,38362.8,9188,2,0
0.19483776355888582,-0.01921312477082971,0,0,,0.04761904535147403,34219.33181818182,27067.1,32962.799999999996,9188,3,0
-0.16107405100007827,0.08578853837385995,0,0,,-0.08695651795841226,34889.671428571426,27572.1,33060.799999999996,9188,4,0
-0.14073496653984008,-0.010222545365402128,0,0,,0.045454543388429844,32133.026086956525,25298.2,32062.8,9188,5,0
0.1678783461633581,0.23313129112526554,0,0,,0.04761904535147403,32464.89999999999,26263.7,32491.8,9188,6,0
-0.14197809729716912,0.053521283496228984,0,0,,-0.045454543388429844,26327.204761904763,19516.4,25462.8,9188,7,0
0.16512086789020852,0.03474191392909183,0,0,,0.0,24989.72272727272,17182.4,38662.8,9188,8,0
-0.1411082976422316,0.08909050664244844,0,0,,-0.08333332986111125,24150.681818181823,17280.2,32662.8,9188,9,0
0.1623953528063205,-0.06802431251906367,0,0,,0.0,22175.091666666664,15529.2,38462.8,9188,10,0
-0.14256415264473452,-0.1477718766769161,0,0,,0.0,23793.6375,17666.0,38662.8,9188,11,0
0.1630254920900154,0.0312224376285356,0,0,,0.0,27919.329166666666,22233.4,38762.8,9188,12,0
-0.14821452130374654,-0.06206796968730785,0,0,,-0.11111110699588492,27074.0125,21863.5,28562.8,9188,13,0
0.01985302527050728,0.01966849254165383,0,0,,0.07999999680000013,28865.644444444453,21728.1,44862.8,9188,14,0
0.16797016635509238,0.24202454400544604,0,0,,0.0,39919.78666666667,30341.4,56525.799999999996,1843,0,0
-0.1636840418285453,-0.1271512715255565,0,0,,-0.2499999875000006,32140.9,19917.3,30725.8,1843,1,0
0.19515451508167225,0.11474739691044265,0,0,,0.3333333111111126,36822.990000000005,18327.2,67125.8,1843,2,0
-0.1420546082540365,0.040496672829332024,0,0,,-0.11764705190311459,33032.58666666666,26711.5,38925.8,1843,3,0
0.16652602973171501,0.11780605153897682,0,0,,0.0,31746.941176470587,22695.2,57425.8,1843,4,0
-0.1605632602939579,-0.04879545412091888,0,0,,-0.14999999250000037,28401.117647058825,20812.6,37125.8,1843,5,0
0.19050758198595696,-0.04889467698812809,0,0,,0.17647057785467188,29858.054999999993,21234.7,52171.8,1843,6,0
-0.17731476116257877,0.040865628728723825,0,0,,-0.10526315235457093,31393.00588235294,21112.2,45961.8,1843,7,0
0.08571222473523021,0.10043060188888492,0,0,,0.11764705190311459,30160.478947368425,20445.4,55523.8,1843,8,0
-0.037695613289633514,-0.10070379728019337,0,0,,-0.10526315235457093,27407.88823529412,15864.7,49125.799999999996,1843,9,0
0.12932524374267448,-0.01237491980254379,0,0,,0.18749998828125072,30477.04210526316,20595.4,64545.2,1843,10,0
-0.11879731136310087,-0.33463076076060594,0,0,,0.0,30858.91875,19799.1,48318.8,1843,11,0
0.0908581102142058,0.2821571587059686,0,0,,0.9999998750000157,46378.6375,34129.2,65217.2,1843,12,0
0.16624812597983443,0.05548249240607375,0,0,,0.10526315235457093,69903.40000000001,42102.2,146721.0,11013,0,0
0.19933215030852677,0.10988761870846121,0,0,,-0.20833332465277812,66228.85789473685,53013.6,100055.0,11013,1,0
-0.1667262526369402,-0.0017711560733990484,0,0,,0.09090908677685969,59671.67916666667,40227.7,125255.0,11013,2,0
-0.14254482676925556,-0.22933009445754576,0,0,,0.09999999500000024,59777.554545454565,28500.3,144140.0,11013,3,0
0.16708995630452803,0.21830197593200806,0,0,,0.0,77565.70500000003,49820.0,119755.0,11013,4,0
-0.1417255441726642,0.22618653276760398,0,0,,-0.28571427551020445,63667.06000000001,50429.5,93067.0,11013,5,0
0.16528663619797984,-0.1009903929275343,0,0,,0.3333333174603182,51922.81785714285,28601.2,126899.0,11013,6,0
-0.149448869873559,0.04017329055489937,0,0,,-0.15999999360000025,57755.576190476175,36178.6,120466.0,11013,7,0
0.17382001820584006,-0.24472380612922087,0,0,,0.3888888672839518,55524.956,33516.9,166754.0,11013,8,0
-0.1417590463994815,0.04909349874807528,0,0,,-0.30769229585798863,73516.09444444443,56379.5,98055.0,11013,9,0
0.16631978317952578,0.18918166561648322,0,0,,0.18181817355371938,70075.82692307692,47110.1,124034.0,11013,10,0
-0.14195431612028897,-0.0026056845097507464,0,0,,0.15789472853185638,58927.77272727271,37375.7,121167.0,11013,11,0
0.1659044996476231,-0.048729055754803914,0,0,,0.0,59081.721052631576,35558.2,139555.0,11013,12,0
-0.14187934183422352,0.15711028868427906,0,0,,-0.2962962853223598,62108.1947368421,41363.3,88255.0,11013,13,0
0.1681829263484079,0.1073633221033107,0,0,,0.2272727169421492,53675.25925925925,26206.4,124755.0,11013,14,0
0.16073826807966063,-0.19542997018620545,0,0,,0.18518517832647488,32236.153125,18819.1,74037.79999999999,8261,0,0
-0.1416269453580101,-0.0027133296980875955,0,0,,-0.09999999666666677,40066.31111111111,25975.2,57463.799999999996,8261,1,0
0.08934220131272554,0.23382551113822292,0,0,,0.034482757431629055,40175.31999999999,24913.7,71954.79999999999,8261,2,0
-0.08361708044299633,-0.2651860605325876,0,0,,0.0,32561.589655172407,16523.1,53538.799999999996,8261,3,0
0.11141321764187789,0.2860167993005167,0,0,,0.07407407133058995,44312.69999999998,25424.4,68454.79999999999,8261,4,0
-0.0966826803066091,0.01657513644364465,0,0,,-0.09999999666666677,34457.32592592592,20115.7,57104.799999999996,8261,5,0
0.1522965756671753,-0.17583195323757955,0,0,,0.07142856887755111,33895.503333333334,16970.6,58266.799999999996,8261,6,0
0.49744256878652005,-0.28992921117197085,0,0,,1.5454544049586905,41126.93214285713,23202.9,80777.79999999999,8261,7,0
-0.21800057635908798,1.3121380409139924,0,0,,0.8333331944444675,57919.48181818182,42707.0,58800.0,8261,8,0
-0.026407137422491858,-0.09381398235603569,0,0,,0.0,18647.25263157895,12001.2,15656.8,11265,0,0
-0.04664704556812076,-0.05315820907538284,0,0,,-0.04999999750000012,20577.731578947372,15087.4,13962.8,11265,1,0
-0.06280457828176413,-0.04366876123636723,0,0,,0.05263157617728546,21733.020000000008,13730.9,19182.800000000003,11265,2,0
-0.0983885505850424,0.10233342799632114,0,0,,-0.23999999040000036,22725.410526315787,16829.0,16482.800000000003,11265,3,0
0.0953592794828357,-0.275095791897638,0,0,,1.083333243055563,20615.732,14716.8,36722.8,11265,4,0
0.1767376408584104,0.7437158558835374,0,0,,0.9999998333333611,28439.249999999996,20436.1,31833.0,11265,5,0
0.24644069544969413,-0.22583486939297442,0,0,,0.2727272479338866,21435.457142857143,3201.5,37643.799999999996,5428,0,1
3.7895683627262637,1.7470040057894436,0,0,,0.09999999000000101,27688.481818181815,7859.6,28443.8,5428,1,1
-0.9066760999302036,-0.7582438320559874,0,0,,-0.4117646816609011,10079.519999999999,2431.9,12243.800000000001,5428,2,1
1.0842059932157615,0.07956209839547808,0,0,,0.06249999609375024,41692.91764705883,7758.3,101534.8,5428,3,1
-0.750577100310677,-0.47141873846781096,0,0,,-0.3846153698224858,38620.212499999994,19245.2,52245.8,5428,4,1
0.175480594439588,0.28485327100589775,0,0,,0.0,73063.9076923077,34338.3,204753.8,5428,5,1
4.30887822907295,0.4244664631229952,0,0,,0.7333332844444478,56865.565384615395,20770.8,131743.8,5428,6,1
-0.5345827948049268,0.8616724525612943,0,0,,-0.21052630470914185,39920.60666666667,23025.8,41143.799999999996,5428,7,1
-0.49505190019061673,-0.6480736170029329,0,0,,0.4615384260355057,21443.41052631579,9239.8,47956.8,5428,8,1
-0.5361210321903799,0.07748061907689503,0,0,,-0.35294115570934376,37570.41818181818,28653.4,59690.0,10973,0,0
-0.386241933812953,-0.28267957366885543,0,0,,-0.10526315235457093,34868.76470588235,22235.6,63359.0,10973,1,0
5.0,1.117506650939719,0,0,,1.3749998281250215,48609.74736842106,10945.5,119666.0,10973,2,0
-0.7266302754268068,-0.34398409279284436,0,0,,-0.11111109876543349,22956.125,14136.5,12290.0,10973,3,0
-0.18575280551040912,0.1619204193316336,0,0,,-0.3076922840236705,34993.24444444445,20679.5,29690.0,10973,4,0
-0.4460303806148666,-0.2570492988834039,0,0,,-0.38095236281179223,30116.73076923077,17709.3,40815.0,10973,5,0
-0.47645476304769013,-0.4830942590724115,0,0,,0.04999999750000012,40536.64761904761,18845.7,109733.0,10973,6,0
-0.41892355816006344,-0.0346953587930207,0,0,,0.0,78421.73999999999,43424.4,176635.0,10973,7,0
0.6329384147156426,0.0908117643912286,0,0,,0.05263157617728546,81240.405,43511.8,227890.0,10973,8,0
0.23277318896459215,0.3080262920511502,0,0,,-0.04999999750000012,74477.01578947369,48121.1,159083.0,10973,9,0
-0.07668735467597677,-0.1867405114967986,0,0,,0.11111110493827195,56938.47000000001,31059.3,88590.0,10973,10,0
-0.42848252656870345,-0.03407827982466018,0,0,,-0.09999999500000024,70012.67222222223,42798.0,169290.0,10973,11,0
1.478644662134226,0.388366235322659,0,0,,0.11111110493827195,72482.76,24673.1,166890.0,10973,12,0
-0.13784693743416687,0.003400904024738084,0,0,,0.0,52207.23333333333,29164.8,119590.0,10973,13,0
-0.5530312719747517,-0.39388847399847293,0,0,,-0.37931033174791956,52030.28333333333,26516.4,107690.0,10973,14,0
-0.178104319248655,0.5304643931282772,0,0,,-0.07142856632653098,71154.98461538462,49997.2,65043.799999999996,4894,0,0
0.14626420145059277,0.08802077840062847,0,0,,-0.17647057785467188,46492.41428571428,21448.1,54792.799999999996,4894,1,0
-0.08604984873644114,-0.1702609264802688,0,0,,-0.10526315235457093,42731.18235294118,24196.0,73943.8,4894,2,0
0.1696551661465315,0.2344900926501924,0,0,,0.5833332847222263,51499.54210526316,25875.0,109243.79999999999,4894,3,0
-0.14438426813747807,-0.05739473323352229,0,0,,-0.14285713265306196,41717.258333333324,20269.6,56929.2,4894,4,0
0.16596314497796588,-0.03499002626274343,0,0,,0.16666665277777895,44257.40000000001,23174.9,102043.8,4894,5,0
-0.1427763998424548,0.11101647012154293,0,0,,-0.36842103324099823,45862.11666666667,36175.5,50143.799999999996,4894,6,0
0.16625025199883273,-0.23697159927093736,0,0,,1.1111109876543348,41279.42105263159,19584.4,121041.8,4894,7,0
1.9333258028400797,1.4927724103099884,0,0,,1.249999687500078,54099.455555555556,40555.1,63100.0,4894,8,0
-0.14057686867525873,0.04831504201204161,0,0,,-0.05882352595155729,46843.1375,39137.1,42889.8,10364,0,0
0.08669474942629544,0.10950731931353955,0,0,,-0.055555552469135974,44684.217647058824,37164.5,44109.8,10364,1,0
-0.0802843566765465,-0.09831696060878894,0,0,,-0.21739129489603065,40273.927777777775,29018.0,31949.800000000003,10364,2,0
0.1699370409195234,0.06972378577301334,0,0,,0.5333332977777802,44665.28260869565,28880.6,57749.8,10364,3,0
-0.1773613938922797,0.11701066881485607,0,0,,-0.06249999609375024,41754.03333333333,31971.4,48195.2,10364,4,0
0.017761819726739906,0.11469090418067933,0,0,,0.06666666222222252,37380.15625,23943.1,38589.8,10364,5,0
0.025209508144869802,0.0938897927181171,0,0,,-0.34782607183364905,33534.09999999999,23078.5,34629.799999999996,10364,6,0
0.1661125926970437,0.06112231923527172,0,0,,0.4374999726562517,30655.830434782616,14507.3,63529.799999999996,10364,7,0
0.16480851063391475,-0.030016087119577668,0,0,,-0.11111110493827195,28890.00625,21525.6,33489.8,10364,8,0
-0.14206766256466857,-0.08009677897616162,0,0,,0.12499999218750048,29784.005555555555,19136.0,61749.799999999996,10364,9,0
-0.14308199772519048,-0.05621116031980949,0,0,,-0.333333319444445,32377.325000000004,24419.7,31029.8,10364,10,0
0.16510921168557985,-0.052838670158291225,0,0,,0.4117646816609011,34305.6875,20790.1,63009.799999999996,10364,11,0
-0.14177009282660835,-0.001084361684234892,0,0,,0.0,36219.47647058824,29854.8,33667.8,10364,12,0
0.06669725440167903,0.112134395240416,0,0,,0.8888887901234679,36258.79411764706,24950.4,60735.2,10364,13,0
2.0750657344914343,2.906174909960189,0,0,,3.499998250000875,32602.888888888894,19793.0,15100.0,10364,14,0
0.19931029042605403,0.19809089993195633,0,0,,-0.06666666222222252,79871.52857142859,56074.4,113943.80000000002,5270,0,0
-0.16546463009424128,-0.23619719322076907,0,0,,0.15384614201183525,66665.66666666667,36936.5,137116.80000000002,5270,1,0
-0.1475684461651765,0.406322757216868,0,0,,-0.4583333142361119,87281.25384615386,51610.3,106443.79999999999,5270,2,0
0.1714026796404144,-0.2652991409048529,0,0,,0.5999999600000027,62063.458333333336,26469.8,172233.8,5270,3,0
-0.14849475822333985,0.2794319119351511,0,0,,-0.06249999609375024,84474.45999999999,51367.5,126292.8,5270,4,0
0.17740922728662686,-0.008869455382916681,0,0,,-0.15789472853185638,66024.975,23796.3,145192.8,5270,5,0
-0.15247276711600388,0.051749595465917106,0,0,,-0.20833332465277812,66615.82105263155,37845.5,107794.79999999999,5270,6,0
0.17809126618148946,-0.24481024341492408,0,0,,0.4999999687500019,63338.1,28226.0,180670.8,5270,7,0
-0.14152965406409987,0.31914098724950085,0,0,,-0.23809522675737013,83870.44375,51088.6,111743.79999999999,5270,8,0
0.16661261517287143,-0.1487828589486797,0,0,,0.9090908264462886,63579.590476190475,31251.7,165092.80000000002,5270,9,0
0.49385122145453786,0.7879676619857865,0,0,,1.199999760000048,74692.56363636363,37185.0,128100.0,5270,10,0
-0.5446051186859554,-0.7752176581722787,1,4,,-0.3888888672839518,7550.436363636364,-3921.6,34367.7,6034,0,1
-0.019576541143420445,0.22850291888075808,3,3,,0.19999998666666757,33589.98888888889,-1321.7,120786.8,6034,1,1
-0.19272798685652845,-0.4186955634262491,0,0,,-0.28571427210884415,27342.213333333337,4107.7,74047.0,6034,2,1
0.23646256603157473,0.08244419818390733,0,0,,0.3124999804687512,47035.961904761905,15197.8,107990.0,6034,3,1
-0.4618050121938928,-0.10559201111353357,0,0,,-0.1999999900000005,43453.475,24649.3,92216.0,6034,4,1
0.9454721631967331,0.15864108070504393,0,0,,0.5384614970414233,48583.505000000005,8931.0,95283.0,6034,5,1
0.7189215651200724,2.2461192951147115,0,0,,-0.34999998250000086,41931.45384615385,16818.7,62990.0,6034,6,1
1.619931693573801,0.23424750701350955,0,0,,0.8181817438016598,12917.41,2666.9,46590.0,6034,7,1
-0.6702745618972192,-0.43362822402338236,0,0,,-0.21428569897959293,10465.818181818182,2276.6,32018.0,6034,8,1
0.36885565870778964,0.19675126282350044,0,0,,0.16666665277777895,18478.707142857143,1033.1,42072.0,6034,9,1
1.6525194880628025,-0.2984081582300552,0,0,,-0.07692307100591762,15440.724999999999,8643.8,31985.0,6034,10,1
-0.8204658856049452,-0.4291385635992855,0,0,,0.08333332638888948,22008.130769230767,1666.6,32890.0,6034,11,1
-0.25328045795679516,-0.2710394727519175,0,0,,-0.19999998666666757,38552.49166666666,17964.7,46790.0,6034,12,1
3.996776240182045,2.6513722229527423,0,0,,0.3636363305785154,52886.939999999995,13336.2,97577.0,6034,13,1
-0.7936883888927346,-0.7528820565850364,0,0,,-0.5769230547337286,14484.127272727272,10982.0,4290.0,6034,14,1
0.21995551800311164,0.18676599502626298,0,0,,0.18181817355371938,101757.84230769232,52494.6,336219.0,6701,0,0
0.8749777737269776,0.33816197015970373,0,0,,0.2222222098765439,85743.81363636364,31313.9,234590.0,6701,1,0
-0.6428175826478821,-0.29875957197308434,0,0,,-0.47058822145328766,64075.811111111114,34430.4,173971.0,6701,2,0
5.0,1.7731684503375966,0,0,,1.8333331805555684,91374.95294117648,46708.3,317139.0,6701,3,0
-0.6281644957607089,-0.4239461272847814,0,0,,0.09090908264462885,32949.65833333335,17126.9,19702.0,6701,4,0
2.3413317825339535,0.5104599719373338,0,0,,-0.21428569897959293,57198.91818181818,17375.1,57506.0,6701,5,0
-0.826890676156241,-0.33585260332375194,0,0,,-0.3333333174603182,37868.54285714286,4840.1,79859.0,6701,6,0
0.06821456128514293,-0.1768240315170371,0,0,,0.23529410380622917,57018.28095238095,18705.5,138484.0,6701,7,0
0.043636826619949845,0.17634055452237654,0,0,,0.0,69266.21176470589,24717.5,191210.0,6701,8,0
0.44392735032595004,1.6413921829531768,0,0,,0.3076922840236705,58882.788235294116,7104.7,139997.0,6701,9,0
1.264483275831604,0.27952037123303397,0,0,,-0.23529410380622917,22292.330769230768,1455.2,23571.0,6701,10,0
-0.1374978715187805,-0.6208359043419068,0,0,,0.0,17422.41176470588,1528.0,64759.0,6701,11,0
-0.3924401933200893,0.3959620711054382,0,0,,-0.14999999250000037,45949.529411764706,27562.0,95190.0,6701,12,0
-0.2239282435427225,-0.35956869570202465,0,0,,0.99999990000001,32916.030000000006,4092.6,101088.0,6701,13,0
0.06755466980035418,-0.039425742223555965,0,0,,-0.11111110493827195,32349.35,16241.1,47169.0,2705,0,0
0.03665701456149652,0.1103323332639159,0,0,,0.12499999218750048,33677.09444444444,12072.7,62861.0,2705,1,0
-0.054319604481259415,-0.07189824603593302,0,0,,-0.1999999900000005,30330.64375,11955.7,47938.0,2705,2,0
0.2171550340318147,0.06620433002659395,0,0,,0.3333333111111126,32680.3,12551.9,68716.0,2705,3,0
-0.16217314220620088,-0.0012529386219874913,0,0,,-0.06249999609375024,30651.066666666662,13994.4,32469.0,2705,4,0
0.21202854037663899,0.15177441342550255,0,0,,0.0,30689.51875,17056.9,60646.0,2705,5,0
-0.14104635428676224,0.07044082862536452,0,0,,-0.11111110493827195,26645.425000000003,10235.8,45269.0,2705,6,0
0.2123888241597125,-0.02103633902944704,0,0,,0.0,24892.011111111115,10947.7,50069.0,2705,7,0
-0.0774937108955994,-0.12395196479794011,0,0,,0.12499999218750048,25426.899999999998,14716.7,48504.0,2705,8,0
0.13792975436430535,0.12233441443406955,0,0,,0.0,29024.550000000003,14521.0,45714.0,2705,9,0
-0.1784036763130697,0.11765698061281335,0,0,,-0.11111110493827195,25860.875,14172.5,36569.0,2705,10,0
0.24138047087962472,-0.4946628029709946,0,0,,0.4999999583333368,23138.472222222223,10060.7,61012.0,2705,11,0
0.2685498224129898,0.9634582649881835,0,0,,0.7142856122449125,45788.18333333333,34578.2,46400.0,2705,12,0
0.7742401040573934,-0.11605569173190708,0,0,,0.24999998437500096,49059.44499999999,21870.3,89596.0,7123,0,0
-0.5570328272877246,-0.15315115960400508,0,0,,-0.3043478128544429,55500.606250000004,31335.6,83962.0,7123,1,0
-0.33068187916463393,-0.18141477952987228,0,0,,-0.30303029384756686,65537.79565217391,39808.0,199382.0,7123,2,0
1.2499553239995402,0.17065568577065116,0,0,,0.49999997727272827,80062.27575757577,42404.0,249443.0,7123,3,0
-0.08732264814032299,0.10184937805572077,0,0,,0.46666663555555765,68390.96818181816,37588.5,122443.0,7123,4,0
4.167170298224615,2.0908673819805523,0,0,,1.99999960000008,62069.253333333334,25441.9,103067.0,7123,5,0
-0.06833180889119501,-0.15601920914951198,0,0,,0.12499999218750048,41441.77777777778,24113.8,67009.8,10320,0,0
0.1681131822255835,0.4276936009535597,0,0,,-0.05882352595155729,49102.75,23981.7,86847.79999999999,10320,1,0
-0.15570002697431132,-0.03157593421005833,0,0,,-0.055555552469135974,34393.05882352941,24993.5,57750.8,10320,2,0
0.18348900347884475,0.04141142248114784,0,0,,0.0,35514.46111111111,20685.8,82523.8,10320,3,0
-0.18558217126308793,-0.05830201353575222,0,0,,0.12499999218750048,34102.23888888889,22903.7,70285.8,10320,4,0
0.22752295451701657,-0.07918729384624373,0,0,,0.06666666222222252,36213.5625,20501.7,81485.79999999999,10320,5,0
-0.1679691358859256,0.09774034330967121,0,0,,-0.2499999875000006,39327.82666666666,29969.1,65285.799999999996,10320,6,0
0.20206264811378827,0.01844157920773939,0,0,,0.24999998437500096,35826.16499999999,22246.0,83185.8,10320,7,0
-0.1421022421037526,-0.012131064633750802,0,0,,-0.05882352595155729,35177.4375,24627.2,57849.799999999996,10320,8,0
0.05330978009351329,-0.031539919624375884,0,0,,0.06249999609375024,35609.41764705883,21921.0,78849.79999999999,10320,9,0
-0.15789949271075956,0.05271269800850701,0,0,,-0.3043478128544429,36769.1125,21690.8,76999.2,10320,10,0
0.31282750562132544,-0.16107850283413971,0,0,,0.5333332977777802,34927.965217391305,21618.4,98221.8,10320,11,0
-0.16596610270293272,0.2201560080625937,0,0,,-0.1666666574074079,41634.36666666666,32484.0,57585.799999999996,10320,12,0
0.1307182073190804,-0.18366774611346914,0,0,,0.0,34122.16666666667,20707.2,72201.8,10320,13,0
-0.11622314384219408,0.09921483871455493,0,0,,-0.14285713605442207,41799.36111111111,21046.5,81648.79999999999,10320,14,0
-0.07459002145464119,-0.07761503888565639,0,0,,0.08333332986111125,31484.42307692307,18697.8,65521.8,9034,0,0
0.7380327543436946,0.1340194583210219,0,0,,0.09090908677685969,34133.7125,21341.0,65421.8,9034,1,0
-0.33018013119721745,-0.03682311991981216,0,0,,-0.15384614792899431,30099.75909090909,19722.3,45427.799999999996,9034,2,0
-0.13957604060099152,-0.2452709913571912,0,0,,0.36842103324099823,31250.500000000004,20475.4,71242.8,9034,3,0
0.1274353110748339,0.3816734554605158,0,0,,0.8999999100000091,41406.25263157895,24134.8,84695.6,9034,4,0
0.2014513819947998,-0.12062907159043569,0,0,,0.045454543388429844,25624.11739130435,15600.8,21748.800000000003,9236,0,0
-0.2300894878201339,0.1856443824333424,0,0,,0.0,29139.14545454546,23032.3,20548.800000000003,9236,1,0
0.14496309734826637,-0.03824280417724139,0,0,,-0.11999999520000018,24576.63181818182,17727.3,16588.800000000003,9236,2,0
-0.018143895431368802,-0.13790348966230426,0,0,,1.083333243055563,25553.884000000005,15012.7,35218.2,9236,3,0
1.5473888282111117,1.9629706448790842,0,0,,2.9999990000003334,29641.55833333333,16535.8,21300.0,9236,4,0
0.09690379412395504,0.30252275165229076,0,0,,-0.19999998666666757,26632.49166666667,10103.9,30443.8,10266,0,1
-0.5128304390337621,-0.6120464291371334,0,0,,-0.11764705190311459,20446.853333333333,7016.1,29643.8,10266,1,1
-0.2414766690211935,0.5423121741983806,0,0,,-0.2272727169421492,52704.38235294117,26396.7,72743.79999999999,10266,2,1
0.23802041291935847,0.020735419753742147,0,0,,0.09999999500000024,34172.318181818184,3960.8,93543.80000000002,10266,3,1
1.230435826276794,0.5494200487379725,0,0,,0.24999998437500096,33478.135,6053.3,67844.8,10266,4,1
-0.7223479123089634,-0.5529924066414381,0,0,,-0.333333319444445,21606.88125,5860.3,36743.8,10266,5,1
5.0,2.8070285728077025,-5,0,,0.3333333148148158,48336.720833333326,17178.4,100944.4,10266,6,1
-0.8184698054912577,-0.7705402909052349,5,5,,0.4999999583333368,12696.705555555556,-2316.6,45462.4,10266,7,1
0.8570132623210174,0.09318254507625508,0,0,,0.33333329629630043,55333.05000000001,36309.2,88200.0,10266,8,1
0.6744543142794818,2.299317392398297,0,0,,3.499998250000875,50616.477777777785,26688.1,45000.0,10266,9,1
0.16434041077474051,0.012903615726408803,0,0,,0.0,33716.129411764705,19576.9,51077.8,2,0,0
-0.14161006550467065,0.07316059057587565,0,0,,-0.10526315235457093,33286.61176470588,14015.9,61893.8,2,1,0
0.15285537636597668,0.07800896011485565,0,0,,-0.04999999750000012,31017.36315789473,15767.1,54467.8,2,2,0
-0.1309413962262718,-0.10784600614298405,0,0,,0.24999998437500096,28772.825,13148.8,50941.8,2,3,0
0.16336312060880306,0.031510185347222476,0,0,,-0.11111110493827195,32250.962499999994,18464.3,53927.2,2,4,0
-0.14215828024652272,0.04327780271997992,0,0,,0.0,31265.772222222222,18454.0,54582.799999999996,2,5,0
0.16667649293545642,0.09057083210293149,0,0,,-0.05263157617728546,29968.788888888885,13027.4,62841.799999999996,2,6,0
-0.14245748858016566,-0.09358474581111767,0,0,,0.0,27479.910526315787,12772.7,47741.799999999996,2,7,0
0.16363600707676368,-0.06138211453280965,0,0,,-0.13636363016528952,30317.13157894737,16858.9,53871.799999999996,2,8,0
-0.14105538874677231,-0.2746191364717995,0,0,,1.4444442839506353,32299.759090909094,10508.0,95972.8,2,9,0
1.8439729335178754,1.4559889135522024,0,0,,1.249999687500078,44528.0,34285.5,51000.0,2,10,0
0.16438759390481214,0.012848145868312753,0,0,,0.0,34704.73529411765,20565.8,51077.8,7401,0,0
-0.14163272066572105,0.07124803899954657,0,0,,-0.10526315235457093,34264.5,14996.4,61893.8,7401,1,0
0.1528258072843475,0.07589121316005226,0,0,,-0.04999999750000012,31985.589473684213,16739.5,54467.8,7401,2,0
-0.13087413978907908,-0.1044818245659719,0,0,,0.24999998437500096,29729.389999999996,14106.1,50941.8,7401,3,0
0.16327265171364164,0.030931825301333586,0,0,,-0.11111110493827195,33197.975,19406.7,53927.2,7401,4,0
-0.14213834182729257,0.04233937713890821,0,0,,0.0,32201.911111111105,19385.1,54582.799999999996,7401,5,0
0.16664729065863726,0.08809510127101086,0,0,,-0.05263157617728546,30893.883333333335,13954.8,62841.799999999996,7401,6,0
-0.1425167608530659,-0.1411270331441578,0,0,,0.0,28392.63157894737,13685.0,47741.799999999996,7401,7,0
0.16411253019420632,0.0588859370176087,0,0,,-0.09523809070294806,33058.01052631578,21156.8,53571.799999999996,7401,8,0
-0.14118874060899422,-0.294697530936232,0,0,,1.099999890000011,31219.614285714288,11098.5,91972.8,7401,9,0
1.8439729335178754,1.4414359878688976,0,0,,1.4999996250000938,44264.15,34285.5,54400.0,7401,10,0
0.11262263002274202,0.08221764564760664,0,0,,-0.09999999500000024,55853.97777777778,28443.6,91139.79999999999,2486,0,0
-0.22378196997799144,-0.2638548946134116,0,0,,0.17647057785467188,51610.67,10863.6,190780.80000000002,2486,1,0
1.1156475310767069,0.5395255539962989,0,0,,-0.19047618140589612,70109.3705882353,31107.0,141227.8,2486,2,0
-0.6432012604418053,-0.36684947711837784,0,0,,-0.22222221399176983,45539.59523809523,3209.7,116702.80000000002,2486,3,0
0.9797195787286213,1.1352799051600355,0,0,,0.49999997222222375,71925.38518518518,34595.4,179214.80000000002,2486,4,0
-0.4999823247031603,-0.4257248005945251,0,0,,-0.24999998958333375,33684.288888888885,424.2,117112.8,2486,5,0
5.0,1.3121656934448707,0,0,,4.999998750000312,58655.30833333333,20951.2,247801.2,2486,6,0
-0.2913970333498366,-0.08867937782702749,0,0,,-0.23076921301775286,49196.409999999996,31726.0,40290.0,1071,0,0
0.22880859238191267,0.2592261774400145,0,0,,0.0,53983.64615384616,36835.3,39672.0,1071,1,0
-0.5564255884528777,-0.11350961235632193,0,0,,-0.18749998828125072,42870.49230769231,25451.3,44726.0,1071,2,0
-0.10060348730950257,-0.15179079866559445,0,0,,0.06666666222222252,48359.79375,26055.4,64755.0,1071,3,0
2.4480049140523663,0.36401914807932473,0,0,,0.07142856632653098,57013.99333333333,35982.5,86524.0,1071,4,0
-0.8208087249698691,-0.343567467789549,0,0,,-0.29999998500000075,41798.52857142857,24439.1,104694.0,1071,5,0
0.6298745773010446,0.03891123242728186,0,0,,0.0,63675.28499999999,22484.6,90314.0,1071,6,0
0.12828836047032233,0.5714716553817337,0,0,,0.24999998437500096,61290.4,43118.9,130974.0,1071,7,0
-0.2729504628089908,-0.39330722348387454,0,0,,0.14285713265306196,39001.9125,24732.7,53313.0,1071,8,0
4.59291109700544,1.626318782080239,0,0,,0.2727272479338866,64286.10000000002,23021.8,95690.0,1071,9,0
-0.22212255105553586,-0.2979938573310422,0,0,,-0.21428569897959293,24477.64545454545,18943.7,2390.0,1071,10,0
-0.6500883311748388,-0.30660893069725254,0,0,,0.0,34868.13571428572,20763.2,44705.0,1071,11,0
1.6237539493489996,0.059502742240282396,0,0,,0.16666665277777895,50286.39285714286,34947.4,57590.0,1071,12,0
-0.599897105471785,-0.12007730889938553,0,0,,-0.07692307100591762,47462.25833333333,32555.8,50590.0,1071,13,0
-0.133059634604414,0.5864576280054212,0,0,,-0.18749998828125072,53939.123076923075,29136.4,58090.0,1071,14,0
0.1599366241582674,0.030858449553247343,0,0,,0.13636363016528952,37146.108,33840.0,30332.8,8475,0,0
-0.07150863117579022,0.06993168092392661,0,0,,-0.04347825897920613,36034.149999999994,30794.6,16254.800000000001,8475,1,0
-0.15924984500436304,0.3566007937898322,0,0,,-0.041666664930555625,33678.92608695651,25880.8,16607.800000000003,8475,2,0
0.3421311011490018,-0.2313043352540781,0,0,,-0.07692307396449716,24825.966666666664,14819.5,30547.800000000003,8475,3,0
0.028550399670140624,0.08977626710943679,0,0,,0.18181817355371938,32296.223076923077,26699.5,24187.8,8475,4,0
-0.11866554531395869,0.12262553349216178,0,0,,0.0,29635.64545454546,24794.4,21127.8,8475,5,0
0.31632718913028257,-0.05832946945010531,0,0,,0.04761904535147403,26398.513636363637,20487.0,16367.800000000001,8475,6,0
-0.14191206852614427,0.12415370339700213,0,0,,0.7499999375000053,28033.704761904763,22363.5,26013.199999999997,8475,7,0
0.49599158803874654,2.0681112612284966,0,0,,2.9999990000003334,24937.608333333334,15740.5,8300.0,8475,8,0
0.9898750050647284,0.2291814348445664,0,0,,0.3333333055555579,30200.393750000003,20030.9,19488.800000000003,11111,0,0
-0.009743444667383977,0.17670568607744908,0,0,,0.0,24569.516666666666,19929.9,14251.800000000001,11111,1,0
2.8997492652912458,-0.237744179169706,0,0,,-0.07692307100591762,20879.916666666664,16341.2,14251.800000000001,11111,2,0
-0.921814788583225,-0.5264278300673465,0,0,,-0.31578945706371275,27392.269230769234,18725.9,31551.799999999996,11111,3,0
-0.4134585059159983,-0.21672897573641153,0,0,,0.11764705190311459,57841.8052631579,28249.0,81027.8,11111,4,0
-0.16315661561414718,-0.007259698055487215,0,0,,-0.3199999872000005,73846.47647058823,52493.2,152151.8,11111,5,0
-0.47664851450251716,-0.14624099568034918,0,0,,-0.13793102972651622,74386.49999999999,37985.2,207631.80000000002,11111,6,0
3.8995409325173775,1.9922884144491944,0,0,,0.9333332711111153,87128.2172413793,33690.4,277651.8,11111,7,0
-0.353664515443822,-0.24413162682886774,0,0,,-0.1666666574074079,29117.58666666667,19034.0,50451.8,11111,8,0
5.0,0.45990542282071467,0,0,,0.636363578512402,38522.03333333334,17456.7,100751.8,11111,9,0
-0.7994244348867491,0.15248655129327868,0,0,,-0.2666666488888901,26386.66363636364,17222.0,16237.2,11111,10,0
5.0,-0.39829875579938256,0,0,,0.07142856632653098,22895.419999999995,14399.6,14266.400000000001,11111,11,0
-0.9676755979353127,-0.3014838875444625,0,0,,-0.39130433081285515,38051.142857142855,21421.3,64337.2,11111,12,0
-0.44112130640118413,-0.19646963044227433,0,0,,0.27777776234567986,54474.252173913024,27496.7,125451.8,11111,13,0
0.22080813669351648,-0.018909293721145824,0,0,,0.10526315235457093,27374.361904761903,20555.5,15281.800000000001,1603,0,0
-0.2543470145525683,0.1664220015472822,0,0,,0.0,27901.968421052632,24768.8,12001.800000000001,1603,1,0
0.33402353680136465,-0.01994360725450869,0,0,,0.0,23920.989473684214,17428.6,15374.800000000001,1603,2,0
-0.13912768789517105,0.014398489229474962,0,0,,-0.17391303591682453,24407.76842105263,21132.4,11761.800000000001,1603,3,0
0.4671825536211878,-0.21592121967585237,0,0,,0.27777776234567986,24061.32173913043,16007.1,33721.8,1603,4,0
-0.11395027370674063,0.19335269385581524,0,0,,1.2499998437500197,30687.37777777778,22867.6,32182.2,1603,5,0
2.204476559487196,4.46493730645735,0,0,,2.99999850000075,25715.2625,8535.0,4900.0,1603,6,0
0.1651601848899199,-0.07275527801953995,0,0,,0.2666666488888901,35558.78421052631,20825.1,79140.79999999999,1166,0,0
-0.14245776065881707,-0.14550472671428813,0,0,,-0.06249999609375024,38348.86666666667,31063.0,43534.799999999996,1166,1,0
0.07890901929764141,0.15387442336695994,0,0,,0.06666666222222252,44878.96875,35044.4,60460.799999999996,1166,2,0
-0.0965189826483408,0.18646896667565477,0,0,,-0.37499998437500065,38894.153333333335,27809.2,30734.8,1166,3,0
0.1975801869336204,-0.0821143377530842,0,0,,0.4117646816609011,32781.433333333334,22279.1,68664.8,1166,4,0
-0.14245515728990993,-0.0017286825472362585,0,0,,-0.10526315235457093,35714.07058823529,24317.4,39267.8,1166,5,0
0.15310804000861894,-0.03622550704457144,0,0,,0.11764705190311459,35775.91578947368,26008.6,60559.8,1166,6,0
-0.13419578452704478,-0.11668143239149639,0,0,,-0.2608695538752368,37120.62941176471,25405.3,46877.8,1166,7,0
0.16966306718973145,0.01073809687516386,0,0,,0.7692307100591762,42024.05652173912,29449.2,67334.8,1166,8,0
-0.1425384899183314,0.13848497654778405,0,0,,-0.18749998828125072,41577.59230769231,28961.0,39067.2,1166,9,0
0.16619370714620163,0.1758253411782905,0,0,,0.0,36520.10625,28304.2,51634.8,1166,10,0
-0.14241276463159544,-0.12461134626623407,0,0,,-0.11111110493827195,31059.125,20887.7,41334.8,1166,11,0
0.1639863050382754,-0.10094836928034542,0,0,,0.19999998666666757,35480.38333333333,22146.2,66434.8,1166,12,0
-0.1424276970965836,-0.12449153920033418,0,0,,-0.06249999609375024,39464.23333333333,32274.4,52534.799999999996,1166,13,0
0.16743548828167587,0.27189064498504634,0,0,,0.06666666222222252,45075.787500000006,35888.7,53234.8,1166,14,0
1.9281931023920302,1.8893836088699978,0,0,,0.49999996428571686,35404.195238095235,2354.3,46219.0,8073,0,1
0.9794573599980385,0.7515915067732064,-4,0,,0.16666665277777895,12253.199999999999,424.6,13981.3,8073,1,1
-0.5383680213992964,-0.18976798832885697,3,4,,-0.3333333148148158,6995.466666666667,-3012.2,13274.0,8073,2,1
-0.5090297388196131,-0.8019944632196783,1,1,,-0.35714284438775556,8633.905555555555,-3067.6,42090.1,8073,3,1
-0.5724539469420962,-0.13721062560396124,0,0,,0.3333333174603182,43604.36428571429,13173.0,133374.0,8073,4,1
0.7372658359693595,-0.03651648425990567,0,0,,0.5999999600000027,57299.98333333334,34070.0,84494.79999999999,10940,0,0
-0.4241155048302073,0.022573665139552376,0,0,,-0.1666666574074079,59471.68,49624.5,57954.799999999996,10940,1,0
0.16678846300994637,0.13922497645721993,0,0,,0.05882352595155729,58158.822222222225,42727.1,56114.8,10940,2,0
-0.14195130199359865,0.06917687171104316,0,0,,-0.2916666545138894,51051.217647058824,38266.7,48834.8,10940,3,0
0.166324052856573,0.04919140464597343,0,0,,0.4999999687500019,47748.15,30507.7,73454.79999999999,10940,4,0
-0.1495963858140521,0.05150189057527128,0,0,,0.0,45509.475,31063.1,50034.8,10940,5,0
0.17515417947263978,-0.12367269920330208,0,0,,0.06666666222222252,43280.45,24293.0,79354.8,10940,6,0
-0.14191626119500134,0.04366645018228969,0,0,,-0.44444442798353967,49388.453333333324,34773.0,47794.8,10940,7,0
0.16807964244623042,0.26387361993112135,0,0,,0.6874999570312527,47322.066666666666,29958.3,68934.8,10940,8,0
-0.14187536345683024,-0.028541331636180934,0,0,,0.0,37442.0875,19965.5,36514.8,10940,9,0
0.16465286413085234,-0.020408665751803057,0,0,,0.0,38542.131250000006,22522.1,72354.79999999999,10940,10,0
-0.14228882750310992,-0.28261782209113945,0,0,,0.599999940000006,39345.1125,25508.1,66894.79999999999,10940,11,0
0.6688476203988741,0.9668082974725745,0,0,,0.6666665555555741,54845.4,38197.6,79800.0,10940,12,0
-0.4109111347811822,-0.03663783766630444,0,0,,-0.1999999900000005,32688.50625,22455.1,26477.199999999997,5313,0,0
-0.020783932412184136,0.2554768823104062,0,0,,0.11111110493827195,33931.69,24983.8,27391.8,5313,1,0
0.16844231984886124,-0.21566756901898385,0,0,,-0.18181817355371938,27026.93333333333,20830.0,23791.8,5313,2,0
-0.8391411112190832,-0.6036394989318679,0,0,,-0.29032257127991706,34458.51818181818,22335.8,56491.799999999996,5313,3,0
0.042355648527855186,0.15079911813296418,0,0,,0.0,86937.31612903222,58719.4,233833.80000000002,5313,4,0
0.23524201496979122,0.2574569810568707,0,0,,0.06896551486325811,75545.17096774193,43645.1,203568.80000000002,5313,5,0
-0.11369599285341453,-0.12269827953133518,0,0,,-0.1470588192041524,60077.737931034484,27424.6,160736.80000000002,5313,6,0
1.5519332009274758,0.6156450593915067,0,0,,0.41666664930555625,68480.13235294119,30019.2,154448.8,5313,7,0
0.9154668820769141,0.6815509861965883,0,0,,0.4117646816609011,42385.629166666666,22719.2,59044.8,5313,8,0
0.10258714618336733,0.0012781450336011016,0,0,,-0.055555552469135974,25206.270588235293,20670.1,18000.800000000003,5313,9,0
-0.5416344653545349,-0.4377135595298371,0,0,,-0.21739129489603065,25174.094444444443,21214.1,28024.800000000003,5313,10,0
0.9685914471863013,1.2945655499008182,0,0,,0.14999999250000037,44770.943478260866,28801.2,59454.799999999996,5313,11,0
0.8217270801562819,-0.3139240218080519,0,0,,0.05263157617728546,19511.730000000003,8261.7,27954.800000000003,5313,12,0
-0.8196468135108123,-0.3282337645417486,0,0,,-0.13636363016528952,28439.605263157893,9279.0,39375.8,5313,13,0
0.8231041913715982,0.05742386467422674,0,0,,-0.08333332986111125,42335.56818181818,5974.8,83691.8,5313,14,0
0.18730602573828029,0.05086101136653943,0,0,,0.5999999600000027,35228.19583333333,26327.5,45835.8,11135,0,0
-0.14210583178795363,-0.02313197989888589,0,0,,0.0,33523.17333333333,26633.0,29435.8,11135,1,0
0.1667955763294761,0.13685180186909507,0,0,,0.0,34316.99333333333,26470.8,36335.799999999996,11135,2,0
-0.16832429147124361,0.02202129691548736,0,0,,-0.37499998437500065,30185.986666666668,24000.5,25435.8,11135,3,0
0.20011729204226536,-0.19007168143741116,0,0,,0.4999999687500019,29535.575,16723.3,51455.8,11135,4,0
-0.1421177615616998,-0.05401293203415068,0,0,,-0.05882352595155729,36466.9,28587.0,30755.8,11135,5,0
0.16636507963249722,0.03448069016789778,0,0,,0.13333332444444504,38549.047058823526,26610.6,41355.8,11135,6,0
-0.21038726461154944,0.070181655962113,0,0,,-0.37499998437500065,37264.15333333334,28496.5,22335.800000000003,11135,7,0
0.2646140077930448,-0.13226429566606646,0,0,,0.5999999600000027,34820.4,20897.7,54795.8,11135,8,0
-0.14079935263565954,0.04277300930109755,0,0,,-0.06249999609375024,40127.88666666667,31827.7,27435.8,11135,9,0
0.16951685597384594,0.03661178293960979,0,0,,0.23076921301775286,38481.899999999994,25339.1,29955.8,11135,10,0
-0.14499458121320366,-0.1006701050894186,0,0,,0.44444439506173394,37122.769230769234,24893.2,47357.2,11135,11,0
1.478877841293202,1.7303097063916784,0,0,,1.249999687500078,41278.25555555556,30008.4,31000.0,11135,12,0
0.2829195462687253,-0.07826723006110191,0,0,,0.47058820761245834,38714.224,25852.3,46279.799999999996,2694,0,0
-0.14281896783248507,-0.12483794230818997,0,0,,0.06249999609375024,42001.57058823529,34353.5,34699.799999999996,2694,1,0
0.1668250736279299,0.18739967270088087,0,0,,0.0,47992.90625,38932.5,34459.8,2694,2,0
-0.1461596075143716,0.005157912814391008,0,0,,-0.3846153698224858,40418.49375,31115.3,28819.8,2694,3,0
0.1707018950364212,-0.010318348195932787,0,0,,0.36842103324099823,40211.088461538464,26515.8,62039.799999999996,2694,4,0
0.486267538803446,-0.15431310171828053,0,0,,0.3571428316326549,40630.32631578947,31584.2,54879.799999999996,2694,5,0
-0.46866539150884945,0.2033836949914641,0,0,,0.5555554938271674,48044.17142857143,32935.9,65793.2,2694,6,0
2.6884331417725766,3.2058713015672864,0,0,,3.499998250000875,39924.23333333334,18339.1,21400.0,2694,7,0
0.27402043681954225,-0.11405293652786604,0,0,,0.8333332638888947,48094.795454545456,25118.6,120109.20000000001,7753,0,0
2.3133654718408265,0.7888500938189579,0,0,,0.0,54286.30833333334,41967.9,34943.799999999996,7753,1,0
0.13828315120705983,-0.028674264026022623,0,0,,0.09090908264462885,30347.041666666668,24040.9,20149.8,7753,2,0
-0.017967969009394295,0.18843208990468166,0,0,,-0.08333332638888948,31242.909090909092,24361.2,5143.8,7753,3,0
-0.06356380514655903,-0.11428016321983415,0,0,,0.0,26289.183333333334,21229.7,10243.800000000001,7753,4,0
1.157708694844279,0.17300777100028442,0,0,,0.33333329629630043,29681.149999999994,19828.6,15943.800000000001,7753,5,0
5.0,-0.1621674420809716,0,0,,0.0,25303.455555555556,22973.7,43.8,7753,6,0
-0.997076276593198,-0.3384247366306627,0,0,,-0.6538461286982258,30201.088888888888,25608.8,6543.8,7753,7,0
1.5930984214573065,-0.15327045428939165,0,0,,0.36842103324099823,45650.269230769234,20808.9,127791.79999999999,7753,8,0
-0.806496191153087,-0.16264086835259065,0,0,,-0.32142855994898,53913.63684210526,25112.0,125437.79999999999,7753,9,0
0.3715979054320097,-0.129056753237805,0,0,,0.1666666597222225,64385.32142857142,20831.6,229686.8,7753,10,0
3.319900982506924,1.4507166794811461,0,0,,3.799999240000152,73925.96666666667,26731.9,194947.2,7753,11,0
1.8870716192176353,0.2426937023628899,0,0,,0.49999997222222375,45587.65925925925,1117.8,93050.6,7445,0,0
-0.4438716670122807,-0.25660902211804193,0,0,,-0.14285713605442207,36684.55,13146.4,65308.8,7445,1,0
0.04768482019585702,0.2576756129150122,0,0,,0.39999997333333515,49347.58571428573,16339.9,111785.8,7445,2,0
0.23321843699404576,1.3762158379305498,0,0,,-0.2499999875000006,39237.13333333333,23344.1,22943.800000000003,7445,3,0
1.7109269260834559,0.6933583213834712,0,0,,0.24999998437500096,16512.445,2187.7,42596.799999999996,7445,4,0
-0.3386329750877493,-0.5420008647384531,0,0,,-0.05882352595155729,9751.3,134.3,19670.8,7445,5,0
0.01546661563615552,0.020646823328352427,0,0,,0.06249999609375024,21291.08823529412,10641.1,30600.8,7445,6,0
-0.5258791381733849,0.052257589562055846,0,0,,-0.3846153698224858,20860.3875,11974.4,20066.800000000003,7445,7,0
-0.3799163055263509,-0.5866446472605414,0,0,,-0.10344827229488716,19824.411538461536,2235.7,99316.79999999999,7445,8,0
0.2057087222887787,-0.211478571551976,0,0,,0.15999999360000025,47959.731034482764,21297.4,131561.8,7445,9,0
-0.2648677743748423,-0.048761961887343365,0,0,,0.47058820761245834,60822.356,44303.1,112420.8,7445,10,0
0.21379627386890288,-0.15480093644370138,0,0,,0.49999996428571686,32359.7380952381,13809.3,80480.8,7485,0,0
-0.13983539238209755,0.35121770862992036,0,0,,-0.2222222098765439,38286.52857142857,26177.8,32501.799999999996,7485,1,0
0.12277713896587296,-0.1051573892157649,0,0,,0.12499999218750048,28334.833333333332,14734.0,72630.79999999999,7485,2,0
-0.12310205284563908,0.17956853946797516,0,0,,-0.11111110493827195,31664.6,16273.7,60664.8,7485,3,0
0.1841161902214399,0.021429912246805627,0,0,,0.0,26844.222222222223,12345.6,59380.8,7485,4,0
0.4933209691708416,-0.18499545824006733,0,0,,0.19999998666666757,26281.022222222222,11123.6,63303.8,7485,5,0
-0.4255049449557217,0.1362631574062927,0,0,,-0.11764705190311459,32246.473333333328,17063.8,70131.79999999999,7485,6,0
0.15306975332132,0.0071159490166441955,0,0,,-0.2272727169421492,28379.405882352938,15928.9,52719.799999999996,7485,7,0
-0.13351299940374228,-0.41530126529162176,0,0,,1.4444442839506353,28178.886363636375,8884.6,113533.8,7485,8,0
0.7210044192577121,1.0347494893276363,0,0,,0.799999840000032,48193.85555555555,33814.0,50100.0,7485,9,0
-0.14105658173681268,-0.15965900674569697,0,0,,0.1999999900000005,39108.09166666667,30468.7,73287.79999999999,8330,0,0
0.1593781636798497,-0.07950695578195292,0,0,,0.05263157617728546,46538.36,37499.3,68387.79999999999,8330,1,0
-0.13984061031078143,0.021150472872584987,0,0,,-0.04999999750000012,50558.07894736841,37359.1,75227.79999999999,8330,2,0
0.16355626005014023,0.08642998284776644,0,0,,-0.23076922189349144,49510.899999999994,37952.8,66327.79999999999,8330,3,0
-0.14151635626045259,-0.14193594290577352,0,0,,0.29999998500000075,45572.103846153856,33116.1,73147.79999999999,8330,4,0
0.16344152447279212,0.09449523092085696,0,0,,0.11111110493827195,53110.375000000015,40975.8,63487.799999999996,8330,5,0
-0.13878636785741205,0.03493306193826085,0,0,,-0.09999999500000024,48524.99444444444,40798.0,65767.79999999999,8330,6,0
0.15910826979116566,0.017183522668285874,0,0,,-0.3103448168846615,46887.08500000001,36527.1,67107.79999999999,8330,7,0
-0.13611186961391072,-0.12936043855977666,0,0,,0.4499999775000011,46095.010344827606,32748.6,74127.8,8330,8,0
0.1601746122678912,0.06605661073073693,0,0,,0.05263157617728546,52943.85,38977.1,72453.2,8330,9,0
-0.13700497205546963,0.4116183629311031,0,0,,0.5833332847222263,49663.26315789474,41272.5,63925.2,8330,10,0
0.22204189187835097,0.10652843584637949,0,0,,0.2857142653061239,47831.88888888888,30030.0,25490.0,6555,0,0
1.0459198871967101,0.17599555016950733,0,0,,0.39999996000000404,43226.98571428571,31214.6,35998.0,6555,1,0
-0.05816054198117575,0.0676087517817275,0,0,,0.0,36757.78,32078.9,6593.0,6555,2,0
0.2850208410152738,-0.10669828204594604,0,0,,-0.3333333111111126,34430.009999999995,30038.1,9690.0,6555,3,0
-0.7701635885107042,-0.4695304352189644,0,0,,-0.06249999609375024,38542.420000000006,29613.6,32490.0,6555,4,0
-0.27555315103532163,0.31077386557270376,0,0,,-0.15789472853185638,72657.17499999999,57951.3,85049.0,6555,5,0
0.5767343018746467,-0.11784656707491083,0,0,,0.3571428316326549,55430.747368421034,33210.6,99348.0,6555,6,0
0.23624921513447916,0.6717836384789777,0,0,,-0.26315788088642733,62835.721428571436,39329.7,62590.0,6555,7,0
2.2097102941848297,0.06998341184532834,0,0,,0.7272726611570308,37586.03684210527,25388.0,50290.0,6555,8,0
-0.7202324508480454,-0.28655456995656364,0,0,,-0.35294115570934376,35127.681818181816,28850.5,13470.0,6555,9,0
-0.09452605856846384,-0.11527264769318361,0,0,,0.3076922840236705,49236.67647058824,34609.1,67028.0,6555,10,0
-0.24497936027146147,-0.05231162563510787,0,0,,-0.31578945706371275,55651.8076923077,29133.9,79588.0,6555,11,0
0.39233700398137733,0.14847817720267817,0,0,,0.18749998828125072,58723.74210526316,27728.0,97290.0,6555,12,0
-0.34842015914167834,-0.04594728357220943,0,0,,-0.15789472853185638,51131.7875,22246.4,83971.0,6555,13,0
1.4778754787660549,0.3422757317472528,0,0,,0.7272726611570308,53594.30000000001,21189.4,102690.0,6555,14,0
4.402553720838661,0.33983037428468954,0,0,,0.22222219753086697,46003.25454545455,20482.6,81529.2,10079,0,0
-0.935510826205965,-0.44911768855831374,0,0,,-0.6249999739583344,34335.13333333333,23702.0,57143.799999999996,10079,1,0
0.7492019268860975,0.24600784854133287,0,0,,0.26315788088642733,62327.52916666667,22585.9,188626.8,10079,2,0
0.8823568715477034,0.3415843904088129,0,0,,0.3571428316326549,50021.77894736842,27897.7,87817.8,10079,3,0
-0.5063020189587902,-0.2764526912727733,0,0,,-0.26315788088642733,37285.6,22018.0,84586.8,10079,4,0
0.01113521694875104,-0.24005088154547946,0,0,,0.055555552469135974,51531.66842105264,22441.9,117930.8,10079,5,0
-0.2486076487964037,-0.08918028258031493,0,0,,0.12499999218750048,67809.36666666667,34209.8,186180.80000000002,10079,6,0
2.2595516020285094,0.6026852661911742,0,0,,0.23076921301775286,74448.725,16874.5,92568.79999999999,10079,7,0
-0.8051941392353354,-0.47433495345157617,0,0,,-0.4583333142361119,46452.49230769231,27011.6,94547.80000000002,10079,8,0
1.8450732425668752,0.6914646415137358,0,0,,0.8461537810650938,88368.99583333333,40942.4,292924.8,10079,9,0
1.5352888357914791,1.743477127320362,0,0,,0.6249999218750099,52244.06923076923,15720.7,47972.799999999996,10079,10,0
5.0,-0.4474481160974074,0,0,,-0.2727272479338866,19043.0125,11434.8,3343.7999999999997,10079,11,0
-0.9945340844527174,-0.37100454350398676,0,0,,-0.15384614201183525,34463.75454545455,22921.9,55643.799999999996,10079,12,0
5.0,1.4589448186863887,0,0,,0.44444439506173394,54791.738461538465,20507.7,44143.799999999996,10079,13,0
0.5904104698178679,-0.14916588654571114,0,0,,-0.09999999000000101,22282.622222222224,20927.1,43.8,10079,14,0
-0.0031328178302795482,-0.16922076634018857,0,0,,-0.17647057785467188,38542.50714285715,24904.9,46753.0,5385,0,0
-0.35996622973529685,0.13377014405526347,0,0,,-0.10526315235457093,46393.200000000004,34747.9,54773.0,5385,1,0
0.48727043116566343,0.09984080400977507,0,0,,0.18749998828125072,40919.405263157896,22038.2,72230.0,5385,2,0
0.05230984193420926,0.10228237123282917,0,0,,-0.15789472853185638,37204.84375,22813.5,31452.0,5385,3,0
0.16515845611372357,-0.0037287941164910843,0,0,,0.2666666488888901,33752.552631578954,27460.5,51363.0,5385,4,0
-0.14177533349643417,0.009929997311541691,0,0,,-0.11764705190311459,33878.87999999999,27474.7,31952.0,5385,5,0
0.006136949670401274,0.1039166409268267,0,0,,0.06249999609375024,33545.77058823529,26503.4,45638.0,5385,6,0
0.1298746142363581,-0.010735975818184801,0,0,,-0.05882352595155729,30387.956250000003,18569.2,38852.0,5385,7,0
-0.008649738025928957,-0.1681725373675936,0,0,,0.13333332444444504,30717.741176470587,17145.7,67273.0,5385,8,0
-0.11355946989308457,-0.0033269424172284105,0,0,,-0.06249999609375024,36928.020000000004,29216.1,28652.0,5385,9,0
0.008162164952436738,0.05924754583847417,0,0,,0.0,37051.287500000006,26878.5,46731.0,5385,10,0
-0.009050776809225962,-0.07352870449687035,0,0,,-0.15789472853185638,34978.875,23557.5,32852.0,5385,11,0
0.16671050856980227,0.007406622354655943,0,0,,0.2666666488888901,37754.94736842105,23764.9,57652.0,5385,12,0
-0.21443691381899,0.21924799081424778,0,0,,-0.06249999609375024,37477.366666666676,30283.3,30252.0,5385,13,0
0.09516157251564834,0.14751721754992858,0,0,,0.06666666222222252,30738.1,21279.3,39052.0,5385,14,0
-0.14234948648385579,-0.06457324463194168,0,0,,0.24999998437500096,52406.255,25766.0,90367.8,5891,0,0
0.165212295528162,-0.005082790413443258,0,0,,0.0,56023.90000000001,39826.9,87965.79999999999,5891,1,0
-0.1418089840816425,0.02071761688705649,0,0,,0.06666666222222252,56310.1125,43615.7,91987.79999999999,5891,2,0
0.16746494251124186,0.38036335328306353,0,0,,-0.1666666574074079,55167.18,30562.5,85829.8,5891,3,0
-0.14326476205960295,-0.14873677996508197,0,0,,-0.24999998958333375,39965.694444444445,25145.6,76405.79999999999,5891,4,0
0.16624388577324936,-0.007353292039217659,0,0,,0.4117646816609011,46948.69166666666,21632.9,133940.8,5891,5,0
-0.1425187569405259,-0.23525267370263017,0,0,,0.13333332444444504,47296.47647058823,30344.2,96020.79999999999,5891,6,0
0.1605695992472198,0.5903918684316761,0,0,,0.8749998906250137,61845.886666666665,36030.1,125814.6,5891,7,0
1.0408781896653025,0.4738783184748523,0,0,,0.4210526094182837,41802.63333333334,1471.4,99049.9,10131,0,1
-0.2578772837787865,0.8528052452201451,0,0,,-0.09523809070294806,28362.336842105266,654.4,73890.79999999999,10131,1,1
2.145657422527724,-0.4575329854951758,-1,0,,0.23529410380622917,15307.780952380954,2977.1,76701.79999999999,10131,2,1
-0.6775023391299754,-0.27300199099168787,1,1,,-0.055555552469135974,28218.823529411766,-218.4,53319.799999999996,10131,3,1
-0.06486780042777682,0.40388974634425584,0,0,,-0.3333333209876548,38815.54444444445,20905.6,50758.8,10131,4,1
2.9169210768778666,0.6027484903954038,0,0,,1.0769229940828466,27648.570370370366,648.6,78933.0,10131,5,1
-0.37521689156835764,1.234096931318004,-1,0,,-0.07142856632653098,17250.723076923077,6586.3,12343.800000000001,10131,6,1
0.12210917606692967,-0.19836442518954922,-4,1,,-0.12499999218750048,7721.564285714286,-863.7,38286.799999999996,10131,7,1
0.275661621703318,-0.5526966105082459,4,5,,-0.1999999900000005,9632.2625,-252.9,1551.2999999999997,10131,8,1
-0.6305558556283777,-0.5566335914630186,1,1,,1.2222220864197684,21534.07,-257.3,80288.79999999999,10131,9,1
2.505212348932885,0.34175939650068593,0,0,,0.285714244897965,48569.46666666667,25605.7,43300.0,10131,10,1
1.1501329173018124,0.12214348073442405,0,0,,-0.12499998437500197,36198.34285714285,28162.8,22500.0,10131,11,1
-0.7999886204290487,-0.028681392681022516,0,0,,0.1428571224489825,32258.2125,28768.6,10900.0,10131,12,1
-0.02866656919781477,0.34538415694233243,0,0,,-0.15789472853185638,60370.0,46713.0,29272.199999999997,8321,0,0
0.10844536249780024,-0.12839051634133683,0,0,,-0.09523809070294806,44871.94210526315,25620.9,21766.8,8321,1,0
-0.20867969092030456,0.14717604740428983,0,0,,-0.12499999479166687,51481.70476190475,33825.5,57606.799999999996,8321,2,0
0.3692904842180628,-0.20045865412040392,0,0,,0.04347825897920613,44876.9,25808.6,47606.8,8321,3,0
0.07547212356740872,0.06331576936244795,0,0,,0.27777776234567986,56128.304347826095,48571.3,36286.799999999996,8321,4,0
-0.22778393272922842,0.1290480709144308,0,0,,-0.05263157617728546,52786.11111111112,45101.6,26566.8,8321,5,0
-0.11713081109109552,0.4442666183681367,0,0,,-0.20833332465277812,46752.75789473685,33549.0,30766.8,8321,6,0
0.3515976042338306,-0.133773712293908,0,0,,0.1999999900000005,32371.27916666667,19660.1,41206.799999999996,8321,7,0
0.1085600760096583,0.023057098577646682,0,0,,0.0,37370.465000000004,25886.9,32766.799999999996,8321,8,0
-0.06301343254017733,0.13730346696722964,0,0,,0.05263157617728546,36528.229999999996,27711.1,23185.799999999996,8321,9,0
-0.06742228875328848,0.06598343773480617,0,0,,-0.09523809070294806,32118.278947368424,14286.2,37606.8,8321,10,0
0.03599318139072524,-0.021844079910672245,0,0,,-0.12499999479166687,30130.185714285722,20264.8,30306.8,8321,11,0
0.1822224139521873,-0.0948732398956168,0,0,,0.26315788088642733,30803.05,15277.0,39686.8,8321,12,0
-0.18896108764179242,0.01221445123614927,0,0,,0.0,34031.75263157895,21050.3,34626.8,8321,13,0
-0.09089256705122536,0.4148282964177976,0,0,,-0.20833332465277812,33621.08947368421,20599.8,29226.800000000003,8321,14,0
5.0,0.4330426324208716,0,0,,0.16666665277777895,47670.52142857143,21060.6,31100.0,5256,0,0
-0.8687476796047298,-0.12480151529466266,0,0,,-0.19999998666666757,33265.24999999999,29930.7,300.0,5256,1,0
1.3492822746246447,-0.121678922277332,0,0,,-0.06249999609375024,38008.80666666667,26233.7,27155.0,5256,2,0
-0.5011861200934886,0.29750307701333145,0,0,,0.14285713265306196,43274.3875,33124.3,32997.0,5256,3,0
-0.26223337939166347,-0.4904248541193534,0,0,,-0.17647057785467188,33352.05000000001,28045.3,300.0,5256,4,0
-0.44187892758904707,0.20412631922313748,0,0,,0.06249999609375024,65450.7,27908.1,117565.0,5256,5,0
1.1594495322946854,0.5318185426947133,0,0,,0.23076921301775286,54355.34375,26160.5,32000.0,5256,6,0
1.7164854370130596,0.1698860685216789,0,0,,0.0,35484.192307692305,25239.1,18800.0,5256,7,0
-0.7999473318403321,-0.4804241493562182,0,0,,-0.4799999808000007,30331.323076923083,27149.1,5700.0,5256,8,0
-0.359414027833115,-0.17205202717087045,0,0,,0.2499999875000006,58377.084,33585.1,85900.0,5256,9,0
-0.3705361265824889,0.006059879487550905,0,0,,-0.23076922189349144,70508.155,40292.4,187800.0,5256,10,0
0.022659662032700437,-0.06454277211138142,0,0,,0.23809522675737013,70083.45769230768,32308.0,179996.0,5256,11,0
2.3101729626841823,0.9445054381844763,0,0,,1.999999714285755,74918.93333333333,39210.7,187800.0,5256,12,0
0.05295919054273397,-0.23013906740763182,0,0,,0.0,30665.628571428566,20574.3,40587.799999999996,813,0,0
0.16717296398919368,0.10665881261164407,0,0,,0.07692307100591762,39832.68571428572,30919.4,39143.799999999996,813,1,0
-0.18655571475396104,0.06449324293544612,0,0,,-0.13333332444444504,35993.64615384616,25613.9,22543.8,813,2,0
0.14090482693051187,0.062317857073576094,0,0,,-0.11764705190311459,33812.94,24788.2,42961.799999999996,813,3,0
0.17100861124023714,0.12654314190165536,0,0,,-0.055555552469135974,31829.4,22660.8,33396.8,813,4,0
-0.10831350675394787,-0.06438546455171884,0,0,,0.12499999218750048,28254.044444444447,20296.4,48787.799999999996,813,5,0
-0.14957791772411508,0.012898588154559142,0,0,,0.0,30198.38125,22376.2,37762.799999999996,813,6,0
0.19630352948824062,0.0031434637486996188,0,0,,0.7777776913580343,29813.825,20765.3,42551.2,813,7,0
1.8240757505791403,3.1410617245170602,0,0,,3.499998250000875,29720.400000000005,13289.5,16300.0,813,8,0
-0.6979264869197268,0.11151094999251786,0,0,,-0.333333319444445,75615.775,35456.4,124650.2,2933,0,0
1.1073445077278896,0.2049592587170108,0,0,,0.26315788088642733,68029.71666666666,32407.0,134487.8,2933,1,0
-0.6217359060865508,-0.024841513630187852,0,0,,-0.3448275743162905,56458.10526315789,33927.7,115670.8,2933,2,0
2.055372385049545,-0.005846970517467148,0,0,,0.7058823114186875,57896.33793103449,24650.6,200295.80000000002,2933,3,0
-0.3201911966679665,0.3494426132718629,0,0,,0.0,58236.84705882352,21475.7,138739.8,2933,4,0
-0.38652352632396975,-0.4804573508137729,0,0,,-0.2608695538752368,43156.22352941177,17024.2,73857.79999999999,2933,5,0
0.3329994099228702,0.4118535457233979,0,0,,0.0,83065.79565217393,50700.9,213774.80000000002,2933,6,0
-0.16801355473505392,-0.2262114335135821,0,0,,0.0,58834.56956521738,30098.6,119761.8,2933,7,0
0.48751577724454837,0.31090899836116814,0,0,,0.5333332977777802,76034.42608695653,35291.8,209364.80000000002,2933,8,0
1.3068923459346378,-0.21965221485695532,0,0,,0.0,58001.3,21148.7,56364.799999999996,2933,9,0
-0.7466268275406716,0.28985769867962297,0,0,,-0.21052630470914185,74327.5,34628.5,114464.8,2933,10,0
5.0,1.5108163215974515,0,0,,0.5833332847222263,57624.57368421052,15376.0,111609.79999999999,2933,11,0
-0.19813468031202108,-0.11781701127764976,0,0,,-0.07692307100591762,22950.533333333336,18873.6,17764.800000000003,2933,12,0
-0.4357287215084364,-0.3489159604568409,0,0,,0.0,26015.615384615383,20001.8,17764.800000000003,2933,13,0
0.6073200896225169,0.7389193877376341,0,0,,0.0,39957.384615384624,22806.0,35564.799999999996,2933,14,0
-0.14386725792989855,-0.2343919374594407,0,0,,-0.2608695538752368,42181.83529411764,26444.5,88520.79999999999,8173,0,0
0.16469722104521947,-0.04497482306248485,0,0,,0.5333332977777802,55095.86086956521,24224.4,143100.80000000002,8173,1,0
-0.14276897114133882,-0.20470206171135036,0,0,,-0.06249999609375024,57690.48,40651.6,100634.8,8173,2,0
0.16681345595375077,0.09411076589392407,0,0,,0.06666666222222252,72539.45625,45005.8,137656.8,8173,3,0
-0.15071844483554,0.11327348000519351,0,0,,-0.39999998400000064,66299.92,38213.6,79143.79999999999,8173,4,0
0.17646305721141403,-0.17075330948847073,0,0,,1.7777775802469358,59554.02799999999,21980.0,200059.2,8173,5,0
1.2503847556300076,2.08051282042358,0,0,,1.9999993333335555,71817.02222222224,38039.0,78200.0,8173,6,0
-0.14314898729147696,-0.2035331040433852,0,0,,-0.1481481426611799,49702.64347826085,23516.6,130314.8,9833,0,0
0.16672733767556278,0.1734974232504415,0,0,,0.12499999479166687,62403.9037037037,33137.1,146137.8,9833,1,0
-0.142848227839664,-0.08801926927605064,0,0,,0.09090908677685969,53177.708333333336,25087.3,119205.8,9833,2,0
0.16652753540250068,0.04736125336825806,0,0,,-0.08333332986111125,58310.122727272734,27361.9,145322.8,9833,3,0
-0.14269691167012238,0.1512907701384423,0,0,,-0.14285713775510223,55673.362499999996,30394.6,144266.8,9833,4,0
0.16698453537962527,-0.2990114756584179,0,0,,1.7999998200000182,48357.34285714286,21477.7,179267.2,9833,5,0
1.9432646846313153,1.3089242680747193,0,0,,2.3333325555558146,68984.5,38662.7,139100.0,9833,6,0
2.038200587534229,0.7776752342685193,0,0,,0.7857142295918408,80079.368,33219.8,115958.4,7769,0,0
-0.04652629405785098,0.012570970203871979,0,0,,0.0,45047.24285714287,26096.3,48864.2,7769,1,0
-0.268277213542124,-0.37778042745294593,0,0,,-0.17647057785467188,44487.98571428573,26652.3,86833.8,7769,2,0
-0.3043480764364318,0.04581959283815147,0,0,,0.0,71498.85294117648,49881.3,106219.79999999999,7769,3,0
-0.32580240359401014,-0.13623917205130137,0,0,,-0.2608695538752368,68366.33529411764,27591.1,112373.79999999999,7769,4,0
-0.13051883749360027,0.03163941946838338,0,0,,0.045454543388429844,79149.61304347824,36098.9,229891.80000000002,7769,5,0
0.7325374674833476,0.3130239107119278,0,0,,0.2222222098765439,76722.1681818182,47971.6,212667.80000000002,7769,6,0
-0.22726756642585996,-0.29266255271706737,0,0,,-0.14285713605442207,58431.661111111105,27949.9,116001.79999999999,7769,7,0
0.7124159424819078,1.0887217284393302,0,0,,0.39999997333333515,82607.9,51239.3,180479.80000000002,7769,8,0
0.9924796524490759,0.2926676777070547,0,0,,0.07142856632653098,39549.49999999999,18740.6,19344.8,7769,9,0
5.0,0.3216030366200302,0,0,,0.5555554938271674,30595.257142857146,15163.6,34353.799999999996,7769,10,0
-0.9948904815996399,-0.30685367387742757,0,0,,-0.2499999791666684,23150.11111111111,16673.5,16643.8,7769,11,0
-0.3397934427736388,-0.4876583477872032,0,0,,-0.24999998437500096,33398.59166666667,18267.9,42473.799999999996,7769,12,0
-0.3543615944172919,-0.06899313719870077,0,0,,-0.3043478128544429,65188.125,25114.5,139899.8,7769,13,0
-0.3465674120081471,-0.1561617713789393,0,0,,-0.1481481426611799,70018.95217391304,41307.5,157337.80000000002,7769,14,0
1.0663131406482527,0.6210422946458416,0,0,,-0.045454543388429844,52776.657142857155,16554.8,140409.8,6473,0,1
-0.4009105797187622,-0.27738423818350266,0,0,,0.2941176297577865,32557.236363636355,4886.5,95991.8,6473,1,1
0.39191943204819146,0.08273820318774686,-1,0,,0.13333332444444504,45054.7,9678.6,101481.79999999999,6473,2,1
0.5621072996507684,0.1341413613438234,1,1,,-0.11764705190311459,41611.81333333333,-32.6,73672.79999999999,6473,3,1
-0.5031622802901281,-0.38944391095114284,0,0,,-0.3928571288265311,36690.147058823524,7888.6,77876.79999999999,6473,4,1
-0.23916347463780596,0.07258651078605843,0,0,,0.1666666597222225,60092.99999999999,25984.2,163395.8,6473,5,1
0.2041262142525801,-0.02872695105622463,0,0,,0.26315788088642733,56026.25,22443.7,176341.8,6473,6,1
0.5116857264385848,-0.05267659047181997,0,0,,1.3749998281250215,57683.31578947369,17177.8,161194.8,6473,7,1
1.1486451184160138,1.2728235714477156,0,0,,0.33333327777778704,60890.8375,40488.6,64200.0,6473,8,1
-0.14084192276003013,0.014522554295733356,0,0,,-0.1666666574074079,15277.413333333334,12701.5,8374.800000000001,7454,0,0
0.1460614856727908,0.003393050428365815,0,0,,0.12499999218750048,15058.722222222223,11541.0,10334.800000000001,7454,1,0
0.21625729225590862,0.051580544936497975,0,0,,0.06666666222222252,15007.800000000001,12393.1,6668.799999999999,7454,2,0
-0.2305502088083857,0.05123552059603529,0,0,,-0.11764705190311459,14271.66,10756.7,9174.8,7454,3,0
-0.06670508083471477,-0.007004091276836319,0,0,,0.0,13576.082352941175,10647.1,9974.8,7454,4,0
0.16345926333595243,-0.01989660884800074,0,0,,0.13333332444444504,13671.841176470589,10462.7,10334.8,7454,5,0
-0.1417566945454095,-0.08388378658311454,0,0,,-0.06249999609375024,13949.386666666669,10351.7,10003.8,7454,6,0
0.020199299756213488,0.015868932134936082,0,0,,-0.11111110493827195,15226.65625,11988.6,12574.8,7454,7,0
-0.16538714250179304,0.08121677281945226,0,0,,0.05882352595155729,14988.800000000001,11948.2,9474.8,7454,8,0
0.370517235902357,0.09086945983427377,0,0,,0.13333332444444504,13862.9,10105.2,11074.8,7454,9,0
-0.15296605065282776,-0.010671690591764243,0,0,,-0.11764705190311459,12708.119999999999,10276.0,8374.8,7454,10,0
0.16979743901491814,-0.08540090283050833,0,0,,0.0,12845.2,9861.1,12174.800000000001,7454,11,0
-0.21132359657456723,-0.15087407118504179,0,0,,-0.14999999250000037,14044.623529411767,11142.2,9874.8,7454,12,0
0.23001579297287736,-0.21752091801753318,0,0,,0.11111110493827195,16540.094999999994,12706.3,15434.8,7454,13,0
-0.11711156098803344,-0.19020484761292117,0,0,,-0.09999999500000024,21138.066666666666,18058.1,13774.8,7454,14,0
-0.14275797698782458,-0.07442769708611569,0,0,,-0.3333333148148158,40129.13333333334,30888.5,59943.799999999996,6930,0,0
0.16427030716499294,-0.05051206116048752,0,0,,0.3846153550295881,43356.02222222222,26042.1,92543.79999999999,6930,1,0
-0.14315659938865077,-0.19269399669598206,0,0,,-0.07142856632653098,45662.53076923076,37580.5,76183.8,6930,2,0
0.16563426755795746,-0.04122506873646628,0,0,,0.07692307100591762,56561.6142857143,39118.9,84643.80000000002,6930,3,0
-0.14198656716077193,-0.013785961718317105,0,0,,-0.27777776234567986,58993.630769230775,40034.8,65863.79999999999,6930,4,0
0.16443502959323184,-0.034406320490565655,0,0,,0.3846153550295881,59818.28333333334,38913.1,85523.8,6930,5,0
-0.14156492655835948,-0.0012398516791181692,0,0,,-0.07142856632653098,61949.746153846165,44541.9,68423.79999999999,6930,6,0
0.16518506810041286,-0.0034975595643835624,0,0,,-0.06666666222222252,62026.64999999998,39916.1,85083.79999999999,6930,7,0
-0.1419899876290187,-0.02659904779341939,0,0,,0.07142856632653098,62244.35333333335,42000.5,64943.799999999996,6930,8,0
0.15878017720000567,0.8440164694457786,0,0,,0.7499999062500118,63945.2357142857,42600.6,88094.6,6930,9,0
-0.18912137819733846,0.11020287689436076,0,0,,-0.3142857053061227,28391.116666666665,21197.6,26867.8,173,0,0
0.32006146509467537,-0.15418352918431397,0,0,,0.4583333142361119,25572.908571428576,14176.3,50287.8,173,1,0
-0.10059757526906299,-0.11382873176410177,0,0,,0.0,30234.583333333332,23808.6,28567.8,173,2,0
0.1669191948146229,-0.1912433371428608,0,0,,0.1999999900000005,34118.21666666667,25142.0,37667.8,173,3,0
-0.14132659598352468,0.19742789316909648,0,0,,1.2222220864197684,42186.01000000001,28015.4,63730.6,173,4,0
-0.14315259084947468,-0.06409511930157487,0,0,,-0.19999998666666757,33765.108333333344,24197.9,59690.0,8051,0,0
0.16480997902585895,-0.1487640760191726,0,0,,0.15384614201183525,36077.50000000001,21835.7,90785.0,8051,1,0
-0.14193053835566483,0.16241724798668505,0,0,,-0.13333332444444504,42382.49230769231,33992.9,63590.0,8051,2,0
0.16611912474576082,-0.045372889958180215,0,0,,0.15384614201183525,36460.653333333335,25869.7,79996.0,8051,3,0
-0.14234042181256065,0.0368384142960379,0,0,,-0.27777776234567986,38193.60769230769,25852.9,43790.0,8051,4,0
0.1654384343771979,0.1195822016052466,0,0,,0.12499999218750048,36836.605555555565,21047.4,89904.0,8051,5,0
-0.14298429804646795,-0.2875084058418623,0,0,,0.23076921301775286,32902.1,23115.7,81483.0,8051,6,0
0.16582926714296284,0.03931663917078388,0,0,,-0.13333332444444504,46178.93076923077,28813.0,54524.0,8051,7,0
-0.14250710703416597,0.05756174209225644,0,0,,-0.11764705190311459,44432.01333333333,31151.7,76488.0,8051,8,0
0.16501261500022862,-0.029575963141693327,0,0,,0.06249999609375024,42013.635294117645,25736.3,72262.0,8051,9,0
-0.15107140892618556,0.08418223822193505,0,0,,0.06666666222222252,43294.100000000006,33377.0,84405.0,8051,10,0
0.1800106135609269,0.04179548793817683,0,0,,0.0,39932.493333333325,25457.4,44190.0,8051,11,0
-0.14255176364522412,0.08880901585118724,0,0,,-0.28571427210884415,38330.453333333346,24357.4,76906.0,8051,12,0
0.16460308120655134,-0.22477988390357165,0,0,,0.49999996428571686,35204.01904761904,24393.8,71412.0,8051,13,0
-0.14061440305289663,-0.05313505301926641,0,0,,-0.12499999218750048,45411.64285714285,28494.2,71718.0,8051,14,0
-0.14231988774653975,0.16990305643837908,0,0,,-0.27272726033057904,40788.60625,17256.4,78945.8,10439,0,0
0.16375052586599756,-0.32548601461955945,0,0,,0.2941176297577865,34864.94545454545,9277.5,124166.8,10439,1,0
-0.1412811059135784,0.16660362646494462,0,0,,0.0,51688.98823529411,37344.7,105445.79999999999,10439,2,0
0.16651801828492013,0.2625055978266819,0,0,,-0.055555552469135974,44307.24117647059,15383.5,92192.79999999999,10439,3,0
-0.1425824179940942,-0.12024273722008057,0,0,,-0.18181817355371938,35094.68888888889,17617.4,107040.79999999999,10439,4,0
0.166731377856093,-0.0281263413501521,0,0,,0.2222222098765439,39891.33181818181,13609.0,100545.8,10439,5,0
-0.14331204691164212,-0.0504178776825124,0,0,,0.12499999218750048,41045.80000000001,19187.3,118908.2,10439,6,0
0.1644642276323083,-0.2094747977500899,0,0,,-0.11111110493827195,43225.11875,11189.2,88195.8,10439,7,0
-0.14060747140279384,-0.06587424337566919,0,0,,0.9999998888889013,54678.98888888889,21323.2,152136.2,10439,8,0
0.9945638023705488,-0.27547624701408907,0,0,,-0.35999998560000057,20292.725000000002,7912.9,12343.800000000001,9337,0,0
-0.6566376427981506,-0.49329728777016146,0,0,,0.19047618140589612,28008.363999999998,5078.2,54634.8,9337,1,0
-0.5713764600714281,-0.027681324106128852,0,0,,-0.045454543388429844,55275.73333333334,25352.7,68043.79999999999,9337,2,0
2.430845315874596,1.6221781881538935,0,0,,0.46666663555555765,56849.39999999998,33941.5,92043.8,9337,3,0
0.11038028341389822,1.567589251650813,0,0,,-0.4230769068047343,21680.219999999998,11441.3,6029.2,9337,4,0
5.0,-0.588008779083941,0,0,,0.6249999609375024,8443.803846153845,1560.2,27892.499999999996,9337,5,0
3.7438831158740693,-0.33475212381321034,0,0,,0.0,20495.106250000004,13232.9,9152.800000000001,9337,6,0
-0.9884599719778173,-0.18308712614764105,0,0,,-0.333333319444445,30808.225,23500.9,29789.8,9337,7,0
0.30379562449359937,0.3309693217699526,0,0,,-0.2727272644628102,37712.987499999996,2007.4,72972.79999999999,9337,8,0
0.08538062967444883,-0.25917653656894124,0,0,,1.3571427602040886,28334.97878787879,144.2,100531.0,9337,9,0
-0.14161225929215474,0.21194529637618398,0,0,,-0.31578945706371275,42776.438461538455,33781.1,29243.8,4576,0,0
0.16683946171713626,-0.011814674102339327,0,0,,0.4615384260355057,35295.68421052631,25791.6,42743.799999999996,4576,1,0
-0.14172552544304967,0.08665436311555039,0,0,,-0.18749998828125072,35717.67692307693,25836.0,20323.800000000003,4576,2,0
0.1668797696003509,0.1961121098028358,0,0,,0.0,32869.4,21865.9,41123.8,4576,3,0
-0.14299822180187036,0.08313855637430555,0,0,,-0.23809522675737013,27480.2,20451.0,27023.800000000003,4576,4,0
0.16501561161712897,-0.13050841751005404,0,0,,0.23529410380622917,25370.899999999994,14903.5,43883.799999999996,4576,5,0
-0.17594693033848297,-0.15588645136022083,0,0,,0.06249999609375024,29179.005882352943,21735.9,37943.8,4576,6,0
0.1802990535107824,-0.009206443799805768,0,0,,0.06666666222222252,34567.631250000006,26127.8,48763.8,4576,7,0
-0.1938068906587911,-0.021017448208734402,0,0,,-0.37499998437500065,34888.833333333336,25920.7,30929.199999999997,4576,8,0
0.27294767053180785,-0.1434971553895763,0,0,,0.5999999600000027,35637.85,24534.9,54023.8,4576,9,0
-0.14193023925298867,0.06932867472673863,0,0,,-0.11764705190311459,41608.560000000005,34675.5,31843.799999999996,4576,10,0
0.16295287216297283,0.20689036094978036,0,0,,-0.14999999250000037,38910.91764705882,29319.0,39403.799999999996,4576,11,0
-0.1675226482987452,0.10808753112454063,0,0,,-0.19999999200000032,32240.640000000003,16770.7,49443.799999999996,4576,12,0
0.20068726964261469,-0.3421280516438826,0,0,,0.5624999648437522,29095.752,13241.5,67083.79999999999,4576,13,0
-0.13919913075372733,0.17120963263791067,0,0,,0.7777776913580343,44227.075,24260.8,71629.2,4576,14,0
-0.14459910953740887,-0.13213437052462462,0,0,,-0.26315788088642733,63303.01428571427,35605.8,100064.0,8027,0,0
0.16651813316703395,0.19128169504144354,0,0,,0.18749998828125072,72941.03157894738,50528.5,109890.0,8027,1,0
-0.1431896151713826,-0.17861685247444253,0,0,,0.06666666222222252,61229.03749999999,38857.1,105792.0,8027,2,0
0.7412029196911691,0.14489566478074262,0,0,,-0.11764705190311459,74543.82,51522.3,89901.0,8027,3,0
-0.3406294620282463,0.38214941358664267,0,0,,-0.37037035665294976,65109.70588235295,30825.8,130208.0,8027,4,0
-0.12875222471044034,-0.3846382316685483,0,0,,1.6999998300000172,47107.574074074066,23157.9,119253.0,8027,5,0
0.7434478381944686,1.418441120350213,0,0,,0.6666665555555741,76552.65,42924.4,118500.0,8027,6,0
-0.2902885399813407,1.0944353900010184,-11,0,,-0.15999999360000025,14100.233333333334,7825.0,16877.4,5927,0,1
0.5763802300939112,-0.6562861163706147,11,11,,0.3888888672839518,6732.236000000001,-5238.2,59289.899999999994,5927,1,1
-0.27379459430416664,0.2831755484070661,0,0,,-0.24999998958333375,19586.744444444445,12331.5,22343.800000000003,5927,2,1
-0.03226477184174072,-0.012307841176243818,0,0,,0.09090908677685969,15264.275,2010.5,33549.2,5927,3,1
-0.3333847217833767,0.29382512224055984,-7,0,,-0.3124999902343753,15454.48636363637,2729.4,40992.4,5927,4,1
0.0673033958881708,0.2749095767593429,6,7,,0.333333319444445,11944.803124999999,-2685.7,78701.7,5927,5,1
0.2960916589652349,-0.5181866863319337,1,1,,0.14285713605442207,9369.1375,-3855.2,44217.799999999996,5927,6,1
0.002520462823614276,0.0731709304072866,0,0,,0.0,19445.576190476193,8003.9,53362.799999999996,5927,7,1
-0.1872806108592677,0.511911944694376,-2,0,,-0.27586205945303244,18119.738095238095,1821.0,42417.8,5927,8,1
0.3505233652027687,-0.13757881165111577,-4,2,,0.3181818037190089,11984.65172413793,-2284.5,57337.6,5927,9,1
0.050392347526053274,-0.4487137808982286,6,6,,0.2941176297577865,13896.518181818177,-2081.2,45007.7,5927,10,1
0.10623852384522428,0.21426386294982291,0,0,,-0.19047618140589612,25207.44705882353,11063.7,43180.2,5927,11,1
-0.4199172268017403,0.979394982668345,-2,0,,-0.3225806347554634,20759.44761904762,12065.9,28443.8,5927,12,1
0.9383485928599815,-0.5696235211359414,2,2,,0.6315789141274255,10487.774193548386,-2186.7,80017.70000000001,5927,13,1
-0.08444157155001114,-0.1162117780003706,0,0,,0.0,24368.836842105266,12845.3,33343.799999999996,5927,14,1
-0.5741573929612516,-0.17199171348689307,0,0,,-0.4482758466111777,40017.04375,17308.5,70037.79999999999,6273,0,0
2.4174160364735777,0.6107186199494168,0,0,,0.9333332711111153,48329.27931034485,16054.7,186095.80000000002,6273,1,0
-0.22202229683061117,-0.12567186239518893,0,0,,0.07142856632653098,30004.793333333335,10506.5,52226.799999999996,6273,2,0
0.0061618122286222965,-0.31580104630291167,0,0,,0.0,34317.542857142864,21016.9,52829.2,6273,3,0
0.2130440759064137,0.15579597110032525,0,0,,-0.29999998500000075,50157.25714285714,27866.6,75072.8,6273,4,0
0.02590796500656323,0.243458343729193,0,0,,0.3333333111111126,43396.29000000001,15433.8,75501.8,6273,5,0
0.619383195983456,-0.07397508738707931,0,0,,0.3636363305785154,34899.67333333333,22961.9,21758.799999999996,6273,6,0
0.03416668518876365,-0.07384419664564873,0,0,,-0.08333332638888948,37687.61818181819,22675.4,19343.8,6273,7,0
-0.1286309866762065,-0.015413135812542576,0,0,,0.7142856122449125,40692.52500000001,28934.4,42355.2,6273,8,0
3.208916288458866,0.4639913650158927,0,0,,0.0,41329.542857142864,28217.8,40000.0,6273,9,0
-0.8021643284795438,-0.11975858461742755,0,0,,0.7499998125000469,28230.728571428568,24631.3,15000.0,6273,10,0
-0.14206076839034154,0.1474173799886851,0,0,,-0.3124999804687512,27409.7,18396.4,22143.799999999996,11065,0,0
0.1662078755834954,-0.014192336839806741,0,0,,0.14285713265306196,23888.16875,18698.7,44743.8,11065,1,0
-0.14219170544057327,-0.06544106202287786,0,0,,0.0,24232.07857142857,16989.2,25643.8,11065,2,0
0.1651994290829384,0.012716040620127714,0,0,,-0.06666666222222252,25928.89285714285,21170.4,33543.799999999996,11065,3,0
-0.1445937986568949,-0.19606980545929167,0,0,,-0.28571427210884415,25603.320000000007,21276.8,32043.8,11065,4,0
0.16513764016389224,-0.008400701293722071,0,0,,0.615384568047341,31847.69047619048,17455.6,50543.799999999996,11065,5,0
-0.13986172747121262,-0.2087915065694764,0,0,,0.08333332638888948,32117.5,26055.0,32643.8,11065,6,0
0.15957213916119406,0.013931484488516433,0,0,,0.0,40592.96666666666,29533.7,37629.2,11065,7,0
-0.1414660490489198,0.005403360785483634,0,0,,-0.4545454338842984,40035.21666666667,29917.6,25743.8,11065,8,0
0.16435362164222445,-0.03840056416491612,0,0,,0.6923076390532585,39820.054545454535,26975.2,46443.799999999996,11065,9,0
0.4943866737111541,0.07881258204415371,0,0,,0.1818181652892577,41410.230769230766,30743.0,23643.8,11065,10,0
-0.42407156190205364,-0.01674163108441308,0,0,,-0.21428569897959293,38385.009090909094,34097.2,36543.799999999996,11065,11,0
0.16373680033727483,-0.004574722686370633,0,0,,-0.29999998500000075,39038.57857142857,34699.9,31843.8,11065,12,0
-0.14069302256493937,-0.06765188236428471,0,0,,0.5384614970414233,39217.99,30502.4,39843.799999999996,11065,13,0
0.16560417511475464,0.25112366679626097,0,0,,-0.18749998828125072,42063.67692307693,36199.6,23743.8,11065,14,0
1.5165530014720425,0.35238343182387255,0,0,,-0.23076921301775286,41936.630000000005,30029.4,14000.0,8558,0,0
5.0,-0.18338859455982193,0,0,,0.08333332638888948,31009.423076923078,26329.4,2100.0,8558,1,0
-0.9722478018576997,-0.322598891647453,0,0,,-0.14285713265306196,37973.291666666664,30955.5,6000.0,8558,2,0
-0.7317784506866565,-0.2643041848738912,0,0,,-0.39130433081285515,56057.32142857142,37135.1,29900.0,8558,3,0
0.8294296641816117,0.5899709823456234,0,0,,0.14999999250000037,76196.3304347826,40856.7,219936.0,8558,4,0
0.4064093633470604,0.07353897060604501,0,0,,0.24999998437500096,47923.095,28408.3,81075.0,8558,5,0
1.2114072549471653,0.568607640871497,0,0,,0.06666666222222252,44640.29375,27154.1,33100.0,8558,6,0
5.0,0.16260306747217151,0,0,,0.2499999791666684,28458.546666666658,21706.3,7800.0,8558,7,0
-0.8560224273855451,-0.32067209605511776,0,0,,-0.14285713265306196,24478.3,22715.2,2700.0,8558,8,0
2.9880622939192376,0.4448553161850947,0,0,,0.16666665277777895,36033.11428571428,24544.8,16900.0,8558,9,0
-0.7883370992432873,-0.24108612081760986,0,0,,-0.07692307100591762,24938.90833333333,22486.4,1900.0,8558,10,0
2.9060704740392396,0.644903949361936,0,0,,0.08333332638888948,32861.31538461538,18003.3,18100.0,8558,11,0
-0.4372048215213137,-0.11269840564345296,0,0,,-0.07692307100591762,19977.649999999998,18159.5,300.0,8558,12,0
5.0,-0.2871254477815567,0,0,,0.08333332638888948,22515.06153846154,16886.8,8100.0,8558,13,0
-0.9911117501930928,-0.01086148531457848,0,0,,-0.24999998437500096,31583.483333333334,22072.7,33400.0,8558,14,0
0.7850986160575554,0.024026979808377927,-5,0,,0.399999980000001,33605.19642857143,1786.6,191134.80000000002,5442,0,1
1.8621511157816297,0.9141562800527981,0,5,,0.11111110493827195,32816.71000000001,-6830.6,88461.70000000001,5442,1,1
-0.31624192321946176,-0.020971482229333784,-2,5,,-0.05263157617728546,17144.216666666667,-2689.8,45826.8,5442,2,1
0.8050473936935838,0.03603736012703085,7,7,,0.0,17511.45789473684,-6194.4,45452.8,5442,3,1
-0.5658934057427945,0.9176139101004995,-6,0,,-0.09523809070294806,16902.342105263157,1028.8,39018.4,5442,4,1
1.8014810202897806,0.34003080372477396,3,6,,0.10526315235457093,8814.257142857143,-5780.1,47290.0,5442,5,1
-0.3921134209924753,-0.3512587279018644,0,3,,-0.13636363016528952,6577.652631578948,-3125.8,33635.2,5442,6,1
0.5561988564194817,0.5374945408734632,0,3,,0.09999999500000024,10139.1,-4256.6,33638.7,5442,7,1
-0.6005749248440213,-0.5431311632159613,2,3,,-0.1304347769376184,6594.56,-1369.2,33635.8,5442,8,1
-0.00506565761699006,-0.25808536490901424,0,1,,-0.041666664930555625,14434.25217391304,-540.5,84015.0,5442,9,1
-0.01553025076900431,-0.29595525038946474,1,1,,-0.11111110699588492,19455.408333333336,-815.0,88687.79999999999,5442,10,1
-0.6025828233008661,-0.5526035171428677,0,0,,0.17391303591682453,27633.76666666667,7880.1,87234.8,5442,11,1
0.1951061661728525,-0.16232393430123315,0,0,,-0.09999999500000024,46946.838888888895,24896.5,59382.2,1811,0,0
-0.14092387768213271,0.0030364485685544494,0,0,,0.0,56044.145000000004,35891.9,82696.8,1811,1,0
0.04093682467118264,0.29078663781950054,0,0,,0.05263157617728546,55874.485,30996.6,55780.799999999996,1811,2,0
-0.2195260483118232,0.4018779833520075,0,0,,-0.17391303591682453,43287.15789473684,18404.1,57287.799999999996,1811,3,0
0.42457096307681846,-0.3067732828201908,0,0,,0.14999999250000037,30877.97826086957,8659.8,81263.8,1811,4,0
-0.2098992058026444,0.33350805928654786,0,0,,-0.04761904535147403,44542.395,26755.7,76211.79999999999,1811,5,0
0.2795071632088717,0.07193550881232423,0,0,,0.0,33402.41904761904,12291.8,73956.8,1811,6,0
-0.1785521818893292,-0.06526579298763455,0,0,,-0.045454543388429844,31160.847619047614,11611.3,54220.799999999996,1811,7,0
0.10542925404965832,0.055520881345093503,0,0,,0.04761904535147403,33336.58636363637,18661.1,76055.8,1811,8,0
0.23665846031052568,0.020512858623777854,0,0,,0.04999999750000012,31583.066666666673,12232.1,49750.799999999996,1811,9,0
-0.11022173789029246,-0.03375761367017208,0,0,,0.05263157617728546,30948.23,7562.4,85999.8,1811,10,0
-0.14127362635628862,0.09007914252136626,0,0,,-0.04999999750000012,32029.46842105263,13368.9,61513.8,1811,11,0
0.021814338464783412,0.019687389381383282,0,0,,0.0,29382.7,7893.7,69674.79999999999,1811,12,0
-0.0207799861923742,0.04728974011197166,0,0,,0.05263157617728546,28815.4,15865.6,57076.8,1811,13,0
0.1658027283987847,0.08175819909607035,0,0,,0.0,27514.257894736842,7505.8,75650.8,1811,14,0
0.16649171824097933,0.1795783190301978,0,0,,-0.26315788088642733,53139.69285714287,38361.4,104586.79999999999,7844,0,0
-0.14314576933317366,-0.07807611590925888,0,0,,0.2666666488888901,45049.73684210526,25165.8,87143.79999999999,7844,1,0
0.16529804674734327,-0.15916594080203333,0,0,,0.0,48864.92,26927.8,104083.8,7844,2,0
-0.1406723551482255,0.33562939675431386,0,0,,0.0,58114.819999999985,46248.7,79062.79999999999,7844,3,0
0.1343686302395929,0.038443346879661215,0,0,,-0.28571427210884415,43511.186666666676,24952.6,86780.79999999999,7844,4,0
-0.12022443839173028,-0.28524719582742714,0,0,,0.3124999804687512,41900.39523809523,25060.7,100670.8,7844,5,0
0.16558408585309098,0.18883620713164861,0,0,,0.06666666222222252,58622.21875,45204.5,104439.79999999999,7844,6,0
-0.14124715114358005,-0.048847803536566266,0,0,,-0.21052630470914185,49310.59333333334,27794.0,86276.79999999999,7844,7,0
0.1682117070972589,-0.07128124587606686,0,0,,1.1111109876543348,51843.0105263158,33392.4,113422.2,7844,8,0
0.9668241115411846,0.940242762657714,0,0,,1.9999993333335555,55822.077777777784,36435.3,81700.0,7844,9,0
0.1649339187915602,0.26485541792740996,0,0,,0.08333332638888948,51056.58461538462,33736.6,65821.2,4260,0,0
-0.14152726409242444,0.19062484461332635,0,0,,-0.14285713265306196,40365.55,26879.0,36061.799999999996,4260,1,0
0.16468252085468044,-0.09595440493065013,0,0,,-0.12499999218750048,33902.82857142857,18255.4,95761.8,4260,2,0
0.19924543759256472,-0.021232540762366928,0,0,,0.14285713265306196,37501.2375,23367.2,55861.8,4260,3,0
-0.1650320853850648,0.2584073341356941,0,0,,0.07692307100591762,38314.75714285714,24518.0,55019.799999999996,4260,4,0
-0.14199239561272384,0.17803506503021954,0,0,,-0.07142856632653098,30447.02307692308,15959.7,58661.799999999996,4260,5,0
0.16616193166160356,0.018716589699635165,0,0,,0.07692307100591762,25845.600000000002,13191.9,73761.8,4260,6,0
-0.14316068006130905,-0.21484334194993127,0,0,,-0.13333332444444504,25370.74615384615,13299.1,55161.799999999996,4260,7,0
0.16687712494749576,0.3357002130651398,0,0,,0.07142856632653098,32312.97333333334,20329.7,66455.79999999999,4260,8,0
-0.14295289829608396,-0.12506451465263518,0,0,,-0.12499999218750048,24191.785714285717,11798.8,65261.799999999996,4260,9,0
0.1658503892331986,-0.011943423958292579,0,0,,0.0,27649.793749999997,15737.7,76161.8,4260,10,0
-0.14160771973627473,0.0716018830345539,0,0,,0.06666666222222252,27984.01875,17542.9,59861.799999999996,4260,11,0
0.1676473187855826,0.3048070197952322,0,0,,0.07142856632653098,26114.193333333336,9686.6,73337.79999999999,4260,12,0
-0.1428653016584181,-0.16341856446462713,0,0,,-0.12499999218750048,20013.835714285717,5220.6,41861.8,4260,13,0
0.16695864355651022,0.19055316377013265,0,0,,0.06666666222222252,23923.35625,9264.4,81211.79999999999,4260,14,0
0.06385447336781468,0.10548810675841784,0,0,,-0.33333332222222256,29950.664999999997,21380.1,40128.2,3354,0,0
-0.06534136578834578,-0.23781649082806408,0,0,,0.36363634710743875,27092.706666666676,17468.9,40342.799999999996,3354,1,0
0.1570735428984904,0.23466204176900052,0,0,,0.0,35546.17272727273,27626.9,35042.799999999996,3354,2,0
-0.1525762894764981,-0.058781673111629254,0,0,,-0.11999999520000018,28790.204545454544,19307.3,19842.8,3354,3,0
0.18686482732223528,-0.15439368481194976,0,0,,0.7857142295918408,30588.232000000004,21602.2,41738.8,3354,4,0
-0.036497175485345874,0.8980637215113747,0,0,,0.9999998571428775,36173.13571428571,26809.3,32558.6,3354,5,0
0.14097123037938494,0.420316199592339,0,0,,0.11538461094674572,71276.30689655173,35772.2,225818.80000000002,2762,0,0
5.0,2.704153432889183,0,0,,0.6249999609375024,50183.407692307694,5502.4,173675.8,2762,1,0
0.04087172934782909,-0.05335992027038607,0,0,,0.0,13547.875,5491.9,22918.800000000003,2762,2,0
0.524130195729729,-0.5321693796228151,0,0,,0.06666666222222252,14311.5375,5003.3,22918.800000000003,2762,3,0
-0.801117107457473,-0.07526427891894187,0,0,,-0.1666666574074079,30591.280000000002,8734.2,98604.20000000001,2762,4,0
-0.13926575794670995,-0.4228408918570294,0,0,,-0.24999998958333375,33081.10555555556,6496.9,22918.8,2762,5,0
-0.6021720897218422,-0.3222595772338663,0,0,,-0.19999999333333354,57317.13333333333,21469.6,152378.8,2762,6,0
0.5792471441726397,0.33898696058878725,0,0,,0.07142856887755111,84570.9233333333,40805.8,315318.8,2762,7,0
0.3513978911431613,0.24152521000179597,0,0,,-0.17647058304498286,63160.37857142857,20377.5,191618.80000000002,2762,8,0
-0.2504731154023936,-0.2858729752116959,0,0,,0.030303029384756687,50873.214705882354,25499.9,188857.8,2762,9,0
-0.12687810918055023,-0.06897459764665849,0,0,,0.09999999666666677,71238.32727272727,27108.3,191465.8,2762,10,0
0.7219608864149601,0.09995682553080473,0,0,,0.36363634710743875,76515.98666666666,32923.9,228620.80000000002,2762,11,0
0.33634887496775356,0.5818768517704751,0,0,,3.399999320000136,69562.71818181817,39460.0,201179.2,2762,12,0
-0.07398466499401998,-0.1363388964512853,0,0,,-0.06249999609375024,10794.220000000001,5179.7,11443.8,6051,0,1
-0.07055241673637021,-0.3859052216141552,0,0,,0.06666666222222252,12498.2125,5531.6,11403.8,6051,1,1
-0.1252881852861374,-0.15244897600891244,0,0,,-0.06249999609375024,20352.253333333334,13911.8,9443.8,6051,2,1
-0.06212593732068894,0.2022042736461985,0,0,,0.06666666222222252,24013.012499999997,18511.9,13943.8,6051,3,1
2.7721257213285324e-06,0.13797763733268142,0,0,,-0.06249999609375024,19974.153333333332,14320.5,9643.800000000001,6051,4,1
0.08615887678554497,-0.1577304345747498,0,0,,0.06666666222222252,17552.324999999997,11749.0,12523.8,6051,5,1
-0.006265465436525089,-0.0518151149742142,0,0,,-0.06249999609375024,20839.320000000003,16129.0,14249.2,6051,6,1
-0.22123735025430577,-0.05182974486435,0,0,,0.06666666222222252,21978.11875,14333.3,12423.8,6051,7,1
-0.024357030324108193,0.13413688494369577,0,0,,-0.2499999875000006,23179.506666666664,15180.8,12183.800000000001,6051,8,1
0.1383434908029362,-0.1876765498590302,0,0,,0.17647057785467188,20438.015,11754.5,26663.8,6051,9,1
0.05907745436443903,0.24415842326716494,0,0,,0.06249999609375024,25159.94705882353,18725.9,11523.8,6051,10,1
-0.06684944679852975,0.011695744790966958,0,0,,-0.1999999900000005,20222.4625,16149.9,15263.8,6051,11,1
0.21588053834191978,0.22414194725155026,0,0,,-0.09090908677685969,19988.68,12507.3,38223.8,6051,12,1
0.7835508399407909,-0.3924508938587976,0,0,,0.9999999090909174,16328.727272727272,6855.5,39823.799999999996,6051,13,1
-0.1835488033969458,1.1586075519590957,0,0,,1.199999760000048,26876.390909090915,22383.5,13540.0,6051,14,1
0.5446860951331086,0.4278135842365525,0,0,,-0.034482757431629055,69051.91071428572,20401.0,160902.80000000002,9265,0,0
0.19772789504308458,0.4064713805133307,0,0,,0.20833332465277812,48361.99310344827,16527.2,111373.8,9265,1,0
0.9785781795411411,0.04290168077716458,0,0,,0.14285713605442207,34385.3375,13990.0,51404.8,9265,2,0
-0.16782779534460615,-0.25515136130196964,0,0,,-0.045454543388429844,32970.833333333336,16585.7,46573.799999999996,9265,3,0
-0.6066947231320475,-0.27884218963843066,0,0,,-0.21428570663265334,44265.145454545454,23901.1,78873.8,9265,4,0
2.4197414197033598,1.637569418170405,0,0,,0.27272726033057904,61380.66428571429,5435.8,121973.8,9265,5,0
-0.647203129984617,-0.6584830831389265,0,0,,-0.15384614792899431,23271.677272727273,7080.8,58656.799999999996,9265,6,0
2.8968415030654904,0.6814527638188054,0,0,,2.2499997187500353,68142.0923076923,22924.4,140873.8,9265,7,0
-0.5046756577869909,0.11101658826152927,0,0,,-0.11111109876543349,40525.725,30850.1,31500.0,9265,8,0
0.16513633219919271,0.10074025451855713,0,0,,-0.29999998500000075,54651.55000000001,28107.9,163210.0,5228,0,0
-0.14281438876556846,-0.07151801457436062,0,0,,0.17647057785467188,49649.814999999995,18123.8,154066.0,5228,1,0
0.7434878873981688,-0.17073574318599444,0,0,,0.13333332444444504,53474.18235294118,22611.4,131288.0,5228,2,0
-0.4269584787529079,0.029445504581742575,0,0,,-0.21052630470914185,64483.88666666669,36381.3,125211.0,5228,3,0
0.16715783477652624,0.3182724717712578,0,0,,-0.04999999750000012,62639.43684210526,33532.4,163681.0,5228,4,0
-0.14287908194963533,-0.17675657607354964,0,0,,-0.04761904535147403,47516.30500000001,8256.5,111796.0,5228,5,0
0.16470312631287753,-0.058611458021710534,0,0,,0.1666666574074079,57718.41428571427,28470.4,162746.0,5228,6,0
-0.1423503148246002,-0.09728680335246656,0,0,,-0.05263157617728546,61312.0,38301.7,134423.0,5228,7,0
0.16634776257401443,0.327365062428701,0,0,,-0.13636363016528952,67919.6894736842,44750.9,166087.0,5228,8,0
-0.14341513516893703,-0.21209852827813974,0,0,,0.04761904535147403,51168.80909090909,24365.5,126169.0,5228,9,0
0.1691618498064732,-0.05969201906154204,0,0,,0.9090908264462886,64943.15714285715,25123.0,195100.0,5228,10,0
1.9510368776868838,1.6727747668181185,0,0,,4.499997750001125,69065.83636363636,35781.0,117800.0,5228,11,0
0.08183462359055242,0.13948240222346361,0,0,,0.0,104492.5375,98493.4,51296.2,2824,0,0
-0.1303410694766728,0.09252655523031701,0,0,,-0.05882352595155729,91701.75625,80544.5,27330.8,2824,1,0
0.26378494351688464,0.16311896347636737,0,0,,-0.19047618140589612,83935.49411764706,67506.3,61590.799999999996,2824,2,0
-0.12591745480522148,-0.005159787520126938,0,0,,0.23529410380622917,72164.15238095236,62428.5,36150.799999999996,2824,3,0
0.727849749962582,0.008276887286051953,0,0,,0.21428569897959293,72538.43529411765,62752.8,51650.799999999996,2824,4,0
-0.4208253526595016,0.020912066206840278,0,0,,-0.12499999218750048,71942.97142857143,65571.8,44410.799999999996,2824,5,0
0.16516349775296113,0.12446117864042648,0,0,,-0.27272726033057904,70469.3125,61102.2,35241.8,2824,6,0
-0.1408882872403628,-0.044220933146971404,0,0,,0.2941176297577865,62669.40454545456,54263.8,46590.799999999996,2824,7,0
0.16510948215571475,0.08597465679649294,0,0,,0.06249999609375024,65568.92352941178,54608.3,44410.8,2824,8,0
-0.156795761647919,0.17911359205621666,0,0,,0.06666666222222252,60377.95,52888.9,41990.8,2824,9,0
0.19341993884219655,0.2616780497222138,0,0,,-0.1666666574074079,51206.22,40584.1,36310.8,2824,10,0
-0.14167888392933795,0.04047772343280058,0,0,,-0.14285713605442207,40585.805555555555,33397.0,36870.8,2824,11,0
0.16612524990185057,0.0786611984788877,0,0,,0.23529410380622917,39006.89523809523,29842.0,53850.8,2824,12,0
-0.22943237724330348,-0.058063746072026474,0,0,,0.0,36162.32352941176,25707.1,39510.8,2824,13,0
0.278169111521004,0.0025089889717018216,0,0,,0.06249999609375024,38391.47647058824,25406.3,57930.799999999996,2824,14,0
-0.34883228267482236,-0.169697678461273,0,0,,0.0,51441.59545454544,23190.1,134978.2,426,0,1
0.5168764819202668,1.027491003543524,-2,0,,0.2222222098765439,61955.25909090909,31668.3,162692.80000000002,426,1,1
0.23740202398676075,-0.19285427915755737,2,2,,-0.21739129489603065,30557.600000000002,-821.0,56403.299999999996,426,2,1
0.8884648193432745,1.1384384660864857,0,0,,0.35294115570934376,37858.83913043478,7513.3,101492.80000000002,426,3,1
1.2586078233046167,0.1015477140711931,0,0,,0.21428569897959293,17703.964705882354,2866.5,32992.8,426,4,1
-0.5953548722307053,-0.3638582711670744,0,0,,-0.17647057785467188,16071.899999999998,6228.5,17695.799999999996,426,5,1
0.3468090979811787,0.12814734396344638,0,0,,-0.055555552469135974,25264.652941176468,11491.0,29106.8,426,6,1
0.7113186377179104,-0.2624076932374482,0,0,,0.05882352595155729,22394.816666666666,9611.0,39195.8,426,7,1
-0.5270292646522409,0.6251594864795793,0,0,,0.13333332444444504,30362.052941176473,22592.8,33292.8,426,8,1
-0.2182408848568396,-0.38505232496909414,0,0,,-0.1666666574074079,18682.506666666664,3758.8,20095.8,426,9,1
-0.09158707962541203,0.029077378915703132,0,0,,-0.05263157617728546,30380.644444444442,5729.0,37092.8,426,10,1
1.0760223769654578,0.8479566206355776,0,0,,0.2666666488888901,29522.215789473685,5390.4,50478.8,426,11,1
-0.13834893633925652,0.08686053670274461,0,0,,-0.06249999609375024,15975.599999999997,3927.7,25192.8,426,12,1
-0.028247613605443454,-0.2661262037025519,0,0,,0.0,14698.849999999999,3184.2,25192.800000000003,426,13,1
0.7862808324592406,0.3581308328588806,0,0,,0.06666666222222252,20029.125,6062.9,25192.800000000003,426,14,1
-0.49368434349462337,-0.21284422147896892,0,0,,-0.1304347769376184,69828.175,40613.4,91304.79999999999,4937,0,0
3.2508542803532237,1.804384971468797,0,0,,0.27777776234567986,88709.47391304349,38954.0,162117.80000000002,4937,1,0
3.848009320433998,-0.2508927974629658,0,0,,0.0,31632.416666666668,16034.2,27304.8,4937,2,0
-0.9379330722064998,-0.402253051247253,0,0,,-0.21739129489603065,42226.822222222225,15979.1,61942.8,4937,3,0
0.9145852081864317,0.3719182553543912,0,0,,0.14999999250000037,70643.30869565216,40598.5,121142.8,4937,4,0
-0.20003668794221277,-0.1977031617841079,0,0,,-0.3103448168846615,51492.36,26122.7,59905.799999999996,4937,5,0
-0.30781905081150535,-0.17333928985105385,0,0,,0.2608695538752368,64181.182758620685,31521.1,151241.8,4937,6,0
0.4696163914241312,0.322596443643193,0,0,,-0.11538461094674572,77639.08695652171,46147.9,101157.79999999999,4937,7,0
0.102532774483187,0.4280408285060172,0,0,,0.03999999840000006,58702.023076923084,32244.5,100734.8,4937,8,0
0.3453996372882686,-0.1239190044537762,0,0,,0.0,41106.684,17960.4,102396.8,4937,9,0
-0.5685023692965762,-0.3218065309089429,0,0,,0.0,46921.1,18012.1,102107.79999999999,4937,10,0
3.869409085815061,1.5162124113292375,0,0,,0.041666664930555625,69185.42,36668.1,150304.8,4937,11,0
-0.7585499750895631,-0.5161814953728127,0,0,,0.7142856632653098,27495.858333333337,10470.9,58701.8,4937,12,0
-0.09210526315573991,0.5467265698755172,0,0,,-0.19999998666666757,22767.866666666665,12926.1,32412.8,790,0,1
-0.2268408980690768,-0.6019618237984479,0,0,,-0.1666666574074079,14720.033333333331,6703.3,39012.799999999996,790,1,1
-0.21931835031146152,-0.27857042592335257,0,0,,0.19999998666666757,36981.461111111115,17280.3,72108.8,790,2,1
-0.5310441880066155,-0.1616645896883611,0,0,,-0.11764705190311459,51261.35999999999,31831.7,52421.799999999996,790,3,1
2.4000765566936475,1.925070033279003,0,0,,0.13333332444444504,61146.6,12142.6,125860.80000000002,790,4,1
-0.523533905082024,-0.6024970610367161,0,0,,-0.3181818037190089,20904.32,5306.6,26886.799999999996,790,5,1
-0.07492670688037358,-0.41129469389340706,0,0,,0.5714285306122479,52589.095454545466,16406.6,137289.80000000002,790,6,1
-0.6934127735376195,-0.02047107662478006,0,0,,-0.5172413614744358,89330.08571428571,72349.4,114943.8,790,7,1
0.5248952778985571,0.37554098415790543,0,0,,0.15999999360000025,91196.98620689657,58207.9,304027.8,790,8,1
2.5517578929253864,0.6993601286595533,0,0,,0.47058820761245834,66298.996,28960.3,125628.8,790,9,1
5.0,0.16506643060973192,0,0,,0.41666663194444736,39014.094117647066,7848.3,58652.799999999996,790,10,1
-0.936864727830922,-0.33744654785272327,0,0,,0.0,33486.58333333333,18722.8,37750.799999999996,790,11,1
-0.15856183359540946,0.21203464477263373,0,0,,-0.24999998437500096,50541.70833333332,36120.6,33443.799999999996,790,12,1
0.45211078173659763,0.4824635406825663,0,0,,-0.11111110493827195,41699.8875,16563.8,53704.799999999996,790,13,1
0.8851553326917414,-0.4162640149791119,0,0,,0.2857142653061239,28128.777777777777,7026.7,66343.79999999999,790,14,1
0.14792662134974427,0.23527284890369163,0,0,,-0.055555552469135974,41167.958823529414,25226.4,62266.0,10911,0,0
-0.07806733735924332,0.03808187989780181,0,0,,-0.09999999500000024,33327.01666666666,21645.0,56135.0,10911,1,0
0.171345728731924,-0.2137269436505055,0,0,,0.3333333111111126,32104.419999999995,21433.0,67882.0,10911,2,0
-0.1423287994974128,0.10689209678694213,0,0,,-0.11764705190311459,40831.13333333333,31011.0,54826.0,10911,3,0
0.1661739852049246,0.009411824925730568,0,0,,0.0,36888.08823529412,20777.5,60558.0,10911,4,0
-0.19264946814778525,-0.14920541407815618,0,0,,-0.2272727169421492,36544.141176470584,22898.8,58572.0,10911,5,0
0.2392443018816811,0.21020231937829903,0,0,,0.37499997656250145,42952.95454545456,24198.8,79826.0,10911,6,0
-0.1437424996251437,-0.13315504959495383,0,0,,-0.05882352595155729,35492.375,22051.5,47226.0,10911,7,0
0.16737949772418034,0.14327128879258658,0,0,,0.13333332444444504,40944.317647058815,21178.2,71826.0,10911,8,0
-0.142858997357705,-0.11811790557292391,0,0,,-0.3181818037190089,35813.3,21073.3,40326.0,10911,9,0
0.1669855582243423,0.3009847183182205,0,0,,0.2941176297577865,40610.07727272726,20969.7,75726.0,10911,10,0
-0.16638167931009,-0.03545317748214812,0,0,,-0.14999999250000037,31214.87647058823,20861.3,55826.0,10911,11,0
0.19948073115416917,0.023639925344123004,0,0,,0.05263157617728546,32362.22000000001,19705.6,77926.0,10911,12,0
-0.14442624267890253,-0.21320088377181975,0,0,,-0.26923075887574005,31614.84736842105,17896.6,57226.0,10911,13,0
0.16954151913212503,-0.16526848378163006,0,0,,1.3636362396694328,40181.600000000006,21312.6,92826.0,10911,14,0
0.1653576969792765,0.0864357291486646,0,0,,0.0,52254.899999999994,35297.4,61695.799999999996,8129,0,0
-0.14199693362593024,-0.05761328614926549,0,0,,-0.10526315235457093,48097.55294117647,34910.6,55395.799999999996,8129,1,0
0.1642982820921288,-0.016552439894071208,0,0,,0.18749998828125072,51038.021052631586,35108.0,65435.8,8129,2,0
-0.14160886208539147,-0.037355468857188205,0,0,,-0.11111110493827195,51897.04375,36674.9,61615.799999999996,8129,3,0
0.16674489650165658,0.15968177383655016,0,0,,0.05882352595155729,53910.911111111105,38280.7,66015.8,8129,4,0
-0.14143281356614198,0.08887552100211535,0,0,,0.0,46487.67647058824,31858.8,45735.8,8129,5,0
0.1679662650575426,0.1513804867538805,0,0,,0.13333332444444504,42693.288235294116,32633.9,60295.799999999996,8129,6,0
-0.1426517334253901,0.06836159667098092,0,0,,-0.06249999609375024,37080.08666666666,24178.6,46695.8,8129,7,0
0.16527709346493583,-0.08046950923566389,0,0,,0.0,34707.43125,17225.7,72235.79999999999,8129,8,0
-0.1416801548307147,0.023514350110826223,0,0,,-0.15789472853185638,37744.73125,28395.4,58195.799999999996,8129,9,0
0.16557940589215195,0.08270696948367039,0,0,,0.11764705190311459,36877.57894736843,25857.8,62835.8,8129,10,0
-0.1403108479282743,-0.03158890768350069,0,0,,-0.055555552469135974,34060.53529411765,23465.8,54595.799999999996,8129,11,0
0.15874782875479043,-0.07281348158359584,0,0,,-0.14285713605442207,35171.566666666666,24393.9,74941.2,8129,12,0
-0.1377706800805143,-0.14350723762319217,0,0,,0.39999997333333515,37933.64761904762,27177.7,66270.4,8129,13,0
0.16496796457523388,0.03998299941280685,0,0,,0.6666665925926009,44289.51333333333,31059.7,74497.2,8129,14,0
-0.9981728380013348,-1.0272913870529625,5,5,,-0.37499997656250145,-410.85,-2162.6,3299.1,2176,0,1
-0.9344583257908246,-0.6181902669328702,0,0,,-0.3043478128544429,15054.2,1117.4,45803.799999999996,2176,1,1
3.9686528632667137,0.29012401002687005,0,0,,0.21052630470914185,39428.539130434794,9419.2,96603.8,2176,2,1
-0.7713910221840098,-0.35772075496061484,0,0,,-0.09523809070294806,30561.821052631578,5921.2,70303.79999999999,2176,3,1
0.04398095586043672,0.443969246488367,-3,0,,0.04999999750000012,47583.38571428572,23782.9,100303.79999999999,2176,4,1
5.0,2.2008341436385646,2,3,,0.3333333111111126,32953.185,-1928.8,63718.1,2176,5,1
-0.8368332118961663,-0.6414798805845584,1,1,,-0.2499999875000006,10295.186666666665,-1907.7,18703.800000000003,2176,6,1
-0.11662450497602621,-0.06583881899765541,0,0,,0.17647057785467188,28715.784999999996,11635.1,35403.8,2176,7,1
0.5306845533023029,0.12399150833978684,0,0,,0.0,30739.647058823528,12701.1,45403.799999999996,2176,8,1
-0.7544602725848951,-0.4859015953947018,0,0,,-0.468749985351563,27348.64705882353,14108.9,37703.8,2176,9,1
0.06607201867877587,0.0733678512580194,0,0,,0.27999998880000043,53197.3,28417.0,189638.8,2176,10,1
2.442532454771338,0.8410251816287543,0,0,,0.19047618140589612,49561.108,15158.6,141231.8,2176,11,1
-0.7184706466652255,-0.5172433174520324,0,0,,-0.2999999900000003,26920.385714285712,5250.5,128363.2,2176,12,1
0.7561775778679906,0.5653329901347584,0,0,,0.15384614792899431,55763.88,21527.7,117718.40000000001,2176,13,1
-0.5122977063924855,-0.3824697702880625,0,0,,-0.1874999941406252,35624.2923076923,11990.5,162785.2,2176,14,1
0.1549512694408283,-0.04374094071164346,0,0,,-0.09523809070294806,57438.547368421045,44913.5,49053.2,9093,0,0
-0.14180944656052688,-0.06328044023201054,0,0,,-0.045454543388429844,60065.88571428571,49898.7,53827.799999999996,9093,1,0
0.15950903399144112,-0.08783653591075605,0,0,,-0.18518517832647488,64123.65909090908,50168.9,63827.799999999996,9093,2,0
-0.14107224457699738,-0.06665296094437856,0,0,,0.07999999680000013,70298.42962962964,59672.8,56627.799999999996,9093,3,0
0.7275810961356116,0.15795521440786328,0,0,,0.19047618140589612,75318.64,64119.5,51007.8,9093,4,0
-0.41837727671346064,0.09903087971386387,0,0,,-0.045454543388429844,65044.51904761903,57102.0,35410.799999999996,9093,5,0
0.16706626263105717,0.18134157593351838,0,0,,-0.15384614792899431,59183.52272727273,48899.9,49936.799999999996,9093,6,0
-0.14202215462347634,0.009712539978423213,0,0,,0.0,50098.56923076922,41642.7,44487.8,9093,7,0
0.16384133006012291,0.0316592749743168,0,0,,0.23809522675737013,49616.665384615386,38832.6,57787.8,9093,8,0
-0.14113046094975779,-0.07320409000629774,0,0,,-0.08695651795841226,48094.042857142864,39808.6,45127.799999999996,9093,9,0
0.16481780159758475,0.12209765538892521,0,0,,-0.11538461094674572,51892.80869565218,36828.8,62467.799999999996,9093,10,0
-0.14221004295449252,-0.18598454334847692,0,0,,0.0,46246.25,34298.0,51527.8,9093,11,0
0.16204013694271996,-0.005272333246479356,0,0,,0.18181817355371938,56812.496153846165,42017.8,57827.8,9093,12,0
-0.13598385475023672,0.1668892821948326,0,0,,0.04761904535147403,57113.618181818165,44173.9,48187.799999999996,9093,13,0
0.16753659425661074,0.3111041065306593,0,0,,-0.1923076849112429,48945.19047619049,35583.1,37627.8,9093,14,0
0.15987794341988473,0.1553375092876651,0,0,,-0.26666665777777804,34648.66818181818,25378.6,52406.2,5215,0,0
-0.13815654342469627,-0.12168645493972101,0,0,,0.0,29990.08333333333,21707.7,38435.4,5215,1,0
0.16128949817246652,-0.08981296900033135,0,0,,0.19999999200000032,34145.07666666667,24126.4,58466.2,5215,2,0
-0.14124431211060393,0.05904996021500428,0,0,,-0.03846153698224858,37514.352,29213.8,42980.8,5215,3,0
0.16697578226522383,0.24392088854840419,0,0,,-0.10344827229488716,35422.64615384616,24236.9,49698.799999999996,5215,4,0
-0.15742916999815817,-0.20314559733493265,0,0,,-0.1470588192041524,28476.606896551726,14203.6,38222.799999999996,5215,5,0
0.18771839143889077,-0.021481038906621803,0,0,,2.777777469135837,35736.27352941177,20273.9,69771.8,5215,6,0
1.1055386662811633,1.7122846929298285,0,0,,1.249999687500078,36520.77777777778,29123.4,33600.0,5215,7,0
0.05676397995715353,-0.11279327918987617,0,0,,-0.17647057785467188,32287.571428571428,22726.0,14265.0,9403,0,0
0.3720854475324662,0.5869622779840756,0,0,,0.13333332444444504,36392.388235294115,18417.1,46465.0,9403,1,0
2.2432537526417664,0.2630049191754968,0,0,,0.2499999791666684,22932.106666666674,13980.5,23565.0,9403,2,0
-0.7356291072020184,-0.5373750356398526,0,0,,-0.3333333148148158,18156.78333333333,12438.3,9765.0,9403,3,0
0.047765179766249374,0.594265350882747,0,0,,0.19999998666666757,39247.305555555555,23331.0,71194.0,9403,4,0
1.0605061933710562,-0.2758473813373181,0,0,,0.0,24617.8,19260.0,11865.0,9403,5,0
-0.10425512760490578,-0.14652543678858249,0,0,,0.0,33995.32000000001,25968.7,25165.0,9403,6,0
-0.44806997566486056,0.03884642381088761,0,0,,0.15384614201183525,39831.67333333333,28707.2,34865.0,9403,7,0
0.5395857039322877,0.40138927506511257,0,0,,0.0,38342.21538461538,27838.0,20935.0,9403,8,0
-0.6347031803897667,-0.3426927486955584,0,0,,-0.4799999808000007,27360.146153846155,20195.9,9765.0,9403,9,0
5.0,0.36990420638495214,0,0,,0.9230768520710114,41624.592,23289.4,78856.0,9403,10,0
-0.8444402663694653,-0.13488420940447482,0,0,,-0.31578945706371275,30385.03846153846,20355.6,28465.0,9403,11,0
1.4457543024753163,0.2008224775388893,0,0,,0.11764705190311459,35122.5105263158,20849.5,58065.0,9403,12,0
0.03579792978643204,-0.1806538758026751,0,0,,-0.10526315235457093,29248.71176470588,18541.3,45165.0,9403,13,0
-0.7107541865063657,-0.1546885303919351,0,0,,-0.13636363016528952,35697.62631578947,13447.2,65275.0,9403,14,0
-0.533440922917735,-0.21328858826043448,0,0,,0.0,45430.53333333334,37598.5,25021.799999999996,9104,0,0
-0.7479351971436763,-0.20972537198033664,0,0,,-0.39999998400000064,57747.39333333332,46615.3,26577.8,9104,1,0
0.8618881037670459,0.08343968407761884,0,0,,0.47058820761245834,73072.564,35758.3,162549.8,9104,2,0
0.32491401910596923,0.002743130434078639,0,0,,-0.055555552469135974,67444.97647058824,38952.2,80709.8,9104,3,0
-0.48349463393651937,0.22600392165956532,0,0,,-0.05263157617728546,67260.47222222222,43205.9,67328.79999999999,9104,4,0
0.687898993706026,-0.20512678642129606,0,0,,-0.09523809070294806,54861.54736842105,35479.4,67722.8,9104,5,0
-0.40411414940073553,0.08498357855386426,0,0,,-0.045454543388429844,69019.24285714289,32503.6,116400.79999999999,9104,6,0
-0.09022081285678028,-0.15427404128890848,0,0,,0.09999999500000024,63613.16818181818,35121.0,121624.8,9104,7,0
-0.18868155788454405,0.17266980694547174,0,0,,0.17647057785467188,75217.23499999999,33030.5,130943.8,9104,8,0
2.1245958505710645,0.9464630714934499,0,0,,0.06249999609375024,64141.870588235295,31245.2,91043.79999999999,9104,9,0
1.303623083849935,-0.08281343343587516,0,0,,0.4545454132231443,32953.0375,24806.9,40743.799999999996,9104,10,0
-0.7674033617846484,-0.24896964578250536,0,0,,-0.3124999804687512,35928.390909090915,28293.2,27329.199999999997,9104,11,0
3.352642607939305,0.34389105460997293,0,0,,0.23076921301775286,47838.8,22426.2,82143.79999999999,9104,12,0
-0.8148349284761799,-0.5103865170624159,0,0,,-0.34999998250000086,35597.230769230766,26395.1,9943.800000000001,9104,13,0
0.3480829215445094,0.376152665333328,0,0,,0.17647057785467188,72704.76,31296.0,135843.80000000002,9104,14,0
-0.26099436744853693,0.2838308256671315,0,0,,-0.1666666597222225,71767.32,41767.8,85374.8,5120,0,0
1.6274076497181849,0.3211638199611564,0,0,,0.26315788088642733,55900.916666666664,29502.7,119126.79999999999,5120,1,0
-0.24112346755915054,0.4500793248831236,0,0,,0.18749998828125072,42311.87368421052,17463.7,89282.79999999999,5120,2,0
0.8495806537595546,0.01118672070434815,0,0,,0.06666666222222252,29179.00625,16673.5,23579.800000000003,5120,3,0
-0.5479871990173945,-0.476120425685947,0,0,,-0.28571427210884415,28856.2,14424.3,22782.800000000003,5120,4,0
-0.40607936674207745,-0.24525580558310206,0,0,,-0.22222221399176983,55081.74285714284,21101.9,126948.8,5120,5,0
3.8017877774355897,0.9705889626196805,0,0,,0.9285713622449028,72980.67777777778,38777.0,125825.8,5120,6,0
-0.6153578387304841,-0.24053582647248523,0,0,,-0.12499999218750048,37034.95714285714,22503.2,23967.800000000003,5120,7,0
-0.22365954351120265,-0.13068507966747103,0,0,,-0.11111110493827195,48764.5875,31482.9,77553.2,5120,8,0
-0.2799710697563938,-0.004092450803129625,0,0,,-0.24999998958333375,56095.42222222222,37243.7,117967.80000000002,5120,9,0
1.3328470487283872,0.2781823523113736,0,0,,0.4999999687500019,56325.93333333334,17407.2,151567.8,5120,10,0
-0.4582302523325507,-0.10640221147587128,0,0,,-0.05882352595155729,44067.212499999994,22985.6,52167.8,5120,11,0
1.428336416277555,0.42564248216759537,0,0,,0.13333332444444504,49314.370588235295,16488.9,52667.8,5120,12,0
-0.6874629500682161,-0.09413493817898679,0,0,,-0.4230769068047343,34590.98,13789.5,20967.8,5120,13,0
5.0,0.3844191542632858,0,0,,0.6249999609375024,38185.57692307693,8864.1,145236.80000000002,5120,14,0
0.16238332942629807,-0.20313542137412294,0,0,,0.09999999500000024,36722.46818181819,11549.1,110203.8,8519,0,0
-0.1412371415846301,0.01937314975064178,0,0,,-0.04761904535147403,46083.7,25982.1,101386.8,8519,1,0
0.16262553580192682,0.045492647093278944,0,0,,0.04999999750000012,45207.88095238096,21052.5,93302.8,8519,2,0
0.19742826393334784,-0.10584999701421159,0,0,,-0.04761904535147403,43240.745,13248.0,110276.8,8519,3,0
-0.3705938481864987,0.3792203809924006,0,0,,-0.1923076849112429,48359.60952380953,25101.2,114376.8,8519,4,0
0.5901743767660922,-0.24655494253583182,0,0,,0.1304347769376184,35063.00384615384,11374.1,120372.79999999999,8519,5,0
-0.16747636317361567,-0.034610818376140294,0,0,,0.0,46536.90869565217,18808.7,133647.8,8519,6,0
-0.1429801998948884,-0.4326994964660456,0,0,,0.7692307100591762,48205.33478260869,20602.5,153619.80000000002,8519,7,0
0.7431187951937752,1.3241601269765984,0,0,,1.1666664722222546,84973.19230769231,46912.8,104400.0,8519,8,0
-0.422671668032045,-0.4574721254703881,0,0,,-0.11764705190311459,18777.333333333332,12889.9,16490.0,10788,0,0
0.16048492000266903,1.5369594145942718,0,0,,0.06249999609375024,34610.81764705882,18227.3,34190.0,10788,1,0
2.058538345893166,-0.5303797843992349,0,0,,0.0,13642.6375,7693.2,19790.0,10788,2,0
-0.7863595975319558,-0.28242989603142593,0,0,,0.4545454132231443,29050.362500000003,16289.0,36740.0,10788,3,0
1.8163125292161442,0.15375295001965128,0,0,,0.3749999531250059,40484.354545454546,28255.3,30700.0,10788,4,0
-0.19941755705098085,0.6142011960418005,0,0,,0.1428571224489825,35089.274999999994,25196.6,18300.0,10788,5,0
0.2028854699776221,-0.07642912054942494,0,0,,-0.12499999218750048,80799.04285714286,66935.8,86043.8,8260,0,0
-0.12168745305555631,0.0649474699754503,0,0,,0.0,87485.48125,61925.4,127445.79999999999,8260,1,0
0.1659121886439355,0.08099165203914757,0,0,,0.23076921301775286,82150.04375,59212.2,118343.8,8260,2,0
-0.1427983352240424,-0.11686708457474629,0,0,,-0.13333332444444504,75995.07692307691,49866.1,50843.799999999996,8260,3,0
0.1689900509776172,0.25896947005508725,0,0,,0.15384614201183525,86051.68666666668,56727.6,143217.8,8260,4,0
-0.14124462453088818,0.19827878410086872,0,0,,-0.13333332444444504,68350.8923076923,40711.7,76443.79999999999,8260,5,0
0.16549458819216467,-0.10975680749219437,0,0,,0.2499999791666684,57040.89333333333,38781.5,101543.8,8260,6,0
-0.14186152172219665,0.25248461598782923,0,0,,-0.3333333148148158,64073.38333333333,45494.3,80943.79999999999,8260,7,0
0.1667313771257676,0.0182713255332107,0,0,,0.12499999218750048,51157.02222222222,29216.9,120970.79999999999,8260,8,0
-0.14247663498012222,0.2121310216065111,0,0,,-0.05882352595155729,50239.087499999994,30504.8,82778.79999999999,8260,9,0
0.1651615771717206,-0.1716588950964465,0,0,,0.06249999609375024,41446.91176470588,23209.6,110119.79999999999,8260,10,0
-0.14222396452877767,-0.0018390448822203577,0,0,,-0.27272726033057904,50036.04375,38544.7,95123.79999999999,8260,11,0
0.16527086269391997,-0.20682549991078022,0,0,,0.37499997656250145,50128.23181818182,15574.1,146621.80000000002,8260,12,0
-0.14293930415342634,0.03860190691453875,0,0,,-0.15789472853185638,63199.5,45496.2,108267.79999999999,8260,13,0
0.16579082609560453,0.132721706430355,0,0,,0.055555552469135974,60850.55263157895,37308.2,132633.8,8260,14,0
0.16554524431596337,-0.08615644977716216,0,0,,0.3333333148148158,51482.87916666667,24141.6,167721.8,4259,0,0
-0.14224600723561376,0.14849621150356423,0,0,,-0.3333333209876548,56336.64444444445,37888.5,103956.79999999999,4259,1,0
0.1649911352833328,-0.110184679842327,0,0,,0.2272727169421492,49052.52962962962,27677.0,151956.8,4259,2,0
-0.14160665655856183,-0.005271840799581074,0,0,,0.09999999500000024,55126.640909090915,33201.5,129856.8,4259,3,0
0.16529362831428285,-0.12842388960378487,0,0,,0.05263157617728546,55418.80000000001,27111.9,150356.8,4259,4,0
-0.14207346949209548,0.21094681480908076,0,0,,-0.38709676170655605,63584.57894736842,42404.0,103956.79999999999,4259,5,0
0.16319285610247897,-0.2967564866560172,0,0,,0.5499999725000013,52508.15161290324,28153.7,165684.80000000002,4259,6,0
-0.14095084712915698,0.01432931050071098,0,0,,0.8181817438016598,74665.67500000002,47814.8,134051.8,4259,7,0
0.7396128092260151,0.7850471492548475,0,0,,1.199999760000048,73610.88181818182,38043.9,145116.0,4259,8,0
-0.7791950503188221,-0.33401229524852805,0,0,,-0.3333333174603182,59062.878571428555,39650.1,44043.799999999996,10105,0,0
1.7785099887679974,0.47594572522672585,0,0,,0.10526315235457093,88684.63809523809,61223.7,144694.8,10105,1,0
-0.4818598720022664,-0.32679528898142113,0,0,,0.0,60086.652631578945,42513.4,54143.799999999996,10105,2,0
0.21685962010516188,0.16747249531553807,0,0,,0.11764705190311459,89254.65263157894,57752.7,123643.8,10105,3,0
-0.5249020320708166,0.03548126863974459,0,0,,-0.2272727169421492,76451.18235294118,62756.3,84943.79999999999,10105,4,0
0.8929717763213365,0.6367284250852596,0,0,,-0.04347825897920613,73831.54545454546,38634.6,174801.80000000002,10105,5,0
-0.0034009609420462793,0.003072870586421855,0,0,,0.21052630470914185,45109.221739130444,20825.2,90323.79999999999,10105,6,0
-0.5114654003837353,-0.29830919748835244,0,0,,-0.26923075887574005,44971.031578947375,23113.8,113794.8,10105,7,0
1.0638356431549585,0.20399988685846251,0,0,,0.18181817355371938,64089.52692307692,22951.2,251646.80000000002,10105,8,0
-0.17871433946426254,-0.019426616573002597,0,0,,-0.15384614792899431,53230.5090909091,31320.5,111354.8,10105,9,0
1.4628131204235342,0.010373444492416015,0,0,,2.7142853265306677,54285.08461538461,27502.7,133450.8,10105,10,0
0.17724173116279596,0.30183390154582074,0,0,,-0.12499998437500197,53727.74285714286,38737.3,59600.0,10105,11,0
0.2169392025022415,0.5540216154030739,0,0,,0.9999997500000625,41270.8125,30372.3,31600.0,10105,12,0
0.18786286280119588,-0.06343519788937621,0,0,,0.1999999900000005,56289.44583333333,25726.4,128241.8,3050,0,0
-0.143288184905954,0.21276222658692404,0,0,,-0.33333332222222256,60102.02999999999,23178.7,98375.2,3050,1,0
0.1644402767905098,-0.22932398448234004,0,0,,0.19999999200000032,49557.96666666667,23414.0,124660.8,3050,2,0
-0.14274494807662874,-0.12824442298411148,0,0,,-0.07407407133058995,64304.54000000001,38130.6,111432.79999999999,3050,3,0
0.1497091053480672,0.7130665793542301,0,0,,-0.12903225390218534,73764.41481481482,43294.6,123680.8,3050,4,0
-0.13516128658488932,-0.12243021617259406,0,0,,-0.11428571102040827,43059.86451612903,14782.2,126412.8,3050,5,0
0.17179393000445703,-0.251641823196945,0,0,,0.590909064049588,49067.16857142858,11724.2,157535.80000000002,3050,6,0
0.4927210791862114,-0.16433698955396647,0,0,,1.7499997812500274,65566.42272727274,30941.3,149984.2,3050,7,0
0.1404387777275385,1.7411968078303488,0,0,,1.6666661111112961,78460.3625,51203.0,96600.0,3050,8,0
0.003347212894530161,-0.07938528115756824,0,0,,-0.15789472853185638,56970.8125,24423.4,64452.799999999996,3674,0,0
-0.4873448664457639,-0.2518860039734035,0,0,,-0.32142855994898,61883.44736842107,35157.6,116563.8,3674,1,0
0.18883219809137186,-0.004560924726666174,0,0,,0.399999980000001,82719.27500000001,46567.0,231152.80000000002,3674,2,0
-0.029005974265039442,0.3527652144411679,0,0,,-0.28571427551020445,83098.28,43515.6,175636.80000000002,3674,3,0
0.3902289527434828,0.014515781726519445,0,0,,0.1666666597222225,61428.45714285714,18864.4,163052.8,3674,4,0
1.161613234029747,1.483521336306784,0,0,,0.3333333148148158,60549.53333333335,32939.5,123262.8,3674,5,0
0.32716202021047625,-0.21406708440387967,0,0,,0.0,24380.516666666666,5756.0,47652.8,3674,6,0
-0.22789207782765517,-0.4711005441034136,0,0,,0.4999999583333368,31021.116666666665,10820.0,62652.8,3674,7,0
-0.23939008421108268,0.5477728856988924,0,0,,0.33333329629630043,58652.200000000004,26157.1,86392.6,3674,8,0
0.15312690732085338,0.3053562888756791,0,0,,-0.05882352595155729,64691.03125,48237.2,113952.79999999999,5481,0,0
-0.13206544720228144,0.10506039370625689,0,0,,-0.2272727169421492,49558.1411764706,27137.3,81615.79999999999,5481,1,0
0.1649505805351849,-0.1358823273047066,0,0,,0.2222222098765439,44846.54545454545,27005.8,125249.8,5481,2,0
-0.14277288847502534,-0.08884797522893732,0,0,,0.12499999218750048,51898.65555555556,26343.8,106581.8,5481,3,0
0.1669550275238368,-0.07881895765552717,0,0,,0.06666666222222252,56959.381250000006,31454.8,104196.79999999999,5481,4,0
-0.15889655045719184,0.289393056717767,0,0,,-0.21052630470914185,61832.99333333332,46793.2,96732.79999999999,5481,5,0
0.1864441994748029,-0.34160927629031823,0,0,,0.3571428316326549,47955.11578947368,27683.7,132893.8,5481,6,0
-0.13880830136854294,0.24296099743490376,0,0,,0.07692307100591762,72836.86428571427,60067.6,95643.79999999999,5481,7,0
0.15941862245192637,-0.28692000421249836,0,0,,0.0,58599.476923076916,33437.9,119329.20000000001,5481,8,0
-0.14045784170020426,0.18429777785528373,0,0,,-0.34999998250000086,82177.98461538462,55472.8,85843.79999999999,5481,9,0
0.16748939094614662,0.282358524743299,0,0,,0.24999998437500096,69389.62999999999,42821.0,113943.8,5481,10,0
0.47841852800479506,0.08644793393934852,0,0,,-0.11111110493827195,54110.94375,29581.2,83830.8,5481,11,0
-0.4189903170356162,0.041190879371548764,0,0,,0.12499999218750048,49805.37222222222,30466.8,85372.8,5481,12,0
0.16691983645110092,0.12041581047933052,0,0,,-0.05882352595155729,47835.00625,24254.0,103313.79999999999,5481,13,0
-0.142600545806147,-0.18808620677780355,0,0,,0.21428569897959293,42693.97647058823,17385.1,92943.8,5481,14,0
0.6847601560379487,-0.20144392064963001,0,0,,-0.09523809070294806,33413.57894736843,26899.6,24780.8,9307,0,0
-0.8198453055355958,-0.15065617969082826,0,0,,-0.15999999360000025,41842.49523809525,24833.0,35495.8,9307,1,0
4.507203817785996,0.5803346605234067,0,0,,0.31578945706371275,49264.496,16871.7,74142.8,9307,2,0
-0.7722215078243068,-0.4224159035991922,0,0,,-0.20833332465277812,31173.457894736846,19198.4,22210.8,9307,3,0
0.6760925868785234,0.5851448408377022,0,0,,0.0,53972.15416666667,33389.7,75210.8,9307,4,0
-0.10634427102297317,0.770066598726766,0,0,,0.0,34048.72083333333,14573.4,59805.8,9307,5,0
-0.2604717024011185,-0.4470634502666807,0,0,,-0.07692307396449716,19235.841666666664,7917.2,55055.799999999996,9307,6,0
-0.19467862988316317,-0.1413187837838588,0,0,,-0.037037035665294975,34788.515384615384,11938.8,82282.79999999999,9307,7,0
0.412076813340356,-0.08805960433360585,0,0,,1.4545453223140616,40513.88888888887,10277.4,141086.8,9307,8,0
1.4605594555000883,2.164523868530816,0,0,,0.57142848979593,44426.027272727275,28604.4,46200.0,9307,9,0
-0.15060090393217498,-0.11724268202243879,0,0,,-0.05882352595155729,15847.95,12811.8,15898.800000000001,4427,0,0
0.12672719380414824,-0.13176370449367483,0,0,,0.0,17952.782352941176,12701.3,23338.800000000003,4427,1,0
-0.12400584834747895,-0.1034582932220115,0,0,,0.06249999609375024,20677.300000000003,13894.2,25198.800000000003,4427,2,0
0.11729987254664831,0.016371928472402864,0,0,,-0.1999999900000005,23063.4,15340.5,16458.800000000003,4427,3,0
-0.1736157549783165,-0.12636840865838037,0,0,,-0.04761904535147403,22691.889999999996,15597.8,47158.8,4427,4,0
0.26906267237373616,0.0014646879782290376,0,0,,0.10526315235457093,25974.20952380952,17082.0,49098.799999999996,4427,5,0
0.059884699815893984,-0.15302653618184456,0,0,,0.3571428316326549,25936.221052631576,21224.3,42578.8,4427,6,0
-0.0380801998632401,0.23479910296301584,0,0,,0.5555554938271674,30622.235714285718,22936.0,36664.6,4427,7,0
-0.10355386774260761,-0.15213755521545286,0,0,,-0.07692307396449716,26387.025000000005,16595.6,27163.8,3834,0,0
-0.06780251671844192,0.19504977689780836,0,0,,-0.21212120569329682,31121.823076923083,21989.4,50063.8,3834,1,0
-0.05644667168473151,-0.18835764074040567,0,0,,0.26923075887574005,26042.28181818182,7675.2,64143.8,3834,2,0
0.16868011297063978,0.39879334806355626,0,0,,-0.10344827229488716,32085.907692307686,22162.6,31363.800000000003,3834,3,0
-0.05205755951222791,0.0964978377926908,0,0,,0.07407407133058995,22938.275862068956,11708.4,37383.8,3834,4,0
0.12907699084522092,0.01414506062048963,0,0,,-0.22857142204081654,20919.58148148148,8988.5,48909.2,3834,5,0
-0.09071476012689507,-0.30867502156300053,0,0,,0.20689654458977433,20627.8,7361.6,55283.799999999996,3834,6,0
0.015551063440876886,0.4708283345334012,0,0,,0.0,29838.06551724138,18590.1,46443.799999999996,3834,7,0
-0.016281923287820004,-0.40306268476513446,0,0,,0.9333332711111153,20286.572413793103,6790.6,36383.799999999996,3834,8,0
0.3921062055446957,0.5900358434162161,0,0,,1.14285697959186,33984.42666666666,13339.8,63996.6,3834,9,0
-0.38024449681475403,-0.4724061131242444,0,0,,-0.05882352595155729,15670.125000000002,4984.1,42686.799999999996,7824,0,1
0.3634383978024073,-0.2825470243178847,0,0,,-0.2272727169421492,29701.11176470588,7678.7,68086.79999999999,7824,1,1
-0.24371051231367516,1.3630819542025236,-5,0,,0.37499997656250145,41397.990909090906,7626.1,83701.79999999999,7824,2,1
5.0,-0.332465090771995,5,5,,0.06666666222222252,17518.64375,-2631.0,24247.899999999998,7824,3,1
-0.7865280752162408,-0.33729113063706484,0,0,,0.6666665925926009,26243.78666666667,2585.7,50047.2,7824,4,1
0.27450061317903385,-0.12791443119323428,0,0,,0.799999840000032,39600.77777777778,30089.1,46300.0,7824,5,1
5.0,0.9829379912234527,0,0,,0.6666664444445185,45409.280000000006,20500.0,25400.0,7824,6,1
-0.7499999999278846,0.11165048543147328,0,0,,0.0,22900.0,21800.0,3100.0,7824,7,1
-0.1404958677569838,2.2440944878355755,0,0,,0.499999750000125,20600.0,19000.0,0.0,7824,8,1
0.9062810970096301,0.4559967064884092,0,0,,0.26923075887574005,78267.17575757575,19001.1,243890.8,8566,0,1
2.23261251565833,1.5324902698953473,0,0,,0.6249999609375024,53755.049999999996,20105.6,134990.8,8566,1,1
1.4380004803892739,1.5046062760397405,0,0,,0.14285713265306196,21226.162500000002,6733.6,19496.800000000003,8566,2,1
-0.3558320974803072,-0.3499944153868061,0,0,,-0.12499999218750048,8474.85,3765.0,10602.800000000001,8566,3,1
-0.16063895134908135,-0.11757144583985178,0,0,,-0.15789472853185638,13038.11875,5040.3,19496.800000000003,8566,4,1
1.6097300884443908,0.4603756428685118,0,0,,0.18749998828125072,14775.268421052633,4164.1,28390.8,8566,5,1
-0.5493668630027984,-0.3687302938120315,0,0,,-0.11111110493827195,10117.44375,3395.6,19496.800000000003,8566,6,1
-0.024266870364786475,-0.4872062319963582,0,0,,-0.09999999500000024,16027.133333333335,6815.5,28390.800000000003,8566,7,1
-0.5059811071183309,0.7800590998246395,0,0,,0.05263157617728546,31254.539999999997,12095.1,56313.799999999996,8566,8,1
0.2706289153661763,-0.1497304204980204,0,0,,0.0,17558.14736842105,7911.8,28390.800000000003,8566,9,1
0.43175843495013644,1.1531685681836534,0,0,,0.055555552469135974,20650.094736842108,5745.5,33690.8,8566,10,1
0.2661569012577062,-0.0762875889607194,0,0,,0.19999998666666757,9590.56111111111,3034.3,28390.800000000003,8566,11,1
-0.32719500945408386,0.012552441350851406,0,0,,-0.2499999875000006,10382.626666666669,5952.2,28376.199999999997,8566,12,1
5.0,-0.12348388551655086,-5,0,,0.0,10253.915,4136.5,32942.6,8566,13,1
-0.9712262775328809,-0.8112254210865514,5,5,,-0.2592592496570648,11698.49,-2719.7,44044.09999999999,8566,14,1
-0.876936904538898,0.03619025872784661,0,0,,-0.24999998437500096,24505.433333333334,10885.8,29947.8,7965,0,0
4.5816266853624885,0.008156489325921099,0,0,,0.06666666222222252,23649.55,2442.6,44470.8,7965,1,0
-0.8750687631733414,-0.6190176064249636,0,0,,-0.3181818037190089,23458.21333333333,8969.5,44547.799999999996,7965,2,0
0.5921356643448615,0.45081841205452816,0,0,,0.2222222098765439,61572.9590909091,29927.8,147747.8,7965,3,0
0.0015396529156143273,-0.27611529410188485,0,0,,0.2857142653061239,42440.15555555556,18825.0,83861.2,7965,4,0
0.13792381885516544,0.12694714265058457,0,0,,0.5555554938271674,58628.33571428571,30839.2,65497.2,7965,5,0
5.0,5.0,0,0,,3.499998250000875,52024.03333333333,16200.0,36600.0,7965,6,0
-0.14140965976110687,0.006234921860182391,0,0,,0.11999999520000018,70720.65357142857,51185.0,88883.79999999999,5952,0,0
0.16463002521699147,0.09229053671471965,0,0,,-0.19354838085327802,70282.448,51105.9,94483.8,5952,1,0
-0.14099918784714666,-0.04264173625467983,0,0,,0.1923076849112429,64344.09677419353,34731.9,125422.8,5952,2,0
0.16389157439343174,0.04894116723279426,0,0,,0.0,67210.05000000002,43123.0,63983.8,5952,3,0
-0.14041392337332895,0.04177753896077931,0,0,,0.08333332986111125,64074.184615384605,42963.2,125483.8,5952,4,0
0.12690960024181325,0.2821995236246303,0,0,,-0.22580644432882438,61504.67083333334,40219.5,71283.8,5952,5,0
-0.11174772409648984,-0.04871488285335125,0,0,,0.10714285331632667,47968.09677419355,29190.3,113603.8,5952,6,0
0.156874928964034,-0.07223951586400576,0,0,,-0.06666666444444451,50424.521428571425,22581.9,78102.8,5952,7,0
-0.13684997708174712,-0.026841767751465337,0,0,,0.034482757431629055,54350.79666666668,27037.6,140575.2,5952,8,0
0.16485202489139456,-0.07482565948182608,0,0,,-0.06451612695109267,55849.90689655173,31142.0,104583.8,5952,9,0
-0.14293604525029324,-0.15257558004382765,0,0,,2.4444441728395367,60366.9,27713.7,155217.80000000002,5952,10,0
2.4204663090837073,1.898514713763405,0,0,,1.9999993333335555,71235.73333333334,30817.9,53200.0,5952,11,0
-0.1421744709780793,-0.07098774168911044,0,0,,0.09090908677685969,29685.391666666663,14490.3,76956.79999999999,6040,0,0
0.16554389905955516,0.057317511988956724,0,0,,-0.21428570663265334,31953.71363636364,15300.9,70556.79999999999,6040,1,0
-0.14297113395774583,-0.25531418942274503,0,0,,0.27272726033057904,30221.492857142865,16144.2,75056.8,6040,2,0
0.16798471554093136,0.30546613120744387,0,0,,0.0,40582.87727272729,22541.8,69956.8,6040,3,0
-0.14204778473728122,0.03697852676196072,0,0,,0.0,31086.886363636375,16589.4,52356.799999999996,6040,4,0
0.16519826105263555,-0.01499973431592654,0,0,,-0.21428570663265334,29978.33181818182,18263.9,74756.79999999999,6040,5,0
-0.14144810262274973,-0.20528801623177187,0,0,,0.399999980000001,30434.846428571418,19691.3,72756.8,6040,6,0
0.1633219717241078,0.018808845689422208,0,0,,-0.2592592496570648,38296.700000000004,25663.4,71042.2,6040,7,0
-0.1429282599449064,-0.14673392033509386,0,0,,0.07999999680000013,37589.68148148148,26984.4,73656.8,6040,8,0
0.16666366517542697,0.18248205240676998,0,0,,-0.19354838085327802,44053.88,33110.2,78156.8,6040,9,0
-0.1434025764649183,-0.22084070216292367,0,0,,0.10714285331632667,37255.43225806452,27459.2,69656.8,6040,10,0
0.16520794793002905,-0.08876896428692203,0,0,,0.8666666088888928,47814.91071428572,35873.5,82935.8,6040,11,0
0.12907317551453779,0.6791089188654763,0,0,,1.14285697959186,52472.87333333334,42601.5,66085.6,6040,12,0
-0.3217554386315794,0.01827785831519303,0,0,,-0.2222222098765439,84985.19285714286,48030.9,80343.8,4448,0,0
-0.16728682964566208,0.28737502994521313,0,0,,-0.35714284438775556,83459.72777777778,31706.8,186343.8,4448,1,0
1.2601481333374933,-0.26360865452270044,0,0,,0.5555555246913597,64829.38214285716,34850.9,175471.80000000002,4448,2,0
-0.381895552665748,0.21865917687028247,0,0,,0.19999998666666757,88036.58888888889,63246.3,91550.79999999999,4448,3,0
0.08072266320891654,-0.10332589639300778,0,0,,-0.11764705190311459,72240.53333333335,40357.3,81860.79999999999,4448,4,0
0.15952437883581191,0.3887125588851295,0,0,,-0.10526315235457093,80564.98235294118,51695.7,145785.8,4448,5,0
-0.02632709693190341,-0.34248325708555516,0,0,,0.11764705190311459,58014.152631578945,41507.9,65639.8,4448,6,0
-0.379110337795821,0.10264746100192365,0,0,,-0.2272727169421492,88232.20588235294,49586.9,143243.8,4448,7,0
0.005225236487198418,0.046424175456299566,0,0,,0.15789472853185638,80018.50909090912,51259.8,153330.8,4448,8,0
0.2965902699447212,0.3257002150508646,0,0,,-0.17391303591682453,76468.5210526316,26147.6,146080.2,4448,9,0
1.534616127362934,0.2523095418973541,0,0,,0.7692307100591762,57681.60869565216,24417.9,119543.80000000002,4448,10,0
0.3361373317991225,0.36694628554810793,0,0,,-0.13333332444444504,46060.184615384605,37952.6,30442.799999999996,4448,11,0
0.33789030011524573,-0.0012481223658826926,0,0,,-0.1666666574074079,33695.67999999999,24294.1,48177.799999999996,4448,12,0
-0.5611200334902479,-0.08633866377978913,0,0,,-0.14285713605442207,33737.78888888889,19632.4,46899.799999999996,4448,13,0
-0.24533828669892452,-0.3031730045534845,0,0,,0.615384568047341,36925.92380952382,20769.2,61866.799999999996,4448,14,0
-0.5752418494025512,-0.14359654034024963,0,0,,-0.29032257127991706,79421.25454545453,48897.3,104661.79999999999,8982,0,0
2.1130318259674437,0.7617179286944546,0,0,,0.4090908904958686,92738.12903225805,61503.8,311359.8,8982,1,0
0.12604053292357992,-0.2840958235649641,0,0,,0.2222222098765439,52640.73636363637,33710.7,65170.799999999996,8982,2,0
0.6387557742459098,0.3079301479545079,0,0,,0.2857142653061239,73530.42222222223,49356.5,101483.20000000001,8982,3,0
0.07906583113682433,-0.16268065056540754,0,0,,-0.17647057785467188,56218.92142857144,43887.9,43.8,8982,4,0
-0.44596290438184727,0.30922901047683204,0,0,,-0.19047618140589612,67141.55294117646,41041.6,88485.79999999999,8982,5,0
3.400075106939521,0.22482095115496858,0,0,,0.3124999804687512,51283.276190476194,29601.2,25243.799999999996,8982,6,0
-0.8671068261636925,-0.389484096258997,0,0,,-0.27272726033057904,41870.01875,32640.5,15179.800000000001,8982,7,0
-0.10473615319257358,0.1902080142843365,0,0,,-0.08333332986111125,68581.37272727273,41189.8,151256.80000000002,8982,8,0
1.4258363986262519,0.6868997737038094,0,0,,0.4999999687500019,57621.333333333336,25279.8,158338.80000000002,8982,9,0
1.7718718473023907,-0.0412573709088991,0,0,,-0.11111110493827195,34158.125,23499.7,17443.800000000003,8982,10,0
-0.7379990573895915,-0.3761796189195405,0,0,,-0.09999999500000024,35628.044444444444,23629.9,38057.8,8982,11,0
3.890296060262781,1.5036848006823906,0,0,,0.24999998437500096,57112.665,25605.9,68395.79999999999,8982,12,0
0.032810621117926486,0.039877656604993865,0,0,,-0.11111110493827195,22811.443750000002,15520.5,22379.800000000003,8982,13,0
-0.8908395674574942,-0.6725132141395782,0,0,,-0.3333333209876548,21936.661111111112,12668.3,19243.8,8982,14,0
-0.07033695053222783,-0.060138129882651124,0,0,,0.07692307100591762,34419.02857142857,23293.5,12143.800000000001,6363,0,0
0.16397303002861688,-0.16675248646602248,0,0,,0.0,36621.36923076923,16882.9,58763.799999999996,6363,1,0
-0.14067925072747725,0.019862747904575755,0,0,,0.0,43950.16923076923,39979.5,34303.8,6363,2,0
0.1652498415838558,0.05098772716538869,0,0,,-0.23529410380622917,43094.2,36887.8,33363.799999999996,6363,3,0
-0.14177570947669615,-0.029815913297621795,0,0,,0.0,41003.52352941177,35724.3,34263.8,6363,4,0
0.1643021236016052,0.061859740631005994,0,0,,0.13333332444444504,42263.65294117648,34809.5,43043.8,6363,5,0
-0.13888895589890535,-0.06750240417159772,0,0,,0.0,39801.54000000001,36159.3,32943.8,6363,6,0
-0.057561137534273304,0.9388185416399916,0,0,,0.8749998906250137,42682.72666666668,32582.8,34474.6,6363,7,0
0.043469713638795246,-0.2839618949716612,0,0,,0.36842103324099823,28701.776923076926,3275.0,98590.9,1012,0,0
-0.0748975561292978,0.5264481713609082,0,0,,-0.20833332465277812,40084.14736842106,23568.2,57586.799999999996,1012,1,0
-0.20063947413665775,0.2413338884572911,0,0,,-0.07692307396449716,26259.75,10603.4,82111.8,1012,2,0
0.3430908883267518,-0.4030173385897818,0,0,,0.23809522675737013,21154.461538461535,9506.4,97764.8,1012,3,0
-0.09840723415368452,-0.1836446891778708,0,0,,0.10526315235457093,35435.63809523809,17770.1,96723.79999999999,1012,4,0
0.26715149459274906,-0.03641997334980358,0,0,,0.11764705190311459,43407.12631578947,8854.3,87916.8,1012,5,0
-0.12358192778794368,-0.15145537040248147,0,0,,-0.3199999872000005,45047.76470588235,25881.5,48277.8,1012,6,0
0.1723320359386749,0.14229629702374788,0,0,,1.083333243055563,53088.26800000001,31527.3,111971.2,1012,7,0
1.9790856457584718,2.6386801067941263,0,0,,4.99999750000125,46475.04166666666,23793.1,30700.0,1012,8,0
-0.14257143955835522,-0.01396090997674679,0,0,,-0.11764705190311459,43897.926666666666,31363.1,45109.799999999996,2167,0,0
0.16615428524604978,0.1074976086093788,0,0,,0.06249999609375024,44519.45882352941,34011.6,67469.8,2167,1,0
-0.1430997154829355,-0.13559816567919045,0,0,,-0.11111110493827195,40198.24375,28125.3,42009.8,2167,2,0
0.16643097684036498,0.07714773751745832,0,0,,0.12499999218750048,46504.11666666667,34051.2,74609.79999999999,2167,3,0
-0.1422264170713856,-0.012583284892758295,0,0,,-0.15789472853185638,43173.387500000004,33550.1,47129.8,2167,4,0
0.16331510135806762,-0.11254652407261957,0,0,,0.18749998828125072,43723.57368421052,29598.1,74329.8,2167,5,0
-0.14170882217269135,-0.04777909924041101,0,0,,-0.11111110493827195,49268.58125,39390.3,48809.8,2167,6,0
0.1694397542226338,0.21911217505911534,0,0,,0.0,51740.705555555556,35983.1,60909.8,2167,7,0
-0.17232801432222236,0.041087724923523805,0,0,,-0.05263157617728546,42441.30000000001,27857.0,76995.2,2167,8,0
0.2053447206332148,0.12900439659337373,0,0,,-0.04999999750000012,40766.30526315789,19754.7,65209.799999999996,2167,9,0
-0.1418419145980321,-0.24599854662649576,0,0,,0.5384614970414233,36108.189999999995,23208.7,78709.8,2167,10,0
0.7248371094852227,0.6448517343623292,0,0,,0.857142734693895,47888.75384615385,28081.5,97176.6,2167,11,0
-0.8061470442152953,-0.2550958688768317,0,0,,0.055555552469135974,50442.515789473684,28637.6,47198.8,5622,0,0
0.7403105499277712,0.14077626767984236,0,0,,-0.14285713605442207,67716.78888888887,27808.4,82929.2,5622,1,0
-0.5334437238937196,-0.1331660959381668,0,0,,-0.2999999900000003,59360.271428571425,34856.8,68917.4,5622,2,0
-0.1476293336154498,-0.2529153015969853,0,0,,-0.09090908815427007,68479.40666666666,39547.5,175829.2,5622,3,0
0.6272257090085157,0.29028864593996095,0,0,,0.4347825897920613,91662.17272727271,53146.6,211634.8,5622,4,0
-0.267016554913831,0.07538802343232541,0,0,,-0.041666664930555625,71040.05217391303,38711.8,116343.8,5622,5,0
-0.2062656091613146,0.06423981104787531,0,0,,-0.35135134185536915,66059.92499999999,28116.2,159543.80000000002,5622,6,0
-0.008812929472657119,0.1899090565526332,0,0,,0.15624999511718765,62072.40540540539,29588.7,234443.80000000002,5622,7,0
0.06400408620286399,-0.20406963080100893,0,0,,0.0,52165.671875,27357.8,198643.80000000002,5622,8,0
0.12428096910052991,-0.08117590862704742,0,0,,1.2857141938775576,65540.496875,23336.8,217886.8,5622,9,0
-0.14109135023579458,0.1947015502883259,0,0,,0.11764705190311459,29695.515789473688,14830.1,44162.799999999996,5991,0,0
0.1660123844781026,0.06653709061091151,0,0,,-0.10526315235457093,24856.011764705883,11189.3,42682.8,5991,1,0
-0.14206723370670116,0.015072200834045037,0,0,,-0.04999999750000012,23305.34210526316,13337.8,38162.799999999996,5991,2,0
0.16483986547671994,-0.08679606455312365,0,0,,-0.04761904535147403,22959.295000000002,13850.9,53942.8,5991,3,0
-0.14335544752195387,-0.17457538794482078,0,0,,0.04999999750000012,25141.47619047619,14078.5,50102.8,5991,4,0
0.046971454669157836,0.02806605083358599,0,0,,-0.09090908677685969,30458.83999999999,15784.2,64222.8,5991,5,0
-0.045851425622240836,-0.20065097592075962,0,0,,-0.15384614792899431,29627.318181818187,18072.8,42402.8,5991,6,0
0.16490378074224174,-0.03430181068621775,0,0,,0.29999998500000075,37064.307692307695,26071.8,61562.8,5991,7,0
-0.14237325916686783,-0.031209869763868463,0,0,,-0.04761904535147403,38380.84000000001,26006.8,43242.8,5991,8,0
0.08263071365389946,0.02674480310732246,0,0,,0.0,39617.29047619047,25498.7,62862.8,5991,9,0
-0.12328631264858633,0.20836245778910134,0,0,,-0.15999999360000025,38585.33333333332,27574.4,36102.8,5991,10,0
0.22987818760917003,-0.0448489521608886,0,0,,0.3888888672839518,31931.92,19274.3,56802.8,5991,11,0
-0.13921534315369025,0.002154118260608835,0,0,,0.05882352595155729,33431.27777777778,26469.5,44282.8,5991,12,0
0.1641589152464734,0.2259783934747426,0,0,,-0.14999999250000037,33359.41764705882,22984.7,48568.2,5991,13,0
-0.14394983101199554,-0.2455613819328795,0,0,,-0.23076922189349144,27210.445,13015.8,35302.799999999996,5991,14,0
-0.28866627783354626,-0.19590158483852768,0,0,,-0.055555552469135974,49367.72941176471,35817.6,37063.8,290,0,0
0.04900736683124545,0.7254918260726548,0,0,,-0.05263157617728546,61395.13333333333,46483.4,37206.8,290,1,0
-0.7551342159075564,-0.5398887533236543,0,0,,-0.38709676170655605,35581.23684210527,22564.2,39723.8,290,2,0
1.1254650374562865,0.2296417729844313,0,0,,0.34782607183364905,77331.81290322581,37586.9,205924.80000000002,290,3,0
-0.23472955454830732,0.12392097895576033,0,0,,-0.07999999680000013,62889.708695652196,26124.1,100157.8,290,4,0
0.4013890985268513,0.12416237739678317,0,0,,0.041666664930555625,55955.632000000005,36763.6,114586.79999999999,290,5,0
0.24028063056583812,0.25596210371987893,0,0,,0.04347825897920613,49775.4,25943.4,83063.79999999999,290,6,0
0.7181256586857867,0.14739162103472117,0,0,,0.35294115570934376,39631.291304347826,21447.0,69927.79999999999,290,7,0
0.8707995117374336,0.06827365150728133,0,0,,0.13333332444444504,34540.33529411764,26718.2,27716.800000000003,290,8,0
-0.6984840432628844,-0.2722891119682209,0,0,,-0.2499999875000006,32332.85333333333,27178.3,17824.800000000003,290,9,0
-0.6124077132097853,-0.3193014977518435,0,0,,-0.41176469377162667,44430.905000000006,19952.3,71448.8,290,10,0
-0.3000448942704993,-0.24401866869590047,0,0,,0.0,65272.51764705883,31830.6,215986.8,290,11,0
0.45117588232741107,0.14251838159699404,0,0,,0.30769229585798863,86341.4411764706,41403.2,329685.8,290,12,0
0.31266633416250933,0.9240044769683767,0,0,,0.18181817355371938,75571.16153846154,47328.6,136364.2,290,13,0
1.9381307333469167,0.36930421831613036,0,0,,0.15789472853185638,39278.05909090909,15529.9,105824.8,290,14,0
-0.09330417832569227,0.18723227187611913,0,0,,0.06249999609375024,54827.24705882353,36740.7,40424.8,6148,0,0
0.17335896636778983,0.1595571637390126,0,0,,-0.15789472853185638,46180.725000000006,14109.3,70944.8,6148,1,0
-0.14331171410788657,-0.23787583204008628,0,0,,-0.13636363016528952,39826.17368421052,21912.4,49864.8,6148,2,0
0.1702478934359016,0.18548001140791606,0,0,,0.46666663555555765,52256.80454545456,37020.8,87104.8,6148,3,0
-0.1441495934060225,0.06302988356466882,0,0,,-0.1666666574074079,44080.71333333333,31174.3,52290.2,6148,4,0
0.16571193058454955,0.01108608253658961,0,0,,0.0,41467.05,25288.3,75684.8,6148,5,0
-0.14223755119462644,0.036439023283421565,0,0,,-0.21739129489603065,41012.38333333333,25413.9,52864.799999999996,6148,6,0
0.16560299216543642,-0.03783991102211907,0,0,,0.09523809070294806,39570.473913043475,22857.6,81584.8,6148,7,0
-0.14207178420710362,0.004315257227758728,0,0,,0.04999999750000012,41126.70476190475,26482.4,67524.8,6148,8,0
0.16728974112453512,-0.1150133306286223,0,0,,1.2222220864197684,40949.995,14421.1,88777.8,6148,9,0
1.8789237296127939,1.573036361428527,0,0,,1.249999687500078,46271.87777777777,36595.5,47100.0,6148,10,0
-0.18416030031682756,-0.17166680565326164,0,0,,-0.03999999840000006,14421.70833333333,11979.4,12637.8,7133,0,0
-0.010009577546377693,0.12994765790210114,0,0,,-0.03846153698224858,17410.516,14907.9,13937.8,7133,1,0
0.20430026640311538,0.1475606572961716,0,0,,0.18181817355371938,15408.250000000002,12465.9,14137.8,7133,2,0
0.2077815885549184,0.05518301715629772,0,0,,-0.11999999520000018,13426.95909090909,10559.9,8737.8,7133,3,0
-0.17470523177343897,-0.20215971516307737,0,0,,0.041666664930555625,12724.767999999998,10434.0,14097.8,7133,4,0
-0.10226004228942107,-0.022563884953687486,0,0,,-0.03999999840000006,15949.016666666665,12463.2,11737.8,7133,5,0
0.006487054120522056,-0.2518846267439266,0,0,,-0.13793102972651622,16317.195999999998,12560.9,11017.8,7133,6,0
-0.0844326358404789,-0.14612623704857883,0,0,,0.11538461094674572,21811.068965517232,12513.2,24683.2,7133,7,0
-0.0710128503068029,-0.037640020911153774,0,0,,0.0,25543.669230769232,23356.6,11997.800000000001,7133,8,0
-0.16249140346907495,0.3220365062198256,0,0,,0.03999999840000006,26542.738461538465,20162.8,16657.8,7133,9,0
0.2744135269224367,-0.159738819035791,0,0,,-0.19354838085327802,20077.159999999996,16707.0,13777.800000000001,7133,10,0
0.2713618266115376,-0.05117652135513189,0,0,,0.1923076849112429,23893.95161290323,13034.8,25457.8,7133,11,0
-0.23238563038423063,0.09697801962161608,0,0,,-0.10344827229488716,25182.715384615385,23024.6,16337.800000000001,7133,12,0
0.05109251119581642,0.05276333872806235,0,0,,0.0,22956.444827586205,18363.9,15177.800000000001,7133,13,0
0.12388470673702819,-0.1974446299231704,0,0,,2.2222219753086696,21805.89310344828,12083.8,28537.8,7133,14,0
-0.2146628462374552,-0.032737316351021985,0,0,,-0.14999999250000037,72381.63529411764,33340.4,74581.79999999999,8041,0,0
-0.529310802118462,-0.10920420238977331,0,0,,-0.19999999200000032,74831.415,48378.0,128587.8,8041,1,0
2.472038430018531,0.4379648151414278,0,0,,0.2499999875000006,84005.12800000001,37154.8,239011.8,8041,2,0
-0.6616646322176815,-0.3850395741343467,0,0,,-0.04761904535147403,58419.46000000001,22442.8,84143.79999999999,8041,3,0
0.012623105205166577,0.15695934706711664,0,0,,0.04999999750000012,94997.10476190477,59428.8,238743.8,8041,4,0
0.13813347473608287,0.29845167737351574,0,0,,-0.19999999200000032,82109.28500000002,25189.4,208243.8,8041,5,0
0.4354607064601045,0.2055321604087168,0,0,,0.2499999875000006,63236.304000000004,20856.0,166905.8,8041,6,0
-0.08043420105965773,0.030372861560187505,0,0,,-0.04761904535147403,52455.094999999994,21835.5,121729.20000000001,8041,7,0
-0.22730207754680215,-0.264097156156138,0,0,,0.0,50908.84761904761,23279.2,160947.80000000002,8041,8,0
-0.20928255445710553,0.11352889230460798,0,0,,-0.045454543388429844,69178.7619047619,28844.6,187981.80000000002,8041,9,0
3.122136368416904,5.0,0,0,,0.2222222098765439,62125.69999999998,2841.5,215440.80000000002,8041,10,0
0.34473841037727704,-0.744638917390685,0,0,,0.2857142653061239,8888.805555555555,173.0,52381.8,8041,11,0
-0.4633911197435144,-0.2964956981069536,0,0,,0.16666665277777895,34808.77142857143,26565.4,50843.799999999996,8041,12,0
0.5676329127868655,-0.15831319130196117,0,0,,0.4999999375000079,49479.11666666666,31043.2,88029.20000000001,8041,13,0
0.6431602368279948,0.4358298213810401,0,0,,0.1428571224489825,58785.6625,36927.7,58600.0,8041,14,0
0.4293647904477044,0.6165399082114265,0,0,,-0.19047618140589612,70822.15294117648,22468.2,105990.0,1106,0,1
-0.00809231396311386,-0.2116486256799917,0,0,,0.3124999804687512,43810.95238095238,21982.8,142104.0,1106,1,1
0.5664340193933154,1.0316086666106168,0,0,,-0.23809522675737013,55572.875,15282.5,80527.0,1106,2,1
-0.4119069953450608,-0.6187444456231123,0,0,,0.0,27354.123809523808,8376.3,68890.0,1106,3,1
-0.09841593230195209,0.25059119515285183,0,0,,0.23529410380622917,71747.47619047618,35979.0,184878.0,1106,4,1
1.8146155372842991,2.41858057150718,0,0,,0.13333332444444504,57370.84705882353,16515.9,56719.0,1106,5,1
0.9468323206478237,1.3820737195495623,-5,0,,-0.1666666574074079,16782.06666666667,3160.3,39266.5,1106,6,1
-0.23889033828417588,-0.6172353360416648,5,5,,0.2857142653061239,7045.149999999999,-2783.8,38720.4,1106,7,1
-0.03321719390915354,-0.07699861410642386,0,0,,-0.12499999218750048,18405.957142857143,3918.8,25290.0,1106,8,1
0.027446925272933378,-0.4914763318265551,0,0,,0.9999998750000157,19941.418749999997,2310.2,67845.0,1106,9,1
1.6372828205250978,0.2797428512728262,0,0,,0.1428571224489825,39214.337499999994,32455.6,30600.0,1106,10,1
-0.3918378157949536,0.5584517963436514,0,0,,0.16666663888889352,30642.35714285714,26930.2,12000.0,1106,11,1
-0.7799798987859926,-0.47372544596491534,0,0,,-0.30769229585798863,37297.66666666667,18671.1,96809.0,1527,0,1
1.0395732014246934,0.8035588230038123,0,0,,0.36842103324099823,70871.11923076924,37202.0,246217.0,1527,1,1
0.3527745890218394,-0.1505154677800106,-1,0,,-0.17391303591682453,39295.152631578945,4007.0,102387.0,1527,2,1
-0.3618904111693736,-0.36295053711059627,1,1,,0.21052630470914185,46257.64347826085,-972.3,134436.4,1527,3,1
1.1544875859534298,0.8948248197967101,0,0,,0.3571428316326549,72612.32631578947,29146.6,143750.0,1527,4,1
0.6199119063761626,0.21203218111557587,0,0,,0.0,38321.392857142855,15581.5,51197.0,1527,5,1
-0.5662934547802181,0.790889293305253,-1,0,,-0.41666664930555625,31617.47142857142,19093.7,47835.0,1527,6,1
0.7758951611743352,-0.4449060345157519,1,1,,0.7142856632653098,17654.620833333334,-2846.7,89400.9,1527,7,1
-0.21305231305985192,0.26165139252377534,0,0,,-0.06666666222222252,31804.74285714285,8182.3,39451.0,1527,8,1
1.3835266352993587,0.08426742213493246,0,0,,0.2499999791666684,25208.82,3791.5,63211.0,1527,9,1
-0.4185186805804413,-0.14243547616050084,-4,0,,-0.399999980000001,23249.633333333335,4192.5,12949.9,1527,10,1
-0.2522436681864115,0.2665194517428519,3,4,,0.11111110493827195,27111.235000000008,-3248.2,59976.5,1527,11,1
1.037676420672354,0.6362680099122608,-1,1,,0.4999999583333368,21406.094444444447,-566.6,65950.4,1527,12,1
-0.5244861311136131,-0.7444364404599326,2,2,,-0.24999998437500096,13082.26666666667,-2564.7,54822.0,1527,13,1
-0.49859726676540533,-0.33441623626221206,0,0,,-0.05882352595155729,51189.875,27684.2,88644.0,1527,14,1
-0.14233489272023167,-0.05570346748876263,0,0,,-0.04347825897920613,56352.38181818181,38245.4,86174.0,1978,0,0
0.16762995681773946,0.2230158327695602,0,0,,0.045454543388429844,59676.573913043474,39737.4,96749.0,1978,1,0
-0.1434809825088516,-0.04345534910091369,0,0,,-0.15384614792899431,48794.604545454546,24799.5,71061.0,1978,2,0
0.16633345226760649,-0.025611894241596385,0,0,,0.23809522675737013,51011.31923076923,24715.7,120247.0,1978,3,0
-0.14190391088850812,0.07593902922404254,0,0,,-0.08695651795841226,52352.15714285713,37877.0,82461.0,1978,4,0
0.16529382336698262,0.004417378650992924,0,0,,0.045454543388429844,48657.17826086957,30194.2,94961.0,1978,5,0
-0.14287566230660229,-0.06321337343484273,0,0,,-0.18518517832647488,48443.186363636356,30066.4,90861.0,1978,6,0
0.16589722895689532,-0.04823200864836214,0,0,,0.2272727169421492,51712.08148148147,34884.9,110261.0,1978,7,0
-0.14090076742404065,-0.015487973332233647,0,0,,0.0,54332.65454545454,38427.4,82461.0,1978,8,0
0.1646643575387867,0.17252713117390336,0,0,,-0.11999999520000018,55187.39545454546,31836.5,104816.0,1978,9,0
-0.1614848063871329,-0.20339708868498485,0,0,,-0.16666666111111128,47067.052,32327.5,89968.0,1978,10,0
0.18954912583662434,-0.11527860774628082,0,0,,0.24999998958333375,59084.710000000014,33868.2,116561.0,1978,11,0
-0.14220153047987855,-0.06462130786722368,0,0,,-0.03999999840000006,66783.40833333333,44012.9,97361.0,1978,12,0
0.16653975324774292,0.16461286547668633,0,0,,0.0,71397.188,47442.5,114661.0,1978,13,0
-0.16078192865752963,0.34641102246784683,0,0,,-0.19354838085327802,61305.512,42480.9,100761.0,1978,14,0
1.9181278795384864,0.6151635778778142,0,0,,0.24999998437500096,82062.585,33461.4,151943.8,4337,0,0
-0.40527710310990595,-0.3539899023527414,0,0,,0.0,50807.600000000006,31250.7,87193.79999999999,4337,1,0
-0.2643053301960814,0.006975181784291279,0,0,,-0.1999999900000005,78648.30625,49709.5,138658.2,4337,2,0
-0.020226479126607248,0.2055532596906229,0,0,,0.3333333111111126,78103.51999999999,45547.3,166306.80000000002,4337,3,0
-0.21112573803873583,0.029269926303275764,0,0,,-0.4230769068047343,64786.453333333346,32180.7,112162.80000000002,4337,4,0
0.288729044500543,-0.11259922933287612,0,0,,0.23809522675737013,62944.084615384614,32573.0,212165.80000000002,4337,5,0
0.34765842749398584,0.13677284910948267,0,0,,0.1666666574074079,70930.84285714284,38218.9,167068.80000000002,4337,6,0
-0.0733291096732944,0.11630500907951302,0,0,,-0.09999999500000024,62396.672222222216,27256.8,102349.8,4337,7,0
-0.1825655412908584,-0.06745121324348281,0,0,,0.0,55895.719999999994,19986.6,167834.80000000002,4337,8,0
0.8662030507694605,0.12574535550294838,0,0,,0.42857139795918586,59938.65499999999,28597.2,125382.8,4337,9,0
0.1681080868863279,0.6863602958665861,0,0,,0.5555554938271674,53243.52857142857,31388.0,93429.20000000001,4337,10,0
0.16328294381129096,0.09928555083265012,0,0,,-0.18749998828125072,31870.053846153838,22753.7,49315.2,2345,0,0
-0.1430912776347034,-0.2211945629661952,0,0,,-0.15789472853185638,28991.60625,20382.8,52379.8,2345,1,0
0.16410624693603287,-0.08711408937778525,0,0,,0.11764705190311459,37225.73684210526,22905.4,64686.799999999996,2345,2,0
-0.14196955928921554,-0.059458922622374004,0,0,,0.0,40778.08235294118,27226.6,55279.8,2345,3,0
0.16601742602437905,0.1457676081631063,0,0,,0.06249999609375024,43355.98235294118,28678.8,57279.8,2345,4,0
-0.14146566794858423,0.011532217449209126,0,0,,0.06666666222222252,37840.11875,24850.8,50879.8,2345,5,0
0.16711178939058918,0.22410805417708396,0,0,,-0.11764705190311459,37408.71333333334,22476.8,52479.799999999996,2345,6,0
-0.14209637984763854,0.05705315933340198,0,0,,-0.055555552469135974,30559.976470588233,19073.4,47879.8,2345,7,0
0.7413407281113442,-0.1115544662685723,0,0,,0.19999998666666757,28910.53888888889,17749.2,63185.8,2345,8,0
-0.42616511970907506,-0.027563900105382243,0,0,,-0.06249999609375024,32540.586666666662,19503.0,50179.799999999996,2345,9,0
0.1456269081240878,0.11534024214096772,0,0,,-0.05882352595155729,33462.95625,18755.9,60167.8,2345,10,0
-0.12743188725357837,-0.20066371794388124,0,0,,-0.10526315235457093,30002.464705882354,21899.5,45799.799999999996,2345,11,0
0.16679604049455993,0.02068041931055073,0,0,,0.18749998828125072,37534.22105263157,25601.7,61679.8,2345,12,0
-0.1423962674763888,0.036735249091878114,0,0,,-0.11111110493827195,36773.725000000006,27146.8,43379.8,2345,13,0
0.16701139770175052,0.214715795666589,0,0,,0.0,35470.69999999999,22702.2,63779.799999999996,2345,14,0
0.0788776759665275,-0.331063786998586,0,0,,-0.20833332465277812,11524.594736842104,5255.8,24972.2,10451,0,1
-0.12107700156677209,-0.11531479794552112,0,0,,0.0,17228.241666666665,12057.7,28386.8,10451,1,1
-0.011080965300374487,0.23872926649461224,0,0,,0.0,19473.866666666665,11874.5,25686.8,10451,2,1
-0.11516761653952726,-0.10587745655703994,0,0,,-0.03999999840000006,15720.841666666665,10135.2,25786.8,10451,3,1
0.7228991547646958,0.6473046671275638,0,0,,0.041666664930555625,17582.424,10579.6,26518.8,10451,4,1
-0.41616209885942834,-0.10188288390752166,0,0,,-0.11111110699588492,10673.449999999999,4263.9,25806.8,10451,5,1
0.27517795170182807,1.159185571643152,-1,0,,-0.15624999511718765,11884.251851851854,4389.6,34490.5,10451,6,1
-0.06464111960123789,-0.6740670361104686,1,1,,0.23076922189349144,5504.04375,-1130.8,41940.3,10451,7,1
0.14879512197041797,-0.3874603277136288,0,0,,0.1304347769376184,16887.04230769231,7924.9,39286.8,10451,8,1
-0.28367270222776453,0.0050225734366689395,0,0,,-0.041666664930555625,27568.895652173913,17684.0,25433.8,10451,9,1
-0.07529722995408433,0.6206831078604774,0,0,,-0.14285713775510223,27431.120833333334,18116.4,23386.8,10451,10,1
0.16667204989598391,-0.3037203317440961,0,0,,-0.06666666444444451,16925.653571428575,10336.9,33106.8,10451,11,1
0.06479089602762071,0.07815810464586363,0,0,,0.15384614792899431,24308.700000000004,9835.4,41486.8,10451,12,1
-0.07924908034897862,0.030470681909564718,0,0,,-0.037037035665294975,22546.507692307692,16583.4,29386.800000000003,10451,13,1
-0.0494201262586325,0.25633453034143877,0,0,,0.03846153698224858,21879.814814814818,15282.5,29866.800000000003,10451,14,1
0.1655173705058283,0.2621269565595201,0,0,,-0.1666666574074079,27070.119999999995,14488.8,22643.800000000003,6425,0,0
-0.15964898083601617,-0.28662760401277326,0,0,,0.0,21448.01666666667,12465.9,40683.8,6425,1,0
0.18521083983777506,-0.15455314518847482,0,0,,0.05882352595155729,30065.666666666668,19591.6,33283.8,6425,2,0
-0.15240443673331705,0.12005716300610832,0,0,,-0.055555552469135974,35561.864705882355,28322.9,32903.8,6425,3,0
-0.021036156722881626,0.251374320187145,0,0,,-0.09999999500000024,31750.044444444447,22241.0,38383.8,6425,4,0
-0.09073659412970418,-0.18321761615324664,0,0,,0.0,25372.140000000003,16782.2,32703.800000000003,6425,5,0
0.15239718887614503,0.11475501155861162,0,0,,-0.09090908677685969,31063.525,16659.5,59623.8,6425,6,0
-0.03235249289400952,-0.06313809241607074,0,0,,0.0,27865.786363636355,16924.7,45743.8,6425,7,0
0.1882830478088437,-0.2932605660159412,0,0,,0.5714285306122479,29743.749999999996,21993.2,48883.8,6425,8,0
-0.2533172113100734,0.5221035792161869,0,0,,0.7499999062500118,42085.87857142857,33374.2,40754.6,6425,9,0
0.16060279177734607,0.24942118035828348,0,0,,-0.31578945706371275,103954.90000000001,87109.6,99466.0,6226,0,0
-0.21599738585635164,-0.10087434028368983,0,0,,0.18749998828125072,83202.44736842105,67666.5,93610.0,6226,1,0
0.15093340562053464,0.0677863100470505,0,0,,-0.05882352595155729,92537.0625,51420.4,160490.0,6226,2,0
-0.1606411719762575,0.07258434847877249,0,0,,0.06249999609375024,86662.5294117647,55549.1,114890.0,6226,3,0
0.4514002233638982,0.3771631222799791,0,0,,-0.05882352595155729,80797.86875,39736.2,107376.0,6226,4,0
-0.35289396712765614,-0.17426781293586638,0,0,,-0.2272727169421492,58669.788235294116,22063.1,132003.0,6226,5,0
0.3860379200879972,-0.12507934203158366,0,0,,0.37499997656250145,71051.83636363635,44977.8,156304.0,6226,6,0
-0.12342833746601362,0.2156800334689858,0,0,,0.0,81209.4625,53454.0,93213.0,6226,7,0
0.16829418294042703,0.8416978330953401,0,0,,-0.11111110493827195,66801.675,45492.8,75020.0,6226,8,0
-0.14204268809191944,-0.12138055331779908,0,0,,0.19999998666666757,36271.78888888889,16228.3,97174.0,6226,9,0
0.16463714196599136,0.001052172577581938,0,0,,-0.21052630470914185,41282.706666666665,16115.5,95169.0,6226,10,0
-0.14399697781730056,-0.4188328216141737,0,0,,0.3571428316326549,41239.31578947369,15761.6,143996.0,6226,11,0
0.16790800318525897,0.23959589052215122,0,0,,0.0,70959.47142857143,52556.0,115090.0,6226,12,0
-0.14311098493068533,0.12441586367188481,0,0,,0.0,57244.03571428572,35156.1,79022.0,6226,13,0
0.1648401868205554,-0.1827724716556755,0,0,,-0.12499999218750048,50910.021428571425,10563.0,127590.0,6226,14,0
0.217983182083438,0.24813369469686677,0,0,,0.06249999609375024,46725.0705882353,35342.8,28346.2,344,0,0
-0.11624552398299383,-0.09633429236851149,0,0,,-0.15789472853185638,37435.95,29901.6,25360.800000000003,344,1,0
0.16333216111920126,-0.10975786452671218,0,0,,0.11764705190311459,41426.768421052635,23459.3,64060.799999999996,344,2,0
0.19745361538012193,0.009894099000009258,0,0,,0.13333332444444504,46534.27058823529,41150.8,37460.799999999996,344,3,0
-0.163830873278701,0.07059650850945468,0,0,,-0.06249999609375024,46078.36666666667,40080.3,41660.799999999996,344,4,0
-0.16501344740779664,0.07269731690557485,0,0,,-0.11111110493827195,43039.899999999994,35722.6,30160.800000000003,344,5,0
0.19890752266455375,0.0803096663384136,0,0,,0.0,40123.06111111111,33654.5,47160.799999999996,344,6,0
-0.144391705206117,-0.2656007361011355,0,0,,0.05882352595155729,37140.333333333336,30392.5,44860.799999999996,344,7,0
0.16550284271472546,0.08325788753495167,0,0,,-0.055555552469135974,50572.4,42309.6,42421.8,344,8,0
-0.14148513006348404,-0.00073210964754757,0,0,,0.05882352595155729,46685.466666666674,40813.0,33960.8,344,9,0
0.16499732196609865,0.030025625996982237,0,0,,0.06249999609375024,46719.6705882353,39451.2,44060.8,344,10,0
-0.14106877221425154,0.019762201192140512,0,0,,-0.05882352595155729,45357.775,39281.5,34260.8,344,11,0
0.1677782142935768,0.2722888452341463,0,0,,0.0,44478.77647058823,36148.7,36960.8,344,12,0
-0.1655429557711038,0.016193218152211742,0,0,,0.0,34959.65294117647,28015.1,30760.800000000003,344,13,0
0.19789357639693955,-0.01947918912492517,0,0,,0.0,34402.564705882345,25182.9,50760.799999999996,344,14,0
0.28470813007936946,0.09687630666750635,0,0,,0.0,73844.89999999998,31716.4,168372.8,2962,0,0
-0.2954144927594039,-0.0025159916431763897,0,0,,0.0,67322.90555555554,32182.6,95686.79999999999,2962,1,0
0.18086312507609698,0.10914755708728253,0,0,,-0.30769229585798863,67492.71666666666,27793.4,132574.80000000002,2962,2,0
1.0111752881849703,0.24517947369527754,0,0,,0.29999998500000075,60850.980769230766,40822.3,113554.8,2962,3,0
-0.7570968883624227,-0.4610153075535257,0,0,,-0.2592592496570648,48869.24500000001,22786.3,102842.79999999999,2962,4,0
0.045716013176966726,0.18855091773300897,0,0,,0.0,90669.0777777778,46333.8,237790.8,2962,5,0
1.3090734896811251,0.42323655444039915,0,0,,0.12499999479166687,76285.3962962963,37856.8,236988.80000000002,2962,6,0
0.2838511442218735,0.11184073643330918,0,0,,1.1818180743801752,53599.94166666667,20144.5,140022.8,2962,7,0
1.5393375181073716,0.1763197992527161,0,0,,0.3749999531250059,48208.2909090909,28498.8,52321.0,2962,8,0
-0.48667103374373527,0.12313096064265891,0,0,,1.6666661111112961,40982.299999999996,30627.8,33800.0,2962,9,0
-0.623083279004294,0.1320809053275852,0,0,,-0.1481481426611799,85598.70434782607,61846.9,98650.0,10738,0,0
4.831067969641232,0.6820981543249149,0,0,,0.49999997222222375,75611.82592592592,34424.8,208004.0,10738,1,0
-0.6942495678580843,-0.15293006257191555,0,0,,-0.30769229585798863,44950.9,28416.7,54290.0,10738,2,0
0.2967252704088179,0.027345965859658202,0,0,,0.29999998500000075,53066.33846153846,14691.0,117328.0,10738,3,0
0.4649896405322607,0.3893469864752032,0,0,,0.05263157617728546,51653.81500000001,35990.7,83795.0,10738,4,0
1.4944778714109535,0.8983966222495189,0,0,,0.18749998828125072,37178.484210526316,11731.3,63605.0,10738,5,0
-0.4761271296110803,-0.417241878661907,0,0,,-0.11111110493827195,19584.15,14888.7,24774.0,10738,6,0
-0.46490082394206167,-0.49506107196936133,0,0,,-0.21739129489603065,33605.96666666667,15926.4,56374.0,10738,7,0
-0.5143972667445134,-0.04765572497651623,0,0,,-0.11538461094674572,66554.51739130437,21303.8,178374.0,10738,8,0
2.8957274826298103,0.5369949139410505,0,0,,0.5294117335640156,69884.93461538461,30769.7,146874.0,10738,9,0
-0.5658418192017688,-0.04466163099376873,0,0,,-0.2608695538752368,45468.552941176466,21676.0,60374.0,10738,10,0
0.369845803317735,0.3592174854988575,0,0,,-0.11538461094674572,47594.18695652174,9536.7,99425.0,10738,11,0
2.1149574988166706,1.5739605315321763,0,0,,0.4444444197530878,35015.873076923075,9669.5,100653.0,10738,12,0
0.46079787500812047,-0.19381071028582367,0,0,,0.0,13603.888888888889,2188.5,33474.0,10738,13,0
-0.4722741614228934,-0.22805712024932698,0,0,,-0.14285713605442207,16874.31111111111,3792.6,34174.0,10738,14,0
-0.11081872924840007,0.10516671977902764,0,0,,0.04761904535147403,21642.12727272727,15529.7,18151.800000000003,3747,0,0
0.11673676504622472,0.021910744769854093,0,0,,0.0,19582.680952380953,11855.4,21857.2,3747,1,0
-0.052530440358459614,-0.0350903112218798,0,0,,-0.1923076849112429,19162.809523809523,11975.7,17191.8,3747,2,0
0.12016061885823152,-0.20982363165663753,0,0,,0.03999999840000006,19859.69230769231,9689.6,27151.8,3747,3,0
1.0507972222256665,-0.2203288125438497,0,0,,1.083333243055563,25133.24,15755.4,40151.799999999996,3747,4,0
-0.545378310511241,0.6080769608600467,0,0,,0.4999999375000079,32235.69166666667,27287.3,25930.6,3747,5,0
0.16370118677399098,-0.09574302095176646,0,0,,0.0,36192.229999999996,23947.1,60483.8,7523,0,0
-0.16674173366008396,-0.10467769836969291,0,0,,-0.04761904535147403,40024.275,26787.9,44963.799999999996,7523,1,0
0.15289740412085434,0.2753376251961367,0,0,,-0.15999999360000025,44703.761904761916,32255.8,45083.8,7523,2,0
-0.10615980722218349,-0.05082550647110007,0,0,,0.2499999875000006,35052.492,21691.9,47283.799999999996,7523,3,0
0.16397445050480683,-0.05065030437096458,0,0,,0.11111110493827195,36929.44999999999,26451.2,42623.8,7523,4,0
-0.1393025954447415,0.22837211684226785,0,0,,0.0,38899.73333333333,27087.6,37543.8,7523,5,0
0.12917819909564315,0.04990165324421189,0,0,,-0.30769229585798863,31667.711111111108,22588.3,43143.8,7523,6,0
-0.11469284383082823,-0.14571228288394797,0,0,,0.29999998500000075,30162.550000000003,16105.3,48583.799999999996,7523,7,0
0.16866548937768366,-0.050243631078195315,0,0,,0.3333333111111126,35307.249999999985,26089.5,41463.8,7523,8,0
-0.14531813251030884,0.010692857757860035,0,0,,-0.21052630470914185,37175.060000000005,28957.8,41529.2,7523,9,0
0.16422941571091315,-0.009901358212565317,0,0,,-0.32142855994898,36781.757894736846,27673.8,37963.799999999996,7523,10,0
-0.13725676316849644,-0.17098013169878773,0,0,,1.3333332222222316,37149.58928571428,17975.0,66403.79999999999,7523,11,0
2.1401572421210355,1.4553039816095463,0,0,,1.399999720000056,44811.458333333336,33082.1,47000.0,7523,12,0
0.7127715774402655,0.1386049397206519,0,0,,0.12499999218750048,78406.57777777777,53923.2,79895.79999999999,3166,0,1
-0.750731260862819,-0.22682877400758955,0,0,,-0.23809522675737013,68861.96875,53605.2,39286.8,3166,1,1
0.534868261129313,0.4363668604807084,0,0,,-0.08695651795841226,89064.31904761906,59843.8,215297.8,3166,2,1
2.09230181434793,0.006939845573584595,0,0,,0.6428570969387788,62006.66521739131,33617.5,125506.8,3166,3,1
-0.6885479141589036,-0.11981448183109138,0,0,,-0.2222222098765439,61579.31428571428,37428.6,56293.799999999996,3166,4,1
1.4833911773773203,0.7319639000327536,0,0,,0.05882352595155729,69961.74444444444,4528.5,122740.79999999999,3166,5,1
0.5865336594662759,-0.11264914613036921,0,0,,-0.055555552469135974,40394.458823529414,26801.4,39807.8,3166,6,1
-0.5205963046054247,-0.40650563305359094,0,0,,0.19999998666666757,45522.53333333333,30691.4,60339.799999999996,3166,7,1
-0.5609830129598234,-0.07647422655799713,0,0,,-0.21052630470914185,76702.55333333332,55913.9,65843.79999999999,3166,8,1
0.9370975884818414,0.3482770713928017,0,0,,0.2666666488888901,83054.04736842104,44951.2,151343.8,3166,9,1
-0.3391652605122341,0.29088410295529166,0,0,,-0.21052630470914185,61600.13333333333,37050.8,92543.79999999999,3166,10,1
2.2398984899782275,0.2929530417914035,0,0,,0.2666666488888901,47719.33684210526,1896.6,110443.79999999999,3166,11,1
-0.725482210811038,-0.4037898890411491,0,0,,-0.06249999609375024,36907.246666666666,8919.9,64464.799999999996,3166,12,1
0.18673737631231613,0.5850592148266471,0,0,,-0.11111110493827195,61903.0875,31762.7,118416.20000000001,3166,13,1
0.5526866768084041,1.857536648642762,-4,0,,-0.14285713605442207,39054.11666666667,1583.4,126603.80000000002,3166,14,1
-0.00259992790111176,-0.14833973119239036,0,0,,0.11764705190311459,52148.72631578946,28446.2,47290.0,6118,0,1
-0.10439481596782499,0.699864806738946,0,0,,-0.10526315235457093,61231.84117647059,46593.2,46390.0,6118,1,1
-0.23091451080035313,-0.31223495788078776,0,0,,0.055555552469135974,36021.5947368421,22642.7,24090.0,6118,2,1
-0.39825528526766313,-0.33929325192073045,0,0,,-0.27999998880000043,52374.855555555565,36179.9,62090.0,6118,3,1
0.3579754135955053,0.3103522956137473,0,0,,0.3888888672839518,79270.95599999999,51449.0,128997.0,6118,4,1
-0.3351094201167373,0.1576725694158614,0,0,,-0.14285713605442207,60495.911111111105,36406.3,75543.0,6118,5,1
0.2135584194780643,0.043604353977299455,0,0,,0.0,52256.49523809523,26692.5,86303.0,6118,6,1
2.001017399972182,1.7147648161995213,0,0,,0.3124999804687512,50073.090476190475,30465.0,87554.0,6118,7,1
0.09439506393862532,0.37080465832522214,0,0,,0.0,18444.725,7632.5,12026.2,6118,8,1
-0.3018508406649934,0.6644002522608531,-4,0,,-0.23809522675737013,13455.4,4729.7,23790.0,6118,9,1
1.2168628109777713,-0.49710217950331015,-2,4,,0.04999999750000012,8084.2333333333345,-5141.4,36014.7,6118,10,1
-0.8837053000757944,-0.77696859406381,6,6,,-0.2592592496570648,16075.299999999997,-568.3,42897.700000000004,6118,11,1
1.8937283412510262,0.9975790871093104,0,0,,0.4210526094182837,72076.3962962963,20235.1,214190.0,6118,12,1
-0.5939023605658456,-0.5226389502058444,0,0,,-0.09523809070294806,36081.87368421053,19055.6,50390.0,6118,13,1
3.0837995509512304,1.360424547488783,0,0,,3.199999360000128,75586.12857142858,26582.4,166230.0,6118,14,1
-0.7041173444356185,-0.1085883591392643,0,0,,-0.19999999200000032,72939.10500000001,31613.1,153185.8,816,0,0
0.05146868410662673,-0.10574990378395498,0,0,,-0.07407407133058995,81824.26800000001,52591.4,239489.2,816,1,0
3.9083605983576697,0.7462182098416862,0,0,,0.17391303591682453,91500.42962962964,58799.1,246785.80000000002,816,2,0
-0.44402858623271635,-0.18432447366353824,0,0,,0.14999999250000037,52399.19565217393,38523.6,74185.8,816,3,0
1.579258573664989,0.7444872620281741,0,0,,0.42857139795918586,64240.244999999995,43422.3,89485.8,816,4,0
-0.45998100811791665,-0.43138412704609314,0,0,,0.07692307100591762,36824.71428571429,30517.1,14785.800000000001,816,5,0
-0.18376662080886105,0.599625787758736,0,0,,-0.38095236281179223,64762.02307692307,43938.1,83371.8,816,6,0
-0.46404486465982225,-0.45389443723447465,0,0,,-0.1923076849112429,40485.73333333333,22368.0,68599.79999999999,816,7,0
0.5126645481716523,0.3156610379295921,0,0,,0.08333332986111125,74135.36153846154,47993.6,173485.8,816,8,0
0.07240244290440885,-0.062103823836955896,0,0,,0.3333333148148158,56348.375,28332.6,93171.79999999999,816,9,0
-0.6020973543722045,-0.17455711952830794,0,0,,-0.47058822145328766,60079.544444444444,20213.2,80485.79999999999,816,10,0
5.0,0.6086125800297657,0,0,,3.857142306122528,72784.61764705884,20128.7,273035.80000000005,816,11,0
-0.8817972439673862,0.13621372790023598,0,0,,-0.12499998437500197,45246.82857142857,36802.4,31700.0,816,12,0
0.188304025332306,0.04144594752933987,0,0,,-0.09999999500000024,36952.777777777774,22281.5,56381.2,9640,0,0
-0.13250750804836237,-0.037690064998812174,0,0,,0.11111110493827195,35482.185,22164.5,58997.799999999996,9640,1,0
-0.025498564859924064,0.3047447994990449,0,0,,-0.05263157617728546,36871.88888888889,22835.0,50495.799999999996,9640,2,0
-0.033565062266764326,0.05382834742839505,0,0,,-0.09523809070294806,28259.84736842106,10239.7,37398.799999999996,9640,3,0
0.2594652630162359,-0.012780312323991683,0,0,,0.04999999750000012,26816.366666666665,11931.9,65572.79999999999,9640,4,0
-0.1555011275837,-0.10167521122842924,0,0,,0.11111110493827195,27163.525,13994.6,57995.799999999996,9640,5,0
0.03815571440973064,0.27749549822418584,0,0,,-0.14285713605442207,30237.97777777778,16514.4,49708.8,9640,6,0
-0.04825568831441744,-0.021710598628057857,0,0,,-0.08695651795841226,23669.733333333334,10976.8,53730.799999999996,9640,7,0
0.5076801915892746,-0.17075613147524188,0,0,,0.045454543388429844,24195.02173913044,10398.7,66867.79999999999,9640,8,0
-0.33627437782178043,-0.15899849026006482,0,0,,-0.04347825897920613,29177.20909090909,9255.0,78465.79999999999,9640,9,0
-0.04279261680967271,0.49325068562843416,0,0,,-0.041666664930555625,34693.40869565219,21228.2,64091.8,9640,10,0
-0.10176532950352632,-0.25415916014394446,0,0,,-0.03999999840000006,23233.479166666668,8686.4,71995.8,9640,11,0
0.4012394990173858,-0.2437565395887415,0,0,,0.13636363016528952,31150.72,14870.6,84392.8,9640,12,0
-0.14057678534414542,-0.159935794207291,0,0,,1.4444442839506353,41191.3909090909,18757.2,82295.79999999999,9640,13,0
0.6918702083076137,1.0399668429479794,0,0,,0.799999840000032,49033.62222222222,31092.3,45100.0,9640,14,0
0.5568407091749533,-0.1993162444552386,0,0,,0.21428569897959293,42492.858823529416,8866.5,94517.0,6715,0,1
-0.3618968842617491,0.6413129100326056,0,0,,-0.12499999218750048,53070.71428571428,41362.9,24645.0,6715,1,1
-0.08274283439393561,0.5713707893922034,0,0,,-0.23809522675737013,32334.30625,8152.4,52317.0,6715,2,1
0.9175357258917719,-0.5010630760497183,0,0,,0.39999997333333515,20577.13333333334,3113.8,96088.0,6715,3,1
-0.11558783758063004,0.05543465094196154,0,0,,0.0,41241.95333333334,32310.8,33990.0,6715,4,1
-0.28090771626968614,-0.16130693927490056,0,0,,0.15384614201183525,39075.8,16720.0,50242.0,6715,5,1
-0.2320889540895211,0.35264591089036346,0,0,,-0.34999998250000086,46591.29999999998,2257.6,88290.0,6715,6,1
0.3391022054984284,-0.31226608739527717,0,0,,0.0,34444.565,11257.3,48538.0,6715,7,1
0.6165852917363928,-0.16568230275767823,0,0,,0.42857139795918586,50084.145000000004,23277.2,98244.0,6715,8,1
-0.16767718674040236,0.19091312801981755,0,0,,-0.06666666222222252,60030.06428571429,50379.6,39463.0,6715,9,1
-0.2528638925875646,0.7193492617356916,0,0,,-0.06249999609375024,50406.75333333334,36385.4,31504.0,6715,10,1
-0.16446484025045,0.23199741208501815,0,0,,-0.23809522675737013,29317.34375,10070.0,37019.0,6715,11,1
0.5906192068778628,0.043554699652318694,0,0,,0.49999996428571686,23796.59523809524,9679.2,75091.0,6715,12,1
-0.19327578157457687,0.24048238320754345,-3,0,,-0.12499999218750048,22803.4,383.8,49166.0,6715,13,1
0.057874691331220446,0.20957925791800247,3,3,,-0.05882352595155729,18382.6875,-1742.2,42236.5,6715,14,1
-0.46985915059238453,-0.0029447555993115325,0,0,,-0.14285713605442207,95246.06666666667,70831.6,98224.79999999999,2245,0,0
0.02420247682760227,-0.10464998653062288,0,0,,-0.045454543388429844,95527.37142857141,46103.2,177331.8,2245,1,0
0.48814083708604594,0.21724121994589274,0,0,,0.2941176297577865,106692.7681818182,45799.6,283754.8,2245,2,0
5.0,1.380195494022902,0,0,,1.1249998593750177,87651.29411764706,35777.8,65679.79999999999,2245,3,0
0.24324165346075172,0.014030811273828072,0,0,,-0.11111109876543349,36825.25,33335.1,1529.1999999999998,2245,4,0
-0.07289773140074426,-0.014693407538708172,0,0,,-0.09999999000000101,36315.71111111111,32901.6,43.8,2245,5,0
0.05752650448113063,-0.2125391208066377,0,0,,-0.23076921301775286,36857.270000000004,31919.3,6755.800000000001,2245,6,0
-0.8325924841216967,-0.4057102154515422,0,0,,-0.23529410380622917,46805.2076923077,38695.0,46543.799999999996,2245,7,0
0.04824067967527296,0.20436812778284494,0,0,,0.06249999609375024,78758.22352941177,41702.0,106256.80000000002,2245,8,0
4.793942888181208,0.29882946979375324,0,0,,0.3333333055555579,65393.8125,36337.3,42820.799999999996,2245,9,0
-0.8658163094641961,-0.35656941072926146,0,0,,-0.24999998437500096,50348.26666666667,38470.8,39343.799999999996,2245,10,0
1.3087052348071844,0.25550901642748214,0,0,,0.14285713265306196,78249.72499999999,32290.1,115742.79999999999,2245,11,0
-0.40349749295107634,0.07819404128428761,0,0,,-0.06666666222222252,62325.10000000001,41083.1,74043.8,2245,12,0
1.107011582579164,0.11127511763591051,0,0,,0.15384614201183525,57805.08666666666,37464.1,55243.799999999996,2245,13,0
-0.46588082269260755,-0.18307103578760128,0,0,,-0.18749998828125072,52016.899999999994,34615.3,47739.799999999996,2245,14,0
0.16599262131149606,0.09313879110964628,0,0,,0.08333332986111125,53742.04615384615,25532.2,111551.8,7857,0,0
-0.14285852762926093,-0.1877991402051222,0,0,,0.04347825897920613,49163.05833333333,19424.2,116413.8,7857,1,0
0.16755117711131126,0.26114113406927797,0,0,,-0.041666664930555625,60530.66521739131,36107.8,114521.8,7857,2,0
-0.14247000364209772,0.022401257509340734,0,0,,-0.2727272644628102,47996.74166666667,17182.3,69994.8,7857,3,0
0.16609428198441134,0.1560606057803791,0,0,,0.22222221399176983,46945.11212121212,17186.1,146423.8,7857,4,0
-0.1438023662197948,-0.18532296521193578,0,0,,-0.06896551486325811,40607.82962962963,16817.1,101956.79999999999,7857,5,0
0.1677879162673504,0.16875057003358446,0,0,,0.11538461094674572,49845.31034482758,16170.7,141676.8,7857,6,0
-0.14507819830867316,-0.2440688388488318,0,0,,0.08333332986111125,42648.37307692308,11179.9,104373.8,7857,7,0
0.16861126933114828,0.16522257332427565,0,0,,1.9999997500000315,56418.32916666666,14016.4,186098.6,7857,8,0
-0.1048277166739106,-0.07735143095436058,0,0,,-0.05263157617728546,61481.25555555556,36180.0,118803.79999999999,2419,0,0
0.20865468832535083,0.3036678236538732,0,0,,0.11764705190311459,66635.61578947368,27621.2,140843.8,2419,1,0
1.3236140545386932,0.24295967655518452,0,0,,0.0,51113.95294117647,29536.2,137243.8,2419,2,0
-0.5042011211245512,-0.15026828238671824,0,0,,0.0,41122.77647058824,7837.0,78587.79999999999,2419,3,0
-0.3305751240957543,-0.29186490496201967,0,0,,-0.3199999872000005,48395.01176470588,20545.5,100229.20000000001,2419,4,0
-0.15699825704703568,0.03574895498285925,0,0,,0.0,68341.49599999998,35852.8,255763.8,2419,5,0
4.524865571363474,0.15218966127070396,0,0,,0.7857142295918408,65982.68400000001,16739.0,195968.8,2419,6,0
-0.6680834211655393,0.31952022626419185,0,0,,0.5555554938271674,57267.20714285715,41251.9,99929.20000000001,2419,7,0
0.1584160631248213,-0.2897928875555913,0,0,,-0.12499999479166687,16283.542857142858,10104.9,22338.2,7819,0,0
-0.14026740196414533,0.17782419702197322,0,0,,0.14285713605442207,22927.87916666667,8100.2,38552.8,7819,1,0
0.16633197586612616,0.12878567447158967,0,0,,-0.24999999107142887,19466.300000000007,11156.2,17152.8,7819,2,0
-0.14289697878347357,-0.1667619670753732,0,0,,0.21739129489603065,17245.34642857143,11435.9,36952.799999999996,7819,3,0
0.16436960488431218,-0.02888332059087634,0,0,,-0.041666664930555625,20696.782608695652,12425.4,21831.8,7819,4,0
-0.14047192870577369,0.08913734262783453,0,0,,0.26315788088642733,21312.354166666668,13551.2,31852.8,7819,5,0
0.04566494928199755,0.2297613505914694,0,0,,-0.23999999040000036,19568.105263157893,9965.7,15123.800000000001,7819,6,0
-0.04140447902633708,0.14260217993225474,0,0,,0.041666664930555625,15912.116000000002,8807.7,27352.8,7819,7,0
0.73873057932125,-0.07793313830347175,0,0,,0.04347825897920613,13926.208333333334,8746.7,28099.8,7819,8,0
-0.46994082102379475,-0.1666240592008913,0,0,,-0.07999999680000013,15103.252173913042,9062.0,33752.8,7819,9,0
0.1618653142256424,0.07210272283390498,0,0,,-0.13793102972651622,18122.976,9452.5,24252.8,7819,10,0
-0.07119557917534289,-0.30862570252678856,0,0,,-0.12121211753902675,16904.14137931034,9205.6,29952.800000000003,7819,11,0
0.16448257755417467,-0.07692857007569887,0,0,,0.3199999872000005,24450.057575757575,13716.5,40952.8,7819,12,0
-0.14890845471706954,0.04101027868180137,0,0,,-0.07407407133058995,26487.719999999994,20401.6,25752.8,7819,13,0
-0.024438810215062848,0.30794044662295644,0,0,,0.07999999680000013,25444.24444444444,18088.7,25952.8,7819,14,0
0.1666922566980354,0.09332187662400528,-3,9,,-0.15384614201183525,-4588.99090909091,-13720.8,19908.9,3678,0,1
-0.14286768953768805,0.2455151823231472,1,12,,0.08333332638888948,-5061.323076923078,-9921.4,15406.4,3678,1,1
0.1666722839436822,-0.21928466897567192,-1,11,,-0.07692307100591762,-6708.316666666667,-13156.2,17027.7,3678,2,1
-0.1429382991788971,-0.6634096260648387,0,12,,-0.07142856632653098,-5501.846153846154,-11717.0,18588.6,3678,3,1
0.16678150932596905,0.341585327904493,0,12,,0.07692307100591762,-3307.571428571429,-12898.0,19842.6,3678,4,1
0.19992810280399356,0.15360962694207125,1,12,,0.08333332638888948,-5023.538461538462,-12621.3,16386.1,3678,5,1
-0.16676651190030078,-1.4985566768406935,0,11,,-0.14285713265306196,-5935.25,-15008.6,16522.7,3678,6,1
-0.3022131766360496,-1.3098658475563365,8,11,,-0.3333333174603182,-2375.4714285714285,-11209.7,16624.199999999997,3678,7,1
0.08505457122366969,-0.42921095214889443,3,3,,0.3124999804687512,7666.128571428573,-1926.9,33703.8,3678,8,1
-0.04788253394024447,-0.15288921124957888,0,0,,0.0,13430.756249999999,6945.8,20743.800000000003,3678,9,1
-0.17510141739046475,0.32479547062224096,-1,0,,0.06666666222222252,15854.78125,8770.7,23003.800000000003,3678,10,1
0.21749855650957312,-0.08103437242621143,1,1,,-0.1666666574074079,11967.72,-2574.8,16843.800000000003,3678,11,1
0.067870303628341,0.015120367414863636,0,0,,0.19999998666666757,13023.033333333333,5261.2,29423.8,3678,12,1
0.03636936369254593,-0.11944332081172011,0,0,,0.0,12829.053333333331,6924.8,18943.800000000003,3678,13,1
-0.15164425712176366,-0.028086415754431923,0,0,,-0.11764705190311459,14569.25333333333,6002.1,20043.800000000003,3678,14,1
0.16470935363796374,-0.19629066570943984,0,0,,0.2941176297577865,54081.454545454544,17482.4,137586.80000000002,6472,0,0
-0.1421288742367227,-0.037426800002258113,0,0,,0.0,67289.81764705882,32382.0,112259.79999999999,6472,1,0
0.14510630746226746,0.4090963633198342,0,0,,0.0,69906.18235294116,45238.5,116967.8,6472,2,0
-0.13255167004378032,-0.24196087054783505,0,0,,-0.3199999872000005,49610.64705882353,22626.9,92457.79999999999,6472,3,0
0.17157461806460841,-0.19183238596367966,0,0,,0.3888888672839518,65446.024,30235.0,155586.8,6472,4,0
0.19918290169589428,0.1745164443151409,0,0,,0.19999998666666757,80980.75555555556,50518.3,114603.79999999999,6472,5,0
-0.1626333236732946,0.12837054087916613,0,0,,0.6666665925926009,68948.16666666666,39638.2,137229.2,6472,6,0
1.9541283468281625,2.0511666485325803,0,0,,3.499998250000875,61104.188888888886,37119.5,66400.0,6472,7,0
0.1645246027216712,0.08590421239860516,0,0,,-0.06249999609375024,31921.98,13971.5,102466.0,4413,0,0
-0.14258619677274145,-0.03921758479212985,0,0,,0.0,29396.68125,10182.4,93903.0,4413,1,0
0.16639175380346022,0.05735445022395122,0,0,,0.0,30596.606250000004,13951.8,98196.0,4413,2,0
-0.14254640889404496,-0.058303096904848105,0,0,,-0.11111110493827195,28936.94375,13566.3,98396.0,4413,3,0
0.16566659160566208,-0.029020209800144785,0,0,,0.0,30728.511111111115,12546.3,88336.0,4413,4,0
-0.14284098754729405,-0.15688164656524303,0,0,,0.12499999218750048,31646.911111111112,16663.3,103332.0,4413,5,0
0.16642946333035052,0.20573224366326945,0,0,,-0.11111110493827195,37535.55,19487.7,84298.0,4413,6,0
0.19842227311768723,-0.07392440556437849,0,0,,0.12499999218750048,31130.916666666668,16691.1,91835.0,4413,7,0
-0.16758482583502415,-0.24200144464135176,0,0,,-0.05882352595155729,33615.956249999996,12663.0,97022.0,4413,8,0
-0.1416225397554801,-0.06613789462624264,0,0,,0.06249999609375024,44348.311764705875,15555.6,105196.0,4413,9,0
0.1672684050644439,0.3090369349870744,0,0,,0.0,47489.14375,20001.0,94647.0,4413,10,0
-0.14293579478134708,-0.20865104258862147,0,0,,-0.1999999900000005,36277.925,17449.5,68996.0,4413,11,0
0.16504016352305595,0.09319979189708574,0,0,,0.11111110493827195,45843.145000000004,21503.4,118705.0,4413,12,0
-0.14050961374731574,0.037258575735983956,0,0,,0.12499999218750048,41934.827777777784,19035.7,103736.0,4413,13,0
0.1666188598403158,0.30664947511338986,0,0,,-0.11111110493827195,40428.51875,17514.2,64496.0,4413,14,0
0.1541168634781956,-0.12275967172209169,0,0,,0.0,46951.149999999994,21146.9,98702.2,9750,0,1
0.4103925677496208,-0.08568686594175177,0,0,,-0.05263157617728546,53521.422222222216,33019.3,102843.8,9750,1,1
-0.05704359644119032,0.10138845893606116,0,0,,0.11764705190311459,58537.30000000001,14827.6,155579.80000000002,9750,2,1
0.2181262667421362,0.5631401590504879,0,0,,-0.14999999250000037,53148.641176470584,29822.1,74343.8,9750,3,1
1.3123510294993985,-0.055336897688460854,0,0,,0.24999998437500096,34001.2,7612.4,57572.799999999996,9750,4,1
-0.8843721941195568,-0.5229529716867891,0,0,,-0.4666666511111116,35992.9375,18936.3,80927.79999999999,9750,5,1
0.7851063670281735,0.4854951878043335,0,0,,0.19999999200000032,75449.45333333334,25362.6,304769.8,9750,6,1
1.150263319947851,0.31875813256630425,0,0,,0.2499999875000006,50790.776000000005,13174.7,147315.8,9750,7,1
0.517000696747996,-0.28727682203327204,0,0,,0.24999998437500096,38514.09500000001,16553.6,81794.79999999999,9750,8,1
-0.6361622289218783,-0.03391229166588216,0,0,,-0.3043478128544429,54037.94375,30968.5,75631.8,9750,9,1
0.9330451229282867,0.30839086799027476,0,0,,0.27777776234567986,55934.82173913043,20164.9,139209.8,9750,10,1
-0.17062398265737455,0.24335802089714753,0,0,,-0.05263157617728546,42750.85,31738.5,36043.8,9750,11,1
1.1254725191686805,0.5530393567044916,0,0,,0.18749998828125072,34383.378947368416,9929.3,95840.79999999999,9750,12,1
-0.22440144948088564,-0.5505077985504709,0,0,,-0.1999999900000005,22139.4125,7413.8,22353.8,9750,13,1
-0.7472878473889399,-0.1536400562798721,0,0,,-0.23076922189349144,49254.27500000001,5715.5,137599.80000000002,9750,14,1
0.1641877058527676,0.19362716300563707,0,0,,-0.055555552469135974,42330.27647058824,19608.7,61839.2,6353,0,0
-0.14274737729048562,-0.09281804160759972,0,0,,-0.05263157617728546,35463.566666666666,14382.1,53073.799999999996,6353,1,0
0.16594021993762959,0.020009965201399905,0,0,,-0.17391303591682453,39092.01052631579,22377.8,83753.79999999999,6353,2,0
-0.143696723164797,-0.26534223366475573,0,0,,0.09523809070294806,38325.126086956516,19985.0,81053.8,6353,3,0
0.16721573960711653,0.21684715198248974,0,0,,0.1666666574074079,52167.31904761906,31440.8,78567.79999999999,6353,4,0
-0.14208148792763417,0.04382408098236669,0,0,,-0.14285713605442207,42870.88888888889,24599.3,61753.799999999996,6353,5,0
0.16398308007791748,-0.12964777760576207,0,0,,-0.08695651795841226,41070.99047619048,25986.9,86193.8,6353,6,0
-0.14324969577396712,-0.25096589473134745,0,0,,0.0,47188.930434782604,29606.3,77173.79999999999,6353,7,0
0.7442835974321564,0.3538881712728115,0,0,,0.21052630470914185,62999.70869565217,40297.3,81649.79999999999,6353,8,0
-0.4252005284629556,-0.04339838393571406,0,0,,-0.04999999750000012,46532.43157894737,33910.3,52753.8,6353,9,0
0.16607861468820953,0.12849209976968878,0,0,,-0.04761904535147403,48643.479999999996,36075.2,80953.8,6353,10,0
-0.1422833627152219,-0.07623300569847087,0,0,,-0.08695651795841226,43104.84761904761,33118.8,65793.79999999999,6353,11,0
0.1660331437485038,0.12892083364433596,0,0,,0.14999999250000037,46662.034782608695,32992.8,82753.79999999999,6353,12,0
-0.1425887432491389,0.015889131592425422,0,0,,0.05263157617728546,41333.310000000005,30785.1,69893.8,6353,13,0
0.16514411035827709,-0.08396583609625378,0,0,,-0.13636363016528952,40686.83157894737,10899.0,86873.8,6353,14,0
0.16413272098857012,0.10721270036572918,0,0,,0.0,35982.14666666666,25589.1,35244.2,817,0,0
-0.14129896610649154,0.2664963379608702,0,0,,-0.11764705190311459,32497.95333333333,25835.6,27858.799999999996,817,1,0
0.16583082995844856,0.03125647787681037,0,0,,-0.055555552469135974,25659.729411764707,16213.0,47038.8,817,2,0
0.19701630038713408,-0.19381325090723148,0,0,,0.05882352595155729,24882.005555555555,16003.2,46758.799999999996,817,3,0
-0.16681703593283662,-0.1380035385267913,0,0,,0.13333332444444504,30863.823529411766,21505.3,48658.8,817,4,0
-0.14275499306651332,-0.1285510999446243,0,0,,-0.11764705190311459,35805.04666666666,28191.1,46258.799999999996,817,5,0
0.16615588349245491,0.04353971399683537,0,0,,0.06249999609375024,41086.8,27791.7,42578.8,817,6,0
-0.14204464760745408,0.07441695702717263,0,0,,-0.23809522675737013,39372.53125,31281.0,29818.8,817,7,0
0.16785636227249914,0.3473563692939056,0,0,,0.23529410380622917,36645.485714285714,23545.9,47578.8,817,8,0
-0.1411643324971888,0.009899753109188402,0,0,,0.06249999609375024,27198.06470588235,19353.2,27438.8,817,9,0
0.16703902455438166,0.34476021147110253,0,0,,0.06666666222222252,26931.449999999997,14953.0,38113.8,817,10,0
-0.14263640444339096,-0.11683206993874742,0,0,,-0.06249999609375024,20026.953333333335,11145.0,38558.8,817,11,0
0.16582472105279444,0.018850430341090303,0,0,,0.06666666222222252,22676.26875,13975.4,46058.799999999996,817,12,0
-0.1434418488319296,-0.28566488957887404,0,0,,0.0,22256.719999999998,13068.3,42258.8,817,13,0
0.1660000030993886,0.08746865579249977,0,0,,-0.21052630470914185,31157.253333333334,18715.5,52958.8,817,14,0
0.0825007676118354,0.05709058673842847,0,0,,0.49999997222222375,42037.06296296298,33761.7,36998.8,4414,0,0
-0.16533269197081288,0.09590806175339911,0,0,,-0.09999999500000024,39766.75555555556,33780.2,21718.800000000003,4414,1,0
0.4681412061489528,0.18991835277381622,0,0,,0.11111110493827195,36286.579999999994,27590.3,35558.8,4414,2,0
-0.3333815678469966,-0.07757216530356827,0,0,,-0.3333333209876548,30495.01666666667,26348.3,21818.800000000003,4414,3,0
0.28067890923133015,-0.0223685408814264,0,0,,0.49999997222222375,33059.51481481482,16637.0,45318.8,4414,4,0
-0.27716257536726685,0.1833380659035426,0,0,,-0.21739129489603065,33815.927777777775,25438.0,21718.8,4414,5,0
0.29828198295899877,-0.039898913974584796,0,0,,0.27777776234567986,28576.726086956518,18868.1,47238.799999999996,4414,6,0
-0.10379862053271302,0.20236146677156133,0,0,,-0.3333333209876548,29764.288888888885,19553.0,21718.800000000003,4414,7,0
0.14887058997321548,0.5010495739528489,0,0,,0.34999998250000086,24754.859259259254,16085.0,49858.8,4414,8,0
0.09779443563243746,-0.21084462382494676,0,0,,-0.1666666597222225,16491.700000000004,10361.7,32818.8,4414,9,0
0.1257110654733243,-0.05076739020822425,0,0,,0.09090908677685969,20897.912500000002,12152.3,43438.8,4414,10,0
-0.11498730950911847,-0.3059015225130079,0,0,,0.6923076390532585,22015.586363636357,14250.1,35258.8,4414,11,0
0.2794339225425564,0.7631875965836609,0,0,,1.1666664722222546,31718.246153846154,18803.7,46525.0,4414,12,0
0.1703984957297726,0.34097060078174585,0,0,,0.2499999791666684,69435.86,53069.6,60983.799999999996,6030,0,0
-0.1406521508211627,0.24139927518953597,0,0,,-0.24999998437500096,51780.299999999996,42810.8,33343.8,6030,1,0
0.16460011478739747,-0.11876903456117059,0,0,,0.23076921301775286,41711.2375,31906.9,66423.8,6030,2,0
-0.141708107371538,0.12259747614500373,0,0,,-0.13333332444444504,47332.92307692308,39792.2,54743.799999999996,6030,3,0
0.16664024335591482,0.05078265552563227,0,0,,0.15384614201183525,42163.75333333333,30755.7,64303.799999999996,6030,4,0
-0.14013799801849536,0.039191740484834245,0,0,,0.1818181652892577,40126.04615384615,34624.4,54683.799999999996,6030,5,0
0.16166318327840196,-0.11743439236224258,0,0,,-0.08333332638888948,38612.74545454545,28513.8,71069.2,6030,6,0
-0.14250411977929983,-0.05150352268723934,0,0,,-0.399999980000001,43750.56666666667,37889.1,52143.799999999996,6030,7,0
0.1650735839390057,-0.019825943979055093,0,0,,0.17647057785467188,46126.229999999996,33563.4,76803.8,6030,8,0
-0.14235477528643029,-0.027279065586723005,0,0,,0.06249999609375024,47059.22352941177,39165.2,63003.799999999996,6030,9,0
0.7403133762793251,0.11040833661050294,0,0,,-0.05882352595155729,48378.95625,38838.4,67543.79999999999,6030,10,0
-0.3299269832320231,-0.13693287560436507,0,0,,0.3076922840236705,43568.617647058825,36695.9,65403.799999999996,6030,11,0
-0.18262235538591895,0.22660332757080395,0,0,,0.44444439506173394,50481.146153846144,43486.8,66729.20000000001,6030,12,0
2.6319616380764317,2.950207163256047,0,0,,3.499998250000875,41155.23333333334,24237.0,24900.0,6030,13,0
-0.4505523754639406,-0.355701089946067,0,0,,0.0,51939.77619047618,29721.5,58143.799999999996,11021,0,1
0.2353561020985748,0.6826864789969957,0,0,,0.10526315235457093,80614.40952380953,49647.8,131443.8,11021,1,1
1.4508791607219227,-0.10938467110759156,0,0,,0.3571428316326549,47908.15789473683,18133.7,62176.8,11021,2,1
-0.43792920308863414,0.9131077731659429,0,0,,-0.29999998500000075,53792.200000000004,45367.7,13643.800000000001,11021,3,1
5.0,-0.4717446984364462,0,0,,0.5384614970414233,28117.704999999998,8054.6,66040.79999999999,11021,4,1
-0.952033946252844,-0.3129908937683649,0,0,,-0.27777776234567986,53227.49230769231,42916.7,14743.800000000001,11021,5,1
0.15392686815341616,0.04095202003880247,0,0,,0.0,77477.12777777777,45499.9,136387.2,11021,6,1
4.261827551790034,1.9192307607748038,0,0,,-0.18181817355371938,74429.10555555556,43267.3,86295.79999999999,11021,7,1
-0.8051716264606744,-0.6530649368409098,0,0,,0.09999999500000024,25496.136363636368,7438.4,67043.8,11021,8,1
0.2358329441043663,0.31599815750023774,0,0,,-0.09090908677685969,73489.65,26664.6,110019.8,11021,9,1
-0.45686012452746005,-0.10546061942059441,0,0,,-0.24137930202140337,55843.277272727275,30493.4,134449.8,11021,10,1
0.5344446051133805,0.4423715818758836,-1,0,,-0.0937499970703126,62426.85172413792,23058.7,194393.8,11021,11,1
-0.37902997952213696,-0.46083243501870913,1,1,,0.14285713775510223,43280.7,-517.7,142466.8,11021,12,1
2.1233515681579873,1.10952518513684,0,0,,2.9999995714286327,80273.1892857143,43033.1,225664.8,11021,13,1
0.1688501860212505,0.028028514501953698,0,0,,0.36842103324099823,46612.77692307693,27964.1,130583.79999999999,8564,0,0
-0.14451277409400706,-0.019641622873044256,0,0,,-0.26923075887574005,45341.910526315776,28034.1,99098.2,8564,1,0
0.1638980792587998,0.0005773697797417921,0,0,,0.08333332986111125,46250.34230769231,28350.1,125957.8,8564,2,0
-0.1422682299846129,-0.13019748400444725,0,0,,-0.07692307396449716,46223.65416666667,33042.7,112557.8,8564,3,0
0.16273424362485017,-0.0999756663652288,0,0,,0.03999999840000006,53142.700000000004,28263.7,129502.8,8564,4,0
-0.1417077097052511,-0.030226166323939777,0,0,,0.13636363016528952,59045.84799999999,36224.0,109308.79999999999,8564,5,0
0.1661733560714478,-0.009836278564164197,0,0,,0.04761904535147403,60886.204545454544,36301.2,125119.8,8564,6,0
-0.14623214844929305,0.09529065369106408,0,0,,-0.3823529299307962,61491.04761904762,40579.6,89202.79999999999,8564,7,0
0.1701786868471975,-0.035269488038314104,0,0,,0.2592592496570648,56141.305882352935,27191.2,148678.8,8564,8,0
0.48991524740300635,-0.10189358891765789,0,0,,0.12499999479166687,58193.77037037038,32801.6,118018.8,8564,9,0
-0.4244844875168219,0.046971235519078364,0,0,,-0.17241378715814526,64796.075000000004,40796.5,123088.79999999999,8564,10,0
0.1604272913686729,-0.325788455192676,0,0,,0.6111110771604957,61889.06896551724,28406.0,136621.8,8564,11,0
-0.13191085829598143,0.7780831383409696,0,0,,0.7999999200000081,91794.73333333334,58118.0,134037.6,8564,12,0
0.15856967035853578,0.0010910201272534763,0,0,,0.11111110493827195,83966.11999999998,72595.0,62664.2,9869,0,0
-0.13979266317067598,0.12091536314312873,0,0,,-0.14285713605442207,83874.61111111111,74950.6,48098.799999999996,9869,1,0
0.1644292915349513,0.008965665941641127,0,0,,0.10526315235457093,74826.8904761905,58488.1,53538.799999999996,9869,2,0
-0.1411697635869512,-0.00834360699048991,0,0,,-0.13636363016528952,74161.9789473684,65011.8,50898.799999999996,9869,3,0
0.16355210068238324,-0.018741269262196183,0,0,,0.2222222098765439,74785.96363636364,62888.7,59460.799999999996,9869,4,0
-0.14084920925509298,-0.02451477468851371,0,0,,-0.05263157617728546,76214.31666666667,63953.4,50211.799999999996,9869,5,0
0.1667005552257395,0.1879762626122491,0,0,,0.0,78129.64736842105,65760.1,50598.8,9869,6,0
-0.14044584036929111,0.118162294499049,0,0,,0.0,65767.01052631579,52364.2,45598.799999999996,9869,7,0
0.738918627515059,0.09757982217049474,0,0,,-0.04999999750000012,58817.05263157893,43512.0,51498.8,9869,8,0
-0.42520201111618794,-0.12581905279055083,0,0,,0.05263157617728546,53587.94999999999,40838.7,58458.799999999996,9869,9,0
0.16459780902311139,0.005966186356360595,0,0,,-0.04999999750000012,61300.75263157894,46464.9,56998.799999999996,9869,10,0
-0.14070004848862142,0.039030465727858114,0,0,,0.05263157617728546,60937.19000000002,47544.1,55938.8,9869,11,0
0.16525556041043638,0.12199128879386736,0,0,,0.0,58648.12631578947,43205.6,48838.799999999996,9869,12,0
-0.19677670167056888,0.1477133566913406,0,0,,0.0,52271.463157894745,37899.3,55858.8,9869,13,0
0.2361700651211148,0.014721988816869062,0,0,,-0.17391303591682453,45544.005263157895,28497.3,45878.8,9869,14,0
0.16666666666088867,-1.1004185080968372,1,7,,-0.22222219753086697,-12353.471428571427,-19310.0,26829.4,5700,0,1
-0.1428571428528978,-0.05559045413029096,0,6,,-0.09999999000000101,-5881.433333333333,-11710.5,32485.7,5700,1,1
0.16508333275060122,-5.0,-4,6,,-0.2857142653061239,-5571.700000000001,-12935.3,34648.1,5700,2,1
-0.14329611009347934,-1.1145383539801634,6,10,,-0.12499999218750048,-431.0214285714287,-7074.2,29619.7,5700,3,1
0.16183423388095347,-0.663865983794885,4,4,,0.14285713265306196,3763.11875,-1717.9,32041.300000000003,5700,4,1
-0.14244088973050728,-0.19277939776122135,0,0,,0.07692307100591762,11195.292857142858,2355.1,32103.8,5700,5,1
0.16290650161473758,0.2491335229433392,0,0,,-0.23529410380622917,13868.938461538462,9396.2,25003.8,5700,6,1
-0.14358073307128913,-0.47264825975880775,0,0,,0.06249999609375024,11102.84705882353,6545.8,28623.8,5700,7,1
0.733408157501548,-0.19653654445045443,0,0,,0.23076921301775286,21053.96875,11681.1,35543.8,5700,8,1
-0.5338459050418354,-0.10005250838845225,0,0,,-0.07142856632653098,26204.01538461539,17547.2,31183.8,5700,9,1
0.2126229943070033,0.07701944683655715,0,0,,-0.17647057785467188,29117.27142857143,8095.7,39223.799999999996,5700,10,1
0.010773374374445449,-0.09775540272692945,0,0,,-0.10526315235457093,27035.04705882353,15319.6,22183.800000000003,5700,11,1
0.1713042943805164,-0.14476237965390623,0,0,,0.4615384260355057,29964.210526315783,20632.6,38683.8,5700,12,1
-0.29734501809338026,0.12673242696975184,0,0,,-0.07142856632653098,35036.12307692307,28080.0,19783.800000000003,5700,13,1
0.2654723522509374,0.18243893561122979,0,0,,-0.12499999218750048,31095.335714285706,10158.6,38863.799999999996,5700,14,1
0.06469290952995589,0.1554857358980035,0,0,,0.09523809070294806,88812.93913043481,42779.3,213301.2,1247,0,1
1.9164584076845945,0.16410396854570938,0,0,,0.1666666574074079,76861.99523809525,35293.5,120928.8,1247,1,1
-0.36042639798019743,0.2628771047247503,0,0,,-0.05263157617728546,66026.74444444444,19291.5,145751.8,1247,2,1
0.14554346449131683,-0.29831097419200747,0,0,,0.055555552469135974,52282.7947368421,25409.0,59387.799999999996,1247,3,1
0.932397903323442,0.34498440926237506,0,0,,0.3846153550295881,74509.92222222223,52201.1,95143.8,1247,4,1
-0.5893762124251757,-0.22905630889507067,0,0,,-0.23529410380622917,55398.35384615384,34123.5,73574.8,1247,5,1
-0.4333329937644721,-0.02960153674272671,0,0,,-0.3199999872000005,71857.84705882352,42802.4,80943.79999999999,1247,6,1
2.3337511557937556,0.6463126120513016,0,0,,0.7857142295918408,74049.83600000001,40893.3,206356.80000000002,1247,7,1
0.32350279183993214,1.5346928225532461,0,0,,0.2727272479338866,44979.207142857136,23824.5,41943.799999999996,1247,8,1
0.5229740031263757,0.15587317113750293,0,0,,-0.21428569897959293,17745.427272727273,2424.7,17643.8,1247,9,1
0.5825225029749995,-0.04244496998098005,0,0,,0.16666665277777895,15352.4,3862.1,43396.799999999996,1247,10,1
-0.895184290954919,-0.7622413364940402,0,0,,-0.5714285510204089,16032.916666666666,9803.8,8443.800000000001,1247,11,1
0.11355792612246934,0.40883332377994075,0,0,,0.6470587854671302,67433.575,13703.8,272006.8,1247,12,1
-0.04623327844420606,0.2137195705659817,0,0,,-0.2272727169421492,47864.835294117634,26170.2,71773.79999999999,1247,13,1
1.1320265852816471,0.2612487894088173,-1,0,,0.0,39436.48636363636,2198.2,206041.80000000002,1247,14,1
1.3598418556519685,0.27956236739313634,0,0,,0.6666666296296316,76292.41333333336,41630.3,197772.80000000002,8316,0,0
-0.39868545066120215,-0.09250783654652138,0,0,,0.0,59623.833333333336,39101.0,90687.8,8316,1,0
0.28006499658913614,0.2293079960016155,0,0,,-0.09999999500000024,65701.7611111111,34548.6,86543.79999999999,8316,2,0
0.3062809778465316,0.3485271489111223,0,0,,-0.23076922189349144,53446.134999999995,35936.3,93174.8,8316,3,0
0.2562175928821318,-0.20221625091425607,0,0,,0.6249999609375024,39632.96923076923,22247.6,90989.79999999999,8316,4,0
3.452718238958647,-0.040531515102375654,0,0,,0.0,49678.8375,41274.9,35143.8,8316,5,0
-0.8810706451047287,0.10065411052258702,0,0,,-0.05882352595155729,51777.45625,22139.9,78143.8,8316,6,0
1.9187171869213553,0.6213304984709476,0,0,,-0.19047618140589612,47042.44117647058,22918.7,29406.799999999996,8316,7,0
-0.6481563103507392,-0.5379936420953398,0,0,,0.0,29014.714285714275,15467.0,107677.8,8316,8,0
0.7411363439443472,0.4443606066512874,0,0,,0.9090908264462886,62801.54761904761,32674.0,104277.8,8316,9,0
4.794079048572326,5.0,0,0,,4.499997750001125,43480.51818181819,23224.1,36500.0,8316,10,0
0.23438545073529518,-0.0717556760167003,0,0,,0.29999998500000075,27291.065384615387,19005.4,36390.8,3064,0,0
0.05250627969689416,-0.19477606227142866,0,0,,0.0,29400.735000000004,19973.6,29250.800000000003,3064,1,0
-0.1752328370846281,0.12457722017884515,0,0,,0.05263157617728546,36512.49500000001,26069.3,37050.8,3064,2,0
0.024518379320404075,0.30984749594442856,0,0,,-0.2962962853223598,32467.752631578944,25810.5,22210.800000000003,3064,3,0
0.08295706764340675,-0.08067190863956503,0,0,,0.12499999479166687,24787.429629629623,11341.9,36390.8,3064,4,0
0.15348683254511641,-0.039883801927041225,0,0,,0.14285713605442207,26962.55,15992.5,34650.8,3064,5,0
-0.11740471896029563,0.2907689684450761,0,0,,0.0,28082.59047619048,19137.3,23950.8,3064,6,0
-0.1704132909910276,0.27043138482373613,0,0,,-0.22222221399176983,21756.480952380953,13108.3,27950.8,3064,7,0
0.23350904165039185,-0.4531847178055076,0,0,,0.4210526094182837,17125.270370370366,4823.3,49930.8,3064,8,0
0.17156223307262564,0.09595823703086792,0,0,,1.1111109876543348,31318.2,21815.5,34527.2,3064,9,0
0.5825518918283721,1.5543253281092813,0,0,,1.9999993333335555,28576.08888888889,17703.1,13900.0,3064,10,0
-0.13808557544610736,-0.07279467305866955,0,0,,0.35294115570934376,36579.739130434784,27006.6,43143.799999999996,7607,0,0
0.16654986840358887,0.1589056698640991,0,0,,0.13333332444444504,39451.605882352946,31073.4,44803.8,7607,1,0
-0.1418056918520522,0.04451596151135425,0,0,,-0.06249999609375024,34042.119999999995,25380.0,37703.8,7607,2,0
-0.05465591428802813,0.19935669343367013,0,0,,-0.3043478128544429,32591.2875,19808.1,44783.8,7607,3,0
0.057815894883252845,-0.19612457024536561,0,0,,0.4374999726562517,27173.973913043483,14413.6,62403.799999999996,7607,4,0
0.08539041777011389,0.388474320548376,0,0,,0.06666666222222252,33803.7125,25695.6,35883.8,7607,5,0
-0.07813571593532016,-0.1717191404418897,0,0,,-0.1666666574074079,24345.94,13154.9,24403.8,7607,6,0
0.011018703790762084,0.13089763975604707,0,0,,-0.30769229585798863,29393.338888888888,15678.9,65503.8,7607,7,0
-0.010817358210630642,-0.09059201109301405,0,0,,0.29999998500000075,25991.157692307686,14413.3,57503.8,7607,8,0
0.13915047629522992,-0.004080334803707555,0,0,,-0.04761904535147403,28580.305000000004,16263.5,46863.8,7607,9,0
-0.12023336320029576,-0.07425452457186815,0,0,,0.1666666574074079,28697.4,18207.9,40303.8,7607,10,0
0.15774726565440794,-0.2754075942759819,0,0,,-0.09999999500000024,30999.23333333333,19830.4,65549.2,7607,11,0
-0.19646677223013245,0.10583670008592432,0,0,,1.2222220864197684,42781.615,28133.7,60503.799999999996,7607,12,0
2.626347575969618,2.681388672765953,0,0,,1.9999993333335555,38687.1,19181.5,15500.0,7607,13,0
-0.5245329966227399,-0.27293021195571915,0,0,,-0.18749998828125072,32206.69230769231,20248.1,76688.20000000001,2228,0,0
0.13503612091582287,0.2444961810724805,0,0,,-0.11111110493827195,44296.5625,20868.3,65518.799999999996,2228,1,0
-0.36246814986117887,-0.1917482745074425,0,0,,-0.21739129489603065,35593.97222222222,13718.9,72528.8,2228,2,0
5.0,1.2781810074448234,0,0,,0.9166665902777842,44038.22608695652,25265.3,99258.80000000002,2228,3,0
-0.08111056998515015,-0.18166456054022456,0,0,,0.0,19330.433333333338,13615.3,13918.800000000001,2228,4,0
-0.28100253190887103,0.22224991418171805,0,0,,0.0,23621.649999999998,15984.1,13918.800000000001,2228,5,0
0.7559268323959227,-0.21712625450020917,0,0,,-0.2941176297577865,19326.366666666665,15175.3,13918.800000000001,2228,6,0
-0.85798700316644,-0.5743467168081348,0,0,,-0.19047618140589612,24686.441176470587,15221.5,34918.8,2228,7,0
-0.35339394077390446,-0.21104529831037602,0,0,,-0.08695651795841226,57996.59523809523,29655.5,126724.8,2228,8,0
0.05547976014109889,0.21631170370466302,0,0,,0.045454543388429844,73510.67826086956,37623.5,189403.80000000002,2228,9,0
1.309610745023516,0.21974147128493574,0,0,,0.15789472853185638,60437.36818181817,22879.0,104412.8,2228,10,0
-0.4733574808319154,-0.18115159616893736,0,0,,-0.26923075887574005,49549.32631578947,27002.7,94140.79999999999,2228,11,0
0.7023495813430884,0.2372866520257387,0,0,,0.6249999609375024,60510.988461538465,23232.1,111818.79999999999,2228,12,0
0.5482401998503206,-0.09845964904624954,0,0,,-0.11111110493827195,48906.2,29706.1,52632.799999999996,2228,13,0
-0.7682288096521166,-0.2821749499227003,0,0,,-0.09999999500000024,54247.37777777777,17133.2,95379.79999999999,2228,14,0
-0.03525174941083612,-0.37047125189795393,0,0,,0.23529410380622917,14818.180952380955,7103.9,24082.8,2361,0,0
0.23338442524663014,-0.14992210460097738,0,0,,-0.055555552469135974,23538.529411764706,16227.5,22322.800000000003,2361,1,0
-0.3662502256723725,0.10571152612254799,0,0,,0.12499999218750048,27689.850000000002,23767.4,20122.800000000003,2361,2,0
0.08241126084240528,0.20274595345380672,0,0,,-0.23809522675737013,25042.5625,19477.6,15682.800000000001,2361,3,0
0.1697403667779679,-0.1615400150651174,0,0,,0.3124999804687512,20821.157142857144,13168.9,25522.8,2361,4,0
-0.07967286950101725,0.051038134592718755,0,0,,0.06666666222222252,24832.61875,15984.9,20462.800000000003,2361,5,0
0.039753278881752126,0.26973071744880023,0,0,,-0.11764705190311459,23626.75333333333,17922.8,13882.800000000001,2361,6,0
-0.15224608022753988,0.14912442461745345,0,0,,-0.2272727169421492,18607.688235294117,14192.9,17242.800000000003,2361,7,0
0.04127095503733367,-0.15887323003876105,0,0,,0.2941176297577865,16192.92727272727,9031.3,28162.8,2361,8,0
0.08774960802036054,0.05316627267504088,0,0,,0.0,19251.47058823529,13789.5,21082.800000000003,2361,9,0
0.07260375250841343,-0.21103238267596985,0,0,,0.13333332444444504,18279.611764705885,12625.0,18802.800000000003,2361,10,0
-0.0813134213471397,0.17912383058246825,0,0,,-0.37499998437500065,23169.02666666667,18658.5,23068.2,2361,11,0
0.014451909769028057,-0.13623459016036032,0,0,,0.26315788088642733,19649.358333333334,11418.8,38602.8,2361,12,0
0.28039923967707925,-0.1413971017468063,0,0,,0.0,22748.489473684207,14875.5,30242.799999999996,2361,13,0
0.07246930023745748,-0.12005073655773742,0,0,,1.1111109876543348,26494.773684210526,19052.3,37369.799999999996,2361,14,0
-0.1416644713819401,-0.11500026740803243,0,0,,0.35294115570934376,47035.83043478261,31291.1,54937.799999999996,3752,0,0
0.1693114517774215,0.022590652382202668,0,0,,0.13333332444444504,53147.84705882353,44962.1,48917.8,3752,1,0
-0.14488227848700067,0.018816200988748335,0,0,,0.0,51973.726666666655,43590.6,47663.2,3752,2,0
0.1689563152826985,0.1926549270905374,0,0,,0.6666665925926009,51013.83999999999,42362.0,53497.799999999996,3752,3,0
0.9993495305004609,1.2209967971868942,0,0,,1.249999687500078,42773.34444444445,34496.5,33900.0,3752,4,0
-0.7049011086881856,-0.6139713145998126,0,0,,-0.30769229585798863,25379.96666666666,19435.2,21529.2,4079,0,0
-0.5421408279067708,-0.23302643366774148,0,0,,-0.23529411072664383,65746.32307692309,27105.3,166751.80000000002,4079,1,0
1.1007887140718309,0.9075410507367441,0,0,,0.35999998560000057,85721.75882352942,55401.1,218431.80000000002,4079,2,0
3.733740719163462,0.9064968923512557,0,0,,0.3888888672839518,44938.35600000001,14770.3,60927.8,4079,3,0
-0.15423352157521955,-0.05482402175190399,0,0,,-0.05263157617728546,23571.166666666668,17556.8,16687.8,4079,4,0
0.10461598516246348,-0.04009032071967219,0,0,,0.055555552469135974,24938.38947368421,19360.0,21467.8,4079,5,0
0.016699358127325082,0.1321392958544833,0,0,,-0.05263157617728546,25979.933333333334,19341.5,16687.8,4079,6,0
-0.845009410175978,-0.654318406907662,0,0,,-0.36666665444444485,22947.64736842105,16214.4,18487.8,4079,7,0
2.655267390720553,1.42772464020541,0,0,,0.6666666296296316,66383.77000000002,27122.3,173888.80000000002,4079,8,0
-0.6537390750985066,-0.5048123843616734,0,0,,-0.30769229585798863,27344.027777777777,17901.8,16748.8,4079,9,0
-0.005694188578085233,-0.01772590997432696,0,0,,-0.07142856887755111,55219.53076923076,22291.7,138487.8,4079,10,0
-0.40325088847578394,-0.14208791963238776,0,0,,-0.24324323666910172,56216.010714285716,21867.7,145190.8,4079,11,0
0.09358607366587503,-0.004679394952281532,0,0,,0.2333333255555558,65526.540540540525,28316.7,244338.8,4079,12,0
-0.16533438747931098,-0.03505074641681143,0,0,,-0.06249999804687507,65834.60666666664,22367.8,167031.8,4079,13,0
4.606383655699775,1.7897586877265592,0,0,,0.333333319444445,68225.978125,23925.2,216287.80000000002,4079,14,0
2.9796595942814283,0.5147896907261658,0,0,,0.7999999466666703,65029.39629629628,33600.8,124196.79999999999,8625,0,0
-0.6991938383306366,-0.1956725873949355,0,0,,-0.39999998400000064,42929.65333333332,32059.7,40782.2,8625,1,0
-0.37799421135515276,-0.19699443527358812,0,0,,-0.07407407133058995,53373.356,38214.3,127725.8,8625,2,0
-0.36537088386787836,-0.24264883097220288,0,0,,-0.24999999305555576,66466.98148148147,30518.7,196246.80000000002,8625,3,0
1.4524874907939564,0.5030921280773116,0,0,,0.3846153698224858,87762.43333333335,54181.6,341521.79999999993,8625,4,0
-0.45057135778080315,-0.3068942487410985,0,0,,0.0,58387.92692307693,29956.6,106668.79999999999,8625,5,0
0.6416788236078352,0.09126218840488107,0,0,,0.08333332986111125,84241.00769230768,49620.4,210796.8,8625,6,0
-0.5572923036990998,-0.10150180206289135,0,0,,-0.2727272644628102,77195.9375,39204.4,150096.8,8625,7,0
1.3030025401036744,0.30420278505679926,0,0,,0.06451612695109267,85916.6303030303,21438.0,293896.8,8625,8,0
-0.30211686727519627,-0.15659083422422324,0,0,,0.0,65876.74193548386,32589.0,166896.8,8625,9,0
-0.17573346394261447,0.15200587483480793,0,0,,-0.031249999023437534,78107.69032258065,18059.9,221757.80000000002,8625,10,0
0.26231926501876607,0.24747401421286594,0,0,,0.10344827229488716,67801.46875,22826.2,242265.8,8625,11,0
1.2669560391031371,0.37442013431975163,0,0,,1.6363634876033195,54351.00689655171,10954.5,163218.8,8625,12,0
1.2927959079024627,-0.023774071567018013,0,0,,0.615384568047341,46045.242857142875,23674.0,119269.8,9591,0,0
-0.08468077571292777,0.44817270470052145,0,0,,-0.23529410380622917,47166.584615384614,23578.2,63701.2,9591,1,0
-0.17395745994105535,-0.2758378266172969,0,0,,-0.10526315235457093,32569.72352941176,19421.5,49594.799999999996,9591,2,0
1.1599896510945928,0.9600202896599922,0,0,,0.3571428316326549,44975.731578947365,23319.6,67772.79999999999,9591,3,0
0.8430642543010586,0.9714573529180283,0,0,,0.16666665277777895,22946.564285714285,10739.7,22281.8,9591,4,0
-0.16178448719199293,-0.06220281057932912,0,0,,0.0,11639.391666666668,6685.7,12481.800000000001,9591,5,0
0.4603179947995936,-0.3313901572776242,0,0,,0.09090908264462885,12411.416666666666,8731.9,12481.800000000001,9591,6,0
-0.2975980699292549,-0.25803164633365755,0,0,,-0.35294115570934376,18563.01818181818,14495.4,8335.800000000001,9591,7,0
-0.8316736550711591,-0.5888349551539863,0,0,,-0.37037035665294976,25018.611764705885,18723.2,47324.799999999996,9591,8,0
0.0024598871431820452,-0.05052197650029628,0,0,,0.17391303591682453,60848.09999999999,25806.3,146521.8,9591,9,0
-0.4977119533713681,-0.16273552434628633,0,0,,-0.2580645078043707,64085.843478260875,29426.4,154513.80000000002,9591,10,0
0.65032905166042,0.34555839433291075,0,0,,0.10714285331632667,76541.93548387097,29947.2,304616.80000000005,9591,11,0
0.8541509048067258,0.3085840188338931,0,0,,0.0,56884.88571428571,29866.1,166223.80000000002,9591,12,0
-0.25134541212549977,-0.2527377037502378,0,0,,0.1666666597222225,43470.5642857143,18403.7,109749.8,9591,13,0
0.09317092925688857,-0.09349853209605412,0,0,,0.8461537810650938,58173.1,31592.3,137003.8,9591,14,0
-0.14419514452479631,-0.2969119576267986,0,0,,0.3571428316326549,37176.68421052631,17268.6,86866.8,9828,0,0
0.7382240008116226,-0.07372579655117094,0,0,,0.16666665277777895,52876.285714285725,33148.5,86443.8,9828,1,0
-0.4249992604632703,-0.07094324719134078,0,0,,0.0,57084.916666666664,28364.2,101038.8,9828,2,0
0.16933502442119305,0.5614094982232201,0,0,,-0.07692307100591762,61443.94999999999,33418.9,72543.79999999999,9828,3,0
-0.14216246059207385,0.03247593888544457,0,0,,-0.31578945706371275,39351.59230769231,16061.3,46543.799999999996,9828,4,0
0.16513323177777367,-0.09480983106839282,0,0,,0.2666666488888901,38113.81052631579,20861.4,114770.79999999999,9828,5,0
-0.14249239968536404,-0.20935752558321893,0,0,,0.0,42105.86,29636.6,85274.79999999999,9828,6,0
0.16658229970532787,0.22321968607278367,0,0,,-0.06249999609375024,53255.24666666666,35739.0,99592.8,9828,7,0
-0.14258024339552677,0.03803254001071553,0,0,,-0.27272726033057904,43536.94375,17875.8,70748.79999999999,9828,8,0
0.16568638644620043,-0.15945758404858223,0,0,,0.2941176297577865,41941.7909090909,24053.0,136876.8,9828,9,0
-0.14197904242886014,0.20366809959962964,0,0,,-0.14999999250000037,49898.48235294117,33024.4,82306.79999999999,9828,10,0
0.1652786185412792,0.04037715557562897,0,0,,0.05263157617728546,41455.35,22629.6,119186.8,9828,11,0
-0.14352195288972006,-0.33358507143593874,0,0,,-0.13636363016528952,39846.46315789474,22147.5,88343.79999999999,9828,12,0
0.16699536266299253,-0.022138781553471824,0,0,,1.199999880000012,59792.27272727273,37273.5,127919.8,9828,13,0
0.20037998398889725,0.5347697839876917,0,0,,0.6666665555555741,61145.97000000001,47054.6,88700.0,9828,14,0
0.18116699708994946,0.49771308117114005,0,0,,0.4545454132231443,30034.0625,18018.1,68043.8,1993,0,1
1.545817008438245,-0.16041377841807533,0,0,,0.09999999000000101,20053.281818181815,12703.6,9043.800000000001,1993,1,1
-0.8347012984954476,-0.4719394486312892,0,0,,-0.16666665277777895,23884.72,17078.5,12143.800000000001,1993,2,1
5.0,0.6716363530841859,0,0,,0.9999998333333611,45231.025,23742.8,72629.20000000001,1993,3,1
-0.992887994321424,-0.23447493032707933,0,0,,-0.24999996875000394,27057.933333333334,23798.4,12100.0,1993,4,1
0.15867930680366724,-0.1461181540724475,0,0,,-0.08333332638888948,37368.44545454546,25987.7,34629.2,5628,0,0
-0.13970174191769535,0.12764881073474665,0,0,,0.0,43763.01666666666,37456.3,35043.799999999996,5628,1,0
0.16737779880894613,0.23016396678226947,0,0,,-0.36842103324099823,38809.083333333336,31956.2,25343.8,5628,2,0
-0.14384911498425518,-0.11324446562160852,0,0,,0.2666666488888901,31547.89473684211,23036.4,31403.8,5628,3,0
0.7331855424845465,-0.10248037350176802,0,0,,0.15384614201183525,35576.76666666668,27593.4,38343.799999999996,5628,4,0
-0.4239613917355947,-0.12863424308657911,0,0,,0.0,39638.98461538461,31286.5,36423.799999999996,5628,5,0
0.03002121372768094,0.618122123027375,0,0,,-0.23529410380622917,45490.63846153847,36970.3,35303.8,5628,6,0
-0.02712862448604799,-0.17758707011746627,0,0,,-0.10526315235457093,28113.229411764703,15821.5,14843.8,5628,7,0
0.16463465522974552,-0.15573541502519384,0,0,,0.5833332847222263,34183.836842105266,24666.1,59443.8,5628,8,0
-0.2192592316745151,0.18324247087197643,0,0,,-0.07692307100591762,40489.48333333334,31827.4,19543.800000000003,5628,9,0
0.0984672644894433,0.32967621734445557,0,0,,-0.23529410380622917,34219.09230769231,19051.7,45403.799999999996,5628,10,0
0.0032271830158830694,-0.21990852018294096,0,0,,0.06249999609375024,25734.90588235294,12608.4,24903.8,5628,11,0
0.1659613963117201,0.1601595194665748,0,0,,0.0,32989.6,24248.4,43203.8,5628,12,0
-0.14270275147411857,-0.22307261101335923,0,0,,0.3333333055555579,28435.399999999998,21271.2,31903.800000000003,5628,13,0
0.16710147147120943,0.2596456683790763,0,0,,-0.3333333148148158,36599.816666666666,30881.4,38543.8,5628,14,0
-0.14221764949877228,0.05006745809493926,0,0,,0.09999999500000024,25217.62727272727,16947.6,34834.8,1762,0,0
0.16474502390303866,-0.09893948716807825,0,0,,-0.09090908677685969,24015.245000000003,14759.7,46374.8,1762,1,0
-0.14173346745907786,0.005252322707336662,0,0,,0.0,26652.199999999997,16007.6,44734.799999999996,1762,2,0
0.1665453410040409,0.13610215344397633,0,0,,0.04761904535147403,26512.945454545457,16117.1,38034.8,1762,3,0
-0.1424185352418383,0.10626052594620199,0,0,,-0.045454543388429844,23336.76190476191,16527.2,30394.800000000003,1762,4,0
0.16501550103372348,-0.11631341905029573,0,0,,0.0,21095.17727272728,13618.4,52274.8,1762,5,0
-0.14198048803746638,-0.05430249899215026,0,0,,0.0,23871.786363636365,17095.7,42274.799999999996,1762,6,0
0.16440740286511996,-0.10170063719823516,0,0,,-0.18518517832647488,25242.518181818185,15803.1,34914.8,1762,7,0
-0.14321161006334868,-0.2503413242335543,0,0,,0.07999999680000013,28100.340740740747,18862.1,49574.8,1762,8,0
0.11715670500970078,0.050798755181505145,0,0,,0.08695651795841226,37484.18,27284.3,46174.8,1762,9,0
-0.2179762911092591,0.07748619879900773,0,0,,0.0,35672.082608695644,25415.2,34274.8,1762,10,0
0.2087724940281204,0.10466335664441809,0,0,,-0.07999999680000013,33106.7652173913,17177.2,64014.799999999996,1762,11,0
-0.05417894725720127,-0.23228737090525065,0,0,,-0.3055555470679015,29970.004,15263.6,47534.8,1762,12,0
0.10764218520577375,0.08726443768017768,0,0,,0.5652173667296797,39038.05000000001,23393.1,85354.8,1762,13,0
-0.13365982153192102,-0.024608056145616255,0,0,,0.0,35904.83478260871,23650.3,49720.2,1762,14,0
-0.05342217909689939,0.1388702839749824,0,0,,-0.055555552469135974,60180.41764705883,26325.5,111041.79999999999,347,0,1
0.3298999928918919,0.13672031061498108,0,0,,0.2857142653061239,52842.20555555556,25301.8,88654.79999999999,347,1,1
-0.02429714745415978,0.8160637268711755,-3,0,,-0.2222222098765439,46486.549999999996,25704.9,28916.799999999996,347,2,1
1.4013059517839832,4.550479149492435,-2,3,,0.2857142653061239,25597.42222222222,-2762.6,52653.7,347,3,1
0.42278231362183794,-0.8465390551042992,1,5,,-0.06666666222222252,4611.750000000001,-2741.1,18349.1,347,4,1
-0.8416142766436345,-0.4362117220999611,4,4,,-0.28571427210884415,30051.619999999988,-734.9,61633.7,347,5,1
4.976758373638294,1.95913208569586,0,0,,1.099999890000011,53303.02380952381,218.0,108288.8,347,6,1
-0.5793816664000715,-0.4606914910112346,0,0,,-0.4444444197530878,18013.06,5085.4,31730.199999999997,347,7,1
-0.4083559997548152,-0.08233937175899878,0,0,,0.12499999218750048,33400.288888888885,5133.8,81182.40000000001,347,8,1
0.07100884414775752,-0.2537064054988477,0,0,,-0.1999999900000005,36397.2125,9797.5,88004.2,347,9,1
-0.19286920524936613,-0.03726412463808258,-1,0,,0.0,48770.635,27577.6,111353.8,347,10,1
0.7222461261849862,0.06271307271647233,1,1,,1.2222220864197684,50658.37499999999,-243.3,146371.0,347,11,1
1.814203985844518,1.3308066188098144,0,0,,0.799999840000032,47668.91111111111,22996.8,24400.0,347,12,1
-0.8555650045286949,0.1447426893004396,0,0,,-0.34999998250000086,56208.399999999994,44180.5,44247.0,9472,0,0
4.445275853361755,0.4786592106044522,0,0,,0.42857139795918586,49101.340000000004,20909.3,94347.0,9472,1,0
-0.803722671225393,-0.4654817960005783,0,0,,-0.2222222098765439,33206.66428571429,23076.7,29513.0,9472,2,0
0.9131617846903601,0.7019609433407452,0,0,,0.05882352595155729,62124.47777777779,28047.6,125117.0,9472,3,0
-0.6001646324217691,-0.372796538662874,0,0,,-0.41379308917954866,36501.70588235294,18262.3,46447.0,9472,4,0
0.13339817084066072,-0.21661441360182554,0,0,,0.2608695538752368,58197.55172413793,20962.3,202547.0,9472,5,0
0.21367686972908162,0.13460361841026997,0,0,,0.045454543388429844,74289.79130434785,45205.2,170447.0,9472,6,0
0.25390525540133313,0.05158219879254674,0,0,,-0.04347825897920613,65476.42727272727,38695.9,119047.0,9472,7,0
-0.295588968174144,0.31966064597524124,0,0,,-0.1481481426611799,62264.67826086955,21928.0,148912.0,9472,8,0
0.6021303361157765,-0.2491118141494362,0,0,,1.249999895833342,47182.34074074076,23422.8,93747.0,9472,9,0
0.21175283873155687,0.29327298300646637,0,0,,1.399999720000056,62835.375,37757.5,97349.0,9472,10,0
0.35591200294196285,0.2577680565572569,0,0,,-0.09999999500000024,90430.65555555557,51861.7,104970.0,960,0,0
-0.13884108960933358,0.26298090991822276,0,0,,-0.09090908677685969,71897.71999999999,28261.7,126490.0,960,1,0
0.026167574001594723,0.3230308797260989,0,0,,-0.04347825897920613,56927.00454545456,25544.6,134853.0,960,2,0
-0.026736479848068716,-0.3869474678724694,0,0,,0.045454543388429844,43027.72173913044,24142.8,123532.0,960,3,0
0.16745023647840718,0.28658832542864027,0,0,,0.15789472853185638,70186.02727272728,42539.8,139310.0,960,4,0
-0.14294511513765473,-0.14507424694977833,0,0,,0.0,54552.047368421045,33318.7,108838.0,960,5,0
0.1673446205876282,0.29944079606595314,0,0,,0.055555552469135974,63809.105263157886,38871.2,134094.0,960,6,0
-0.14259431192324393,-0.10095782833803645,0,0,,-0.18181817355371938,49105.05000000001,27097.8,92820.0,960,7,0
0.7422659854374702,0.1054034160672633,0,0,,0.37499997656250145,54619.29545454546,32477.8,126773.0,960,8,0
-0.42605604266093855,-0.05823053565861708,0,0,,-0.1999999900000005,49411.1875,28037.5,127811.0,960,9,0
0.16771051493331657,0.3793085045593897,0,0,,0.0,52466.33,25728.4,113467.0,960,10,0
-0.14296842930408885,-0.14027542562021736,0,0,,-0.1304347769376184,38038.13999999999,19679.1,89532.0,960,11,0
0.1644210322255975,-0.12981392434284086,0,0,,0.21052630470914185,44244.5652173913,20319.7,130177.0,960,12,0
-0.1433444676961988,-0.18065497120966204,0,0,,-0.13636363016528952,50844.947368421046,33152.1,123749.0,960,13,0
0.1647416187250813,-0.2630474508945378,0,0,,0.5714285306122479,62055.600000000006,22811.5,164422.0,960,14,0
-0.1428197318052297,-0.10972696115416762,0,0,,-0.2272727169421492,30591.517647058827,17746.1,39777.8,1256,0,0
0.16640092892310349,0.07356090042769378,0,0,,0.2941176297577865,34361.950000000004,18489.4,44037.799999999996,1256,1,0
-0.14297861753590235,0.016351605657223402,0,0,,-0.055555552469135974,32007.452941176467,20176.7,35947.8,1256,2,0
0.1675832572783311,0.18704501083249808,0,0,,-0.09999999500000024,31492.500000000007,15885.8,49847.8,1256,3,0
-0.14300178157482898,-0.07307892755212671,0,0,,-0.1666666597222225,26530.165,17793.7,40427.8,1256,4,0
0.15763632609534778,-0.11518111049422915,0,0,,0.3333333148148158,28621.816666666666,17929.0,54647.8,1256,5,0
-0.13635696680485876,-0.06791460930508088,0,0,,-0.05263157617728546,32347.655555555557,23861.6,33927.8,1256,6,0
0.1666800293799189,0.17906583813983334,0,0,,0.0,34704.60526315789,24774.5,50467.799999999996,1256,7,0
-0.14316615019294474,-0.06799763549175095,0,0,,-0.23999999040000036,29433.984210526312,19177.1,34407.8,1256,8,0
0.16557450841700017,-0.1108651352895228,0,0,,0.31578945706371275,31581.447999999997,17341.0,58067.8,1256,9,0
-0.1419217541774324,0.0195794984121266,0,0,,-0.04999999750000012,35519.30000000001,25851.5,37847.8,1256,10,0
0.16576826992241805,-0.010629785677399228,0,0,,-0.1304347769376184,34837.205,25417.8,50127.8,1256,11,0
-0.20577767537789782,0.11890769839102526,0,0,,-0.2333333255555558,35211.495652173915,26966.3,41667.8,1256,12,0
0.2608811586857219,-0.2118823318646733,0,0,,0.4999999750000012,31469.52666666668,17935.8,63627.8,1256,13,0
-0.14353219466370945,-0.003548969110666799,0,0,,1.2222220864197684,39929.984999999986,29260.7,51853.2,1256,14,0
0.16113847525802535,0.183894919173734,0,0,,-0.18181817355371938,38624.90000000001,27664.6,19819.2,854,0,0
-0.13904837127848743,0.35222539270675063,0,0,,0.15789472853185638,32625.27727272727,27489.4,21933.8,854,1,0
0.1665835268795705,0.06801312401649504,0,0,,-0.04999999750000012,24127.100000000002,13764.2,28033.8,854,2,0
-0.14193368975405793,0.07102228537722277,0,0,,-0.1304347769376184,22590.639999999996,15735.6,17533.8,854,3,0
0.7398714512373468,-0.01839464438156987,0,0,,0.09523809070294806,21092.59565217391,14879.3,29928.8,854,4,0
-0.4248748482376485,0.048101702346943366,0,0,,-0.045454543388429844,21487.857142857138,15725.0,29333.8,854,5,0
0.16494625842465235,0.020815894417864692,0,0,,-0.21428570663265334,20501.69090909091,13385.6,25533.8,854,6,0
-0.14284235473200468,-0.13502284289604838,0,0,,0.399999980000001,20083.632142857146,13311.0,36133.8,854,7,0
0.1645295756008536,-0.06835883380734102,0,0,,-0.04761904535147403,23218.685000000005,13928.9,26351.8,854,8,0
-0.21945747854503572,0.04139989513065314,0,0,,-0.08695651795841226,24922.34761904762,17759.3,27333.8,854,9,0
0.28449748255336255,0.17728029561632455,0,0,,0.045454543388429844,23931.58260869566,16157.2,25790.8,854,10,0
-0.142120040488028,-0.017740986963955974,0,0,,-0.04347825897920613,20327.85454545455,14868.5,24433.800000000003,854,11,0
0.16280169172117617,-0.1265576799124352,0,0,,0.0,20695.004347826085,14753.3,31233.8,854,12,0
-0.14253961776120416,-0.18850516582267188,0,0,,0.045454543388429844,23693.613043478264,16488.9,35033.8,854,13,0
0.1652549089173661,0.12540099359301232,0,0,,-0.18518517832647488,29197.490909090906,22015.3,31433.8,854,14,0
0.16409128815958315,-0.08407165673598281,0,0,,-0.19047618140589612,13895.452941176469,3575.6,38941.2,3629,0,0
-0.14370063590272072,-0.30075341448748283,0,0,,-0.045454543388429844,15170.89523809524,5838.4,38555.799999999996,3629,1,0
0.10830738103052186,-0.01615979652578658,0,0,,-0.04347825897920613,21696.059090909097,8886.7,55060.799999999996,3629,2,0
-0.09827840629435625,-0.13707477761354728,0,0,,0.0,22052.421739130437,10244.7,41755.799999999996,3629,3,0
0.1459202308720344,0.3035772453764304,0,0,,0.14999999250000037,25555.426086956522,14726.8,50455.799999999996,3629,4,0
-0.1341179017887216,-0.003248091756520227,0,0,,-0.1666666597222225,19604.075,8230.7,32461.8,3629,5,0
0.09422178376074956,-0.0013829322625205315,0,0,,0.09090908677685969,19667.958333333332,10282.1,51092.8,3629,6,0
0.208955399083683,-0.11093859485732731,0,0,,0.0,19695.195454545454,7116.5,42655.799999999996,3629,7,0
-0.19729941106813093,-0.13136883131737587,0,0,,0.0,22152.795454545452,11445.4,45799.799999999996,3629,8,0
-0.05061252824588783,0.04382739734935376,0,0,,0.04761904535147403,25503.109090909093,14393.8,43055.8,3629,9,0
0.1596427163483279,0.13586252250054637,0,0,,-0.045454543388429844,24432.304761904757,13123.6,47401.8,3629,10,0
-0.17572372370017525,-0.07321255391258212,0,0,,-0.11999999520000018,21509.91363636363,9566.7,37555.8,3629,11,0
0.19753455574288914,-0.008688767292204701,0,0,,0.19047618140589612,23209.112,10664.6,56425.8,3629,12,0
-0.13223927759385515,0.08266426746239879,0,0,,-0.12499999479166687,23412.53809523809,13532.9,37155.8,3629,13,0
0.12940404289523424,0.024625458454546317,0,0,,-0.07692307396449716,21624.929166666665,8270.6,51055.8,3629,14,0
0.5773726276305713,0.3604846624112733,0,0,,0.2499999875000006,70831.532,36612.5,104299.2,8377,0,0
0.22812826540902378,0.15287462700076693,0,0,,0.0,52063.455,35374.5,34213.799999999996,8377,1,0
0.14027199865694323,0.3031636732466111,0,0,,-0.04761904535147403,45159.685,30776.8,35797.799999999996,8377,2,0
0.2452012685285466,0.06883081148841262,0,0,,0.10526315235457093,34653.885714285716,24329.8,30913.8,8377,3,0
-0.09499562565494522,0.39798117104432523,0,0,,0.0,32422.23684210527,26277.4,20113.8,8377,4,0
0.321713691498878,0.3573654846780483,0,0,,0.18749998828125072,23192.184210526317,11547.4,18613.8,8377,5,0
-0.09356541409843998,-0.12341628378284437,0,0,,-0.11111110493827195,17086.175,11828.8,12423.800000000001,8377,6,0
-0.16671204701334363,-0.01687734777244455,0,0,,-0.05263157617728546,19491.777777777777,13781.1,18613.800000000003,8377,7,0
0.28285694325012334,0.2330524833936184,0,0,,0.055555552469135974,19826.394736842103,10843.3,23113.800000000003,8377,8,0
-0.09628996500741108,-0.20697538490336065,0,0,,-0.05263157617728546,16079.116666666665,10343.9,18613.800000000003,8377,9,0
0.16243603241036259,0.011354151245671582,0,0,,0.055555552469135974,20275.684210526317,11393.9,18613.8,8377,10,0
-0.6706905366027096,-0.7181907766604961,0,0,,-0.30769229585798863,20048.05555555556,14293.9,18613.800000000003,8377,11,0
-0.1580462333820269,0.27768079866013007,0,0,,-0.07142856887755111,71140.52307692308,22339.1,124949.8,8377,12,0
-0.5085266970582691,-0.30500709561824185,0,0,,-0.17647058304498286,55679.417857142864,33846.8,103813.8,8377,13,0
0.42206334568160614,0.16142194727344866,0,0,,0.09677419042663901,80115.0882352941,45242.6,234913.8,8377,14,0
0.09884454870529918,0.08798979451986623,0,0,,-0.15789472853185638,28814.0125,22624.9,27671.199999999997,7190,0,0
-0.1089701716505176,-0.18106617955017534,0,0,,0.18749998828125072,26483.715789473685,22254.8,26785.8,7190,1,0
0.27370834854199816,0.030537550488608154,0,0,,-0.05882352595155729,32339.262500000004,24630.4,30965.800000000003,7190,2,0
0.14766544938945517,-0.16579065162964043,0,0,,0.13333332444444504,31380.964705882354,25975.6,31145.8,7190,3,0
-0.13080725676300484,0.05708331030472217,0,0,,0.0,37617.61333333333,33708.6,22905.8,7190,4,0
-0.43141046446660347,0.21427415070509936,0,0,,-0.1666666574074079,35586.23333333333,32078.9,21425.8,7190,5,0
0.5609274949672322,0.418213069289799,0,0,,0.05882352595155729,29306.588888888888,18505.2,23905.800000000003,7190,6,0
-0.14411192131357742,-0.22008691709852676,0,0,,0.13333332444444504,20664.447058823527,16288.0,30545.8,7190,7,0
0.12693175476888502,0.2031993484958836,0,0,,-0.1666666574074079,26495.83333333333,19678.5,24305.8,7190,8,0
0.006425036014160741,-0.23506775305412472,0,0,,0.19999998666666757,22021.15,17068.9,28311.8,7190,9,0
-0.053187624669639375,0.05781273998507378,0,0,,0.0,28788.366666666665,24671.4,27925.8,7190,10,0
-0.015848045970518948,-0.08777877677452128,0,0,,-0.11764705190311459,27214.993333333336,22937.9,16625.800000000003,7190,11,0
0.07320203985987445,0.17345379897636254,0,0,,0.06249999609375024,29833.764705882353,19637.9,32945.8,7190,12,0
-0.08045379752058572,-0.06265775860683731,0,0,,-0.15789472853185638,25423.89375,21769.9,21385.800000000003,7190,13,0
-0.03164698500948418,-0.0589007734329666,0,0,,0.055555552469135974,27123.384210526317,19227.9,40045.8,7190,14,0
-0.14271923360003141,-0.12004489206010929,0,0,,0.05263157617728546,33914.850000000006,28622.0,34301.799999999996,8159,0,0
0.1641506790117114,0.20260694921423492,0,0,,-0.04999999750000012,38541.56842105263,32988.4,34721.799999999996,8159,1,0
0.4958187720879699,0.07593388607069161,0,0,,0.05263157617728546,32048.35,25592.2,25961.8,8159,2,0
-0.42452140477144057,-0.061025298887757845,0,0,,0.11764705190311459,29786.542105263154,22649.7,35821.799999999996,8159,3,0
0.16759741211087342,0.1944750977721297,0,0,,-0.055555552469135974,31722.41176470588,24835.1,26167.800000000003,8159,4,0
-0.14146085076528087,0.05099852500807797,0,0,,-0.14285713605442207,26557.616666666665,20277.9,22721.800000000003,8159,5,0
0.160838940492146,-0.29981994348619767,0,0,,0.3124999804687512,25268.938095238093,17986.1,45321.8,8159,6,0
-0.1385646816099569,0.08439295551035955,0,0,,0.7777776913580343,36089.2,30637.5,38835.2,8159,7,0
1.0168308947438622,2.121222541587564,0,0,,1.9999993333335555,33280.555555555555,20153.4,22700.0,8159,8,0
0.2651230912730136,0.2193513728295762,0,0,,-0.05263157617728546,54442.26111111112,25854.3,57395.799999999996,9656,0,0
-0.08108014469609862,-0.08680948577772539,0,0,,0.0,44648.54210526316,20852.3,84242.8,9656,1,0
0.4133144835102179,-0.0023895724723192423,0,0,,0.11764705190311459,48892.910526315776,18834.9,89862.8,9656,2,0
-0.19005227988307394,-0.0876308483697559,0,0,,0.0,49010.02352941177,29428.1,61385.799999999996,9656,3,0
-0.4675719853981615,-0.030302000605836592,0,0,,-0.3928571288265311,53717.31764705882,28735.1,89979.79999999999,9656,4,0
0.4931234750906404,-0.20783014691899276,0,0,,0.47368418559556913,55395.925,23864.0,183026.8,9656,5,0
0.28043401524891165,0.585537605103824,0,0,,0.11764705190311459,69929.35263157893,28835.0,109306.8,9656,6,0
-0.49954023238339107,-0.5231564247504396,0,0,,-0.3199999872000005,44104.50588235294,12743.2,64806.8,9656,7,0
-0.1460731467241191,0.4535338286069429,0,0,,-0.2424242350780535,92492.608,36472.9,246607.8,9656,8,0
-0.20790002796161552,-0.06110623187758086,0,0,,0.09999999666666677,63632.92424242424,18330.3,185106.8,9656,9,0
0.19509806097441995,0.1889349875004391,0,0,,0.07142856887755111,67774.35999999999,36105.9,290790.80000000005,9656,10,0
1.501658376514312,-0.005322059025377902,0,0,,0.11999999520000018,57004.26071428571,5818.0,205857.8,9656,11,0
-0.3579689567176613,0.1368727009546626,0,0,,0.2499999875000006,57309.263999999996,10372.2,145869.8,9656,12,0
5.0,2.397191783429893,0,0,,3.99999900000025,50409.56999999999,13545.2,100011.20000000001,9656,13,0
0.16620947002798742,0.17609580891655638,0,0,,-0.19047618140589612,51247.75882352942,42256.5,20188.8,8489,0,0
-0.1428048480252888,-0.17901213716163322,0,0,,0.49999996428571686,43574.47619047619,31158.4,56428.799999999996,8489,1,0
0.16521784481310814,0.3331383405085911,0,0,,-0.17647057785467188,53075.66428571429,40369.5,7713.8,8489,2,0
-0.14198202690143913,-0.24739061879891663,0,0,,0.06249999609375024,39812.5705882353,26981.2,55948.799999999996,8489,3,0
0.16981721167568464,0.5154438290732559,0,0,,-0.23809522675737013,52899.38125,40423.5,16108.8,8489,4,0
-0.14247535069911865,-0.10903853942142079,0,0,,0.10526315235457093,34906.85714285714,25865.2,29488.8,8489,5,0
0.1641101346137934,0.09014064953174984,0,0,,0.0,39178.86315789473,27030.2,38948.8,8489,6,0
-0.14520794015456584,0.07276722627317242,0,0,,-0.04999999750000012,35939.27368421053,26090.4,33088.8,8489,7,0
0.08767110927416734,0.03097325287949091,0,0,,0.05263157617728546,33501.465,23491.1,27108.8,8489,8,0
-0.07339962859528426,0.009101785445490474,0,0,,0.0,32494.989473684207,22436.3,35428.8,8489,9,0
0.1623471763809284,-0.12001461627210055,0,0,,-0.04999999750000012,32201.8947368421,24054.4,42748.8,8489,10,0
-0.14115488757299052,0.09669700022434895,0,0,,-0.1304347769376184,36593.66999999999,26308.9,38888.8,8489,11,0
0.14433726264947383,-0.024030999398930403,0,0,,-0.20689654458977433,33367.16521739132,21515.8,58168.799999999996,8489,12,0
-0.12729714956894456,-0.16613269768196628,0,0,,0.2608695538752368,34188.7551724138,19583.8,65148.8,8489,13,0
0.16421428211228745,0.2884046274092468,0,0,,-0.041666664930555625,41000.234782608706,30086.6,50488.8,8489,14,0
-0.1671150638793003,0.3008126021236313,0,0,,-0.38095236281179223,28873.36923076923,21284.4,14649.800000000001,10630,0,0
-0.08359310839521095,-0.2158522005681396,0,0,,0.10526315235457093,22196.40952380952,13416.1,37932.8,10630,1,0
0.2823335350825683,-0.1564917489066496,0,0,,0.2666666488888901,28306.410526315787,24109.1,33672.8,10630,2,0
-0.2115922117248551,0.15515252409389688,0,0,,-0.06249999609375024,33557.953333333346,31187.6,21952.800000000003,10630,3,0
0.06722643614137326,0.17751167074225285,0,0,,-0.27272726033057904,29050.66875,22767.4,23032.800000000003,10630,4,0
-0.07884055580050589,-0.07668016419620456,0,0,,0.2941176297577865,24671.236363636373,17862.0,35152.8,10630,5,0
0.2845232708226843,-0.0845257601576338,0,0,,0.06249999609375024,26720.141176470584,20036.8,27712.800000000003,10630,6,0
-0.010066820789829829,-0.23298786459266332,0,0,,0.599999940000006,29187.2125,20901.4,31472.8,10630,7,0
0.41759439951622845,0.9902438130916289,0,0,,0.6666665555555741,38053.130000000005,30387.0,40703.0,10630,8,0
0.19066223183435124,-0.06165161006518501,0,0,,-0.05263157617728546,49907.777777777774,44476.6,24159.2,10440,0,0
-0.150361099891208,-0.05149224577105909,0,0,,-0.09523809070294806,53186.831578947356,48688.6,21733.8,10440,1,0
-0.24808589577131687,-0.027041342672628362,0,0,,0.10526315235457093,56074.21904761905,50651.2,32473.8,10440,2,0
0.4047348305219394,0.09536083569746323,0,0,,0.055555552469135974,57632.68421052631,44259.2,30613.799999999996,10440,3,0
-0.31850911086097156,0.27359599809128266,0,0,,-0.09999999500000024,52615.25,45599.8,15893.800000000001,10440,4,0
-0.10012905662510559,-0.07925229892100975,0,0,,0.05263157617728546,41312.35500000001,35053.5,23053.8,10440,5,0
0.5012286173147359,0.025051761081017154,0,0,,-0.04999999750000012,44868.26842105263,23305.5,45813.799999999996,10440,6,0
-0.019855422029440885,0.07741769534472792,0,0,,0.11111110493827195,43771.71000000001,38526.5,22293.8,10440,7,0
0.1245692901852426,0.02087554725122462,0,0,,-0.05263157617728546,40626.5,34298.7,20463.800000000003,10440,8,0
-0.09604282412928211,0.07946417328565693,0,0,,0.0,39795.742105263154,35727.5,18893.8,10440,9,0
-0.27583312787455133,0.252022635656975,0,0,,-0.09523809070294806,36866.200000000004,30605.4,21593.8,10440,10,0
0.10747575325083647,0.04704453862467057,0,0,,-0.08695651795841226,29445.31428571429,15537.2,21753.8,10440,11,0
0.11477262424019943,0.08662921863297642,0,0,,0.21052630470914185,28122.313043478254,21337.2,39653.799999999996,10440,12,0
0.15869448581370654,0.12895972206048414,0,0,,-0.09523809070294806,25880.32105263158,19001.7,18253.800000000003,10440,13,0
0.07217104468916011,-0.018637915573548717,0,0,,-0.045454543388429844,22924.042857142853,16810.3,27473.800000000003,10440,14,0
0.13004367051172458,0.32759263023308816,0,0,,-0.06666666222222252,69179.25000000001,50096.2,24129.2,4774,0,0
-0.20463713957907048,0.06214188485913732,0,0,,-0.11764705190311459,52108.79333333334,38301.9,24823.8,4774,1,0
0.2470446861345739,0.1172541602299941,0,0,,-0.2916666545138894,49060.10588235294,29960.2,68083.79999999999,4774,2,0
-0.1097155567362195,-0.23821011941626988,0,0,,0.3333333148148158,43911.32083333334,28348.3,57143.799999999996,4774,3,0
0.7424869560298671,0.24751743691175018,0,0,,0.19999998666666757,57642.3,47734.3,48503.8,4774,4,0
-0.4257028695389241,-0.029601049737228113,0,0,,-0.06249999609375024,46205.606666666674,37358.2,38963.799999999996,4774,5,0
0.1509807006555039,0.21384951543685923,0,0,,-0.27272726033057904,47615.0625,31515.0,46923.8,4774,6,0
-0.13111263544997553,-0.21198145399985427,0,0,,0.09999999500000024,39226.495454545446,28764.9,43583.799999999996,4774,7,0
0.16524920174853233,0.02754192125925689,0,0,,0.3333333111111126,49778.645000000004,35275.4,58483.8,4774,8,0
-0.14475500615309136,0.008433528153414568,0,0,,-0.11764705190311459,48444.393333333326,35778.2,43443.799999999996,4774,9,0
0.17115920091482267,0.23083390425675226,0,0,,-0.10526315235457093,48039.25294117648,35262.8,40463.8,4774,10,0
-0.14324149727996202,-0.22771899395428197,0,0,,0.055555552469135974,39029.84210526317,26948.9,46643.799999999996,4774,11,0
0.10531854436882397,0.5361298160266019,0,0,,0.19999998666666757,50538.39444444445,36184.2,43183.8,4774,12,0
-0.09120460610309777,0.32318469799263244,0,0,,-0.11764705190311459,32899.82,22551.6,30043.8,4774,13,0
0.16629250427783407,0.22017507774941192,0,0,,-0.10526315235457093,24864.117647058825,4670.5,64043.8,4774,14,0
0.006116729027789914,0.10872145021006402,0,0,,-0.35999998560000057,45572.868749999994,27898.1,59390.0,5650,0,0
-0.020378964484480486,-0.1316725486952891,0,0,,0.5624999648437522,41103.984000000004,14056.2,89173.0,5650,1,0
0.18237572583919195,0.15512040393199938,0,0,,-0.11111110493827195,47336.9625,31567.0,64214.0,5650,2,0
-0.19265588653995455,0.12635928200528582,0,0,,0.05882352595155729,40980.11111111111,25305.8,69390.0,5650,3,0
0.17291927297657494,0.17510808379335177,0,0,,-0.10526315235457093,36382.80588235294,17520.3,64409.0,5650,4,0
-0.09492269666328834,-0.33440663528793335,0,0,,0.11764705190311459,30961.24210526316,14890.7,62360.0,5650,5,0
0.1635221473037706,-0.14660422411645535,0,0,,0.06249999609375024,46516.75294117647,24590.6,83890.0,5650,6,0
-0.14256325953177762,-0.1516975769442475,0,0,,0.0,54507.83125,37191.5,67090.0,5650,7,0
0.17047129564082802,0.5284309811410788,0,0,,0.7777776913580343,64255.1875,41738.7,88560.0,5650,8,0
0.10181723700053062,0.1526094431027861,0,0,,-0.08333332638888948,43823.36363636364,18116.5,68093.0,5632,0,0
0.33273623582624823,-0.11035707791116062,0,0,,-0.14285713265306196,38021.0,14360.1,65933.0,5632,1,0
-0.6092868458199243,-0.3172008126648565,0,0,,-0.26315788088642733,42737.37142857142,18959.0,86574.0,5632,2,0
-0.21999920740805387,-0.10700220422721832,0,0,,-0.04999999750000012,62591.421052631566,26677.4,153976.0,5632,3,0
0.3948152449660437,-0.13156516488251027,0,0,,0.17647057785467188,70091.35,32319.3,214890.0,5632,4,0
0.1119578781904586,0.2884025167908638,0,0,,0.06249999609375024,80709.9705882353,49159.5,140290.0,5632,5,0
-0.054090918889398626,-0.214190075018044,0,0,,-0.15789472853185638,62643.44374999999,33262.1,114190.0,5632,6,0
-0.14247437718671993,0.34997938829781566,0,0,,0.11764705190311459,79718.31578947367,26389.9,214190.0,5632,7,0
1.4893710779320963,0.2832956251887804,0,0,,0.06249999609375024,59051.50588235294,20458.9,90768.0,5632,8,0
-0.6705624006511087,-0.4491251195076417,0,0,,-0.1999999900000005,46015.512500000004,28315.9,54469.0,5632,9,0
-0.3075934295895305,0.0661847142098854,0,0,,-0.33333332222222256,83531.695,25354.8,223391.0,5632,10,0
2.662357436565404,0.9964084446210552,0,0,,1.7272725702479483,78346.36333333331,33363.9,314969.0,5632,11,0
3.0103436675164756,0.37987272307439257,0,0,,-0.15384614201183525,39243.65454545454,17230.3,33990.0,5632,12,0
-0.794761156841249,-0.4261117782575813,0,0,,-0.4347825897920613,28440.053846153853,20858.7,17420.0,5632,13,0
1.686714583772916,0.03487799710521092,0,0,,0.35294115570934376,49556.78260869564,23994.4,97668.0,5632,14,0
0.16723975923656242,0.13130388544075855,0,0,,0.06249999609375024,44799.08235294119,35114.3,53162.799999999996,3489,0,0
-0.14228496503247748,-0.02060650458241601,0,0,,-0.11111110493827195,39599.5125,27607.4,28542.8,3489,1,0
0.16595730802133885,0.044654185801684995,0,0,,0.05882352595155729,40432.68888888889,32121.2,59302.8,3489,2,0
-0.14267589610167528,-0.0005238529686668545,0,0,,0.06249999609375024,38704.37647058823,30496.6,38222.8,3489,3,0
0.1629613671942704,-0.13923388369188577,0,0,,0.0,38724.6625,23803.6,60542.8,3489,4,0
-0.14185830737376018,-0.08356497099652992,0,0,,-0.11111110493827195,44988.600000000006,32634.8,45822.8,3489,5,0
0.1696087990598446,0.011420270851978248,0,0,,0.3846153550295881,49090.877777777765,33513.2,54902.8,3489,6,0
-0.14286963150246396,0.2228469891943909,0,0,,-0.27777776234567986,48536.57692307693,37368.6,39048.2,3489,7,0
0.09126015755849817,-0.007825726803786726,0,0,,0.7999999200000081,39691.45555555555,26231.3,50002.799999999996,3489,8,0
1.838465620974044,1.9056792345921478,0,0,,1.4999996250000938,40004.52,21764.8,33700.0,3489,9,0
-0.11177602673950139,-0.17688253400917706,0,0,,-0.14285713265306196,24364.341666666664,11285.8,43098.2,4580,0,0
-0.6896919716242806,-0.5279492746488363,0,0,,-0.4399999824000007,29600.078571428574,14099.1,32825.799999999996,4580,1,0
-0.06390658160238659,-0.08399670949926467,0,0,,0.08695651795841226,62705.292,24222.8,191908.8,4580,2,0
2.066824341814525,1.73136742738449,0,0,,0.21052630470914185,68455.31304347827,22580.3,102424.8,4580,3,0
-0.6225296383084424,-0.5723170533724373,0,0,,-0.04999999750000012,25062.652631578945,11356.0,46212.799999999996,4580,4,0
3.2226930588729608,0.2861224077665062,0,0,,1.4999998125000236,58601.009999999995,26143.1,140889.80000000002,4580,5,0
-0.36027759686665023,1.2162605184485502,0,0,,0.9999997500000625,45564.100000000006,35380.4,45000.0,4580,6,0
0.14146446471230192,0.5845112510813978,0,0,,-0.21739129489603065,69920.27222222222,34432.9,65138.2,4727,0,0
-0.126183185627589,-0.3574535808131666,0,0,,0.09523809070294806,44127.34347826088,21713.5,110747.8,4727,1,0
0.16898928194846405,0.42393723824319657,0,0,,0.10526315235457093,68675.72857142857,37166.7,106166.8,4727,2,0
0.19850593743976094,-0.04024095156390888,0,0,,0.0,48229.46315789474,33723.8,91066.8,4727,3,0
-0.16474205068275885,0.17806594708372545,0,0,,0.0,50251.636842105276,37614.3,109066.8,4727,4,0
-0.14278469079976097,-0.052731978510750475,0,0,,-0.04999999750000012,42656.04736842106,30629.6,78866.8,4727,5,0
0.16649113617296632,0.09305465625022523,0,0,,0.0,45030.59999999999,22867.0,122666.8,4727,6,0
-0.1435552840550584,-0.24293730786015968,0,0,,0.3333333111111126,41197.025,31199.4,90266.8,4727,7,0
0.16344791526739014,0.28538974532884687,0,0,,0.8749998906250137,54416.92666666667,29443.4,142455.6,4727,8,0
-0.11394990302715506,0.2244106749323803,0,0,,-0.12499999218750048,36745.63571428571,26289.5,39043.8,4825,0,0
-0.12074618637543921,0.01700369377385132,0,0,,-0.11111110493827195,30010.875,20709.6,28840.8,4825,1,0
0.4971375426751846,-0.009225320554010819,0,0,,0.3846153550295881,29509.11111111111,19845.5,57655.799999999996,4825,2,0
-0.15947899868353257,-0.028411011402060263,0,0,,-0.27777776234567986,29783.876923076925,22682.0,15043.800000000001,4825,3,0
0.18817584607046098,-0.1385242758494329,0,0,,-0.05263157617728546,30654.811111111117,23067.5,40215.8,4825,4,0
-0.3320020544359117,0.314670486169501,0,0,,0.0,35584.06842105263,26364.5,40785.8,4825,5,0
0.494088107442536,-0.21057541498296906,0,0,,0.3571428316326549,27066.910526315787,17864.4,41663.799999999996,4825,6,0
-0.20777382752530804,0.5134507278828527,0,0,,0.7499999062500118,34286.88571428571,16925.3,43176.6,4825,7,0
0.15049221064344637,0.1377565325263166,0,0,,-0.2222222098765439,73043.51428571428,60783.4,35829.2,8776,0,0
-0.1366164408401835,0.04774437873016542,0,0,,0.05882352595155729,64199.600000000006,52893.2,26743.799999999996,8776,1,0
0.15975510262291517,-0.017395549301325988,0,0,,-0.2272727169421492,61274.105882352946,42907.6,50843.799999999996,8776,2,0
-0.1395276543679304,-0.08741703400907615,0,0,,0.2222222098765439,62358.87272727273,51707.1,49343.799999999996,8776,3,0
0.7308570797098457,0.15515799724779555,0,0,,0.19999998666666757,68332.27777777778,56317.5,28643.800000000003,8776,4,0
-0.41646844043614334,0.2014267111983176,0,0,,-0.11764705190311459,59154.05333333334,56504.5,30343.799999999996,8776,5,0
0.16771030862096722,0.24475525910034482,0,0,,-0.14999999250000037,49236.50588235294,33189.2,38343.8,8776,6,0
-0.1459176648166431,-0.25420446386316164,0,0,,0.05263157617728546,39555.17,32009.0,42443.799999999996,8776,7,0
0.16236926406639368,0.07438989515412514,0,0,,0.18749998828125072,53037.55263157895,47835.6,47843.8,8776,8,0
-0.1373680413007094,0.0009357723188201152,0,0,,-0.05882352595155729,49365.275,44735.9,34143.8,8776,9,0
0.16335105636303637,0.26216674603645485,0,0,,-0.19047618140589612,49319.12352941177,41296.3,48643.8,8776,10,0
-0.1397685229471131,-0.17426921227449055,0,0,,-0.08695651795841226,39074.96666666667,26939.2,28543.8,8776,11,0
0.16045387919509954,0.01832413421906842,0,0,,0.35294115570934376,47321.67826086956,40483.2,56643.799999999996,8776,12,0
-0.14096918126894722,0.11456448318738735,0,0,,-0.10526315235457093,46470.15294117648,41301.4,33743.8,8776,13,0
0.16731601364313148,0.07330834547567264,0,0,,-0.20833332465277812,41693.55263157894,27518.7,52143.8,8776,14,0
0.16623170001864437,0.055305966262810646,0,0,,0.13333332444444504,46781.52352941177,34111.9,63933.799999999996,1375,0,0
-0.14355857855460588,-0.12289419438109368,0,0,,-0.11764705190311459,44329.81999999999,35634.5,52233.799999999996,1375,1,0
0.16573331315001955,-0.020363794127332184,0,0,,0.06249999609375024,50541.01764705882,37283.1,75033.79999999999,1375,2,0
-0.14142170664404766,0.1512521436037016,0,0,,-0.11111110493827195,51591.618749999994,42612.6,51833.799999999996,1375,3,0
0.16548054874919424,-0.036683375879215274,0,0,,0.12499999218750048,44813.48333333332,27254.9,66533.8,1375,4,0
-0.1423695009072524,-0.004710335319469705,0,0,,-0.11111110493827195,46519.99375,38330.3,50833.799999999996,1375,5,0
0.1653087331967486,-0.0012768305352633031,0,0,,0.0,46740.15555555555,35131.1,66733.8,1375,6,0
-0.1419062542751214,-0.05885821383382486,0,0,,-0.14285713605442207,46799.911111111105,38408.1,56633.8,1375,7,0
0.16901360160768694,0.01701681598965165,0,0,,0.23529410380622917,49726.73809523809,39839.5,72633.8,1375,8,0
-0.1448848842400114,-0.049050281855801584,0,0,,-0.14999999250000037,48894.70588235294,39501.2,60919.2,1375,9,0
0.16476084545343322,0.05576246428956385,0,0,,0.05263157617728546,51416.71,38716.4,69633.8,1375,10,0
-0.13964212263889592,0.009111952841874505,0,0,,1.1111109876543348,48701.02105263157,37807.1,69333.8,1375,11,0
1.9527043494337366,1.7464360387666529,0,0,,1.249999687500078,48261.26666666666,40743.3,49300.0,1375,12,0
-0.1325994138146574,0.0823611282742277,0,0,,-0.055555552469135974,72858.68235294118,65266.1,31338.2,8492,0,0
-0.0063818887806526715,0.2226735871326345,0,0,,-0.18181817355371938,67314.57777777778,53348.7,15952.800000000001,8492,1,0
0.03443546411875338,0.22124411953732215,0,0,,-0.18518517832647488,55055.23181818181,35289.2,50072.799999999996,8492,2,0
0.05715953545385469,-0.13728032709617755,0,0,,0.4210526094182837,45081.26666666667,34838.1,43632.799999999996,8492,3,0
0.09260973777909942,0.3784996972525582,0,0,,0.055555552469135974,52254.826315789476,39929.1,22952.799999999996,8492,4,0
-0.08689863117720248,0.034721356242371916,0,0,,-0.05263157617728546,37907.027777777774,29676.6,22169.8,8492,5,0
0.03563828622899953,0.14954802947932477,0,0,,-0.23999999040000036,36635.0105263158,18087.3,35052.799999999996,8492,6,0
0.03372275141767487,-0.1965427239976896,0,0,,0.08695651795841226,31869.055999999997,20741.3,40672.8,8492,7,0
0.7163439133952805,-0.03015412582966713,0,0,,0.09523809070294806,39664.90434782608,32520.2,34492.799999999996,8492,8,0
-0.439332102748004,-0.0821233766018468,0,0,,0.10526315235457093,40898.15238095237,31528.7,39632.8,8492,9,0
-0.09930076329673429,0.36879363816824867,0,0,,-0.20833332465277812,44557.35263157894,33624.3,28372.8,8492,10,0
0.15113274939672453,-0.09031443667000187,0,0,,0.04347825897920613,32552.279166666664,22435.7,27652.8,8492,11,0
0.1612813021534291,-0.06813440816145408,0,0,,0.14999999250000037,35784.09999999999,18520.2,49792.799999999996,8492,12,0
-0.1386726345307036,0.1521327341220046,0,0,,-0.09090908677685969,38400.495,32622.1,32632.8,8492,13,0
0.04046434407508481,0.27029478337803203,0,0,,-0.04347825897920613,33329.92272727273,20535.2,33812.8,8492,14,0
0.1758215841208668,-0.03610954577460643,0,0,,-0.12499999218750048,72386.83571428571,52883.8,36238.2,9493,0,0
-0.13850139761187216,0.35788961791821583,0,0,,-0.05882352595155729,75098.6125,52839.3,70002.79999999999,9493,1,0
0.07125240356350551,0.3347492127810421,0,0,,-0.2272727169421492,55305.388235294115,40289.5,54352.799999999996,9493,2,0
-0.0665648018015106,-0.24645851955501696,0,0,,0.15789472853185638,41435.04090909091,23989.8,58652.799999999996,9493,3,0
0.16802380360384767,0.3914487100469902,0,0,,0.11764705190311459,54987.073684210525,38821.3,71579.8,9493,4,0
-0.14263786324141287,-0.12438701391033105,0,0,,-0.055555552469135974,39517.858823529416,28805.6,52451.799999999996,9493,5,0
0.09652380191629145,0.2912766763046435,0,0,,-0.09999999500000024,45131.649999999994,32099.1,74003.8,9493,6,0
0.27269015849303463,-0.20129944719554202,0,0,,0.11111110493827195,34951.185000000005,25308.7,57524.799999999996,9493,7,0
-0.16660505961648758,-0.16445130762494525,0,0,,0.12499999218750048,43760.06111111111,28554.2,71048.8,9493,8,0
-0.14073796023089089,0.023426546767680762,0,0,,0.06666666222222252,52372.84375,35092.1,71741.79999999999,9493,9,0
0.16671836902901926,0.3444946366123708,0,0,,-0.21052630470914185,51174.01333333332,35784.3,54152.799999999996,9493,10,0
-0.1832162941455579,-0.0821156768072303,0,0,,0.0,38061.8947368421,23520.5,60259.799999999996,9493,11,0
0.22204661967119313,0.018687512518217576,0,0,,-0.04999999750000012,41466.984210526316,25119.1,52652.799999999996,9493,12,0
-0.1437512446627141,-0.16625744943870177,0,0,,1.2222220864197684,40706.284999999996,20919.1,112933.2,9493,13,0
2.475330414739407,3.0043934110036727,0,0,,3.499998250000875,48823.56666666667,24055.0,37000.0,9493,14,0
0.20580988475873443,-0.05423629545239225,0,0,,-0.055555552469135974,60004.28823529411,40533.8,82294.2,915,0,0
-0.17761542455539417,0.23624556582452935,0,0,,-0.09999999500000024,63445.32777777777,41725.2,104615.8,915,1,0
0.10462954615320032,-0.191172451740592,0,0,,-0.19999999200000032,51320.975,28056.5,110868.8,915,2,0
-0.0560372686751937,-0.1121755098067644,0,0,,0.47058820761245834,63451.072,36885.0,135314.8,915,3,0
0.16619254379255927,0.10187342404775296,0,0,,0.0,71468.03529411765,47146.2,102716.79999999999,915,4,0
0.16556723956376362,0.3188837547046134,0,0,,0.0,64860.47647058824,46514.5,93616.79999999999,915,5,0
-0.13935217647540002,0.3336877115823154,0,0,,-0.19047618140589612,49178.31176470588,27986.5,106056.8,915,6,0
-0.1569051386848482,-0.1396814448870979,0,0,,0.0,36873.933333333334,22550.4,86231.8,915,7,0
0.1869690015409308,0.14794250348025637,0,0,,0.39999997333333515,42860.790476190465,19808.2,86569.79999999999,915,8,0
-0.1430478754595995,-0.1918196358458562,0,0,,-0.11764705190311459,37337.05333333334,21015.3,103416.8,915,9,0
0.16651155203208895,0.2844938904970327,0,0,,-0.10526315235457093,46198.91176470588,26247.6,121816.79999999999,915,10,0
-0.14266239640451076,-0.18084595785294771,0,0,,-0.13636363016528952,35966.62631578948,17210.2,94837.79999999999,915,11,0
0.1645000308566497,-0.06464829885511279,0,0,,0.09999999500000024,43907.03636363635,18130.8,117144.79999999999,915,12,0
-0.14298391504311428,-0.2618417795862968,0,0,,0.3333333111111126,46941.74,27619.4,123396.79999999999,915,13,0
0.170486252327646,0.21525986419106372,0,0,,0.8749998906250137,63593.05999999998,40622.2,151996.6,915,14,0
-0.11233238106607954,0.12666155796822032,0,0,,-0.12499999479166687,30425.504761904765,23263.1,41640.8,9897,0,0
0.07676059810191227,0.04007506922123057,0,0,,-0.03999999840000006,27005.00833333333,18846.6,60945.8,9897,1,0
-0.05731065876509401,-0.2134786094811577,0,0,,0.08695651795841226,25964.48,14232.0,68211.8,9897,2,0
0.21580422996460188,-0.20253083063151398,0,0,,-0.07999999680000013,33011.791304347826,21714.4,50740.799999999996,9897,3,0
-0.17011542941604346,0.05624557796332016,0,0,,1.7777775802469358,41395.695999999996,25349.1,89200.2,9897,4,0
2.5961590771668486,3.1958519942572345,0,0,,3.499998250000875,39191.35555555555,18445.2,21000.0,9897,5,0
0.06162042488119205,-0.4113921451783639,0,0,,-0.18749998828125072,35816.94615384615,7389.4,63104.0,10942,0,0
-0.7145053332869349,-0.3037415146646579,0,0,,-0.4285714132653067,60850.26875,17861.4,173406.0,10942,1,0
1.1803268997085432,0.43063493416811854,0,0,,0.037037035665294975,87396.08928571428,25953.1,254626.0,10942,2,0
-0.44068949996056855,-0.21832754875850408,0,0,,0.0,61089.02222222224,28837.9,206625.0,10942,3,0
0.4444809076543757,0.4184738253420468,0,0,,0.4210526094182837,78151.6888888889,34459.4,227732.0,10942,4,0
0.9348641985520588,0.40236317167912156,0,0,,0.055555552469135974,55095.61578947369,15942.1,141906.0,10942,5,0
-0.483782921462026,-0.2770341881001807,0,0,,-0.27999998880000043,39287.69444444445,11167.2,115882.0,10942,6,0
2.6259290395529833,0.4720761046457452,0,0,,0.6666666222222252,54342.39599999999,16318.9,128986.0,10942,7,0
0.10987436677408158,-0.027516172864819687,0,0,,-0.06249999609375024,36915.48,7305.8,66706.0,10942,8,0
-0.7018333433822629,-0.2862238616900278,0,0,,-0.15789472853185638,37959.993749999994,20553.5,106311.0,10942,9,0
-0.2572216756323893,-0.20558510858109874,0,0,,-0.13636363016528952,53181.93157894737,13351.8,108634.0,10942,10,0
0.3271066482604874,0.07921667778643565,0,0,,-0.08333332986111125,66944.78181818183,29890.5,163107.0,10942,11,0
-0.3180358704822893,-0.1166007941147098,0,0,,-0.03999999840000006,62030.9,31561.5,171463.0,10942,12,0
-0.19158390356768049,0.029182084653726306,0,0,,-0.2424242350780535,70218.424,25242.0,250679.0,10942,13,0
2.0240982501934695,0.7289661124424931,0,0,,0.6499999675000016,68227.40606060605,14905.2,260058.0,10942,14,0
-0.14064283330401572,-0.03355110659666312,0,0,,0.07999999680000013,68325.99999999999,56517.4,68714.8,7861,0,0
0.11932068211308121,0.09186752402251484,0,0,,-0.19354838085327802,70697.996,57998.4,51614.8,7861,1,0
-0.10674934487009034,-0.0661470668763939,0,0,,0.1481481426611799,64749.60967741935,50995.2,62894.8,7861,2,0
0.1648018172270419,0.10042004520619068,0,0,,0.03846153698224858,69335.98148148146,55309.4,56114.8,7861,3,0
-0.14161563537547428,-0.12408807096901416,0,0,,-0.037037035665294975,63008.649999999994,51562.8,40974.8,7861,4,0
0.1030605283569688,0.12925326012216085,0,0,,-0.15624999511718765,71934.91481481481,61204.8,78194.8,7861,5,0
-0.0878456256500545,0.06144214556225265,0,0,,0.27999998880000043,63701.3125,51709.7,57494.8,7861,6,0
0.0988574200312111,0.33803929466010946,0,0,,0.041666664930555625,60013.92800000001,48358.3,48080.2,7861,7,0
-0.08927426504512219,0.23372175281254598,0,0,,-0.11111110699588492,44852.14166666666,33019.7,39514.8,7861,8,0
0.16586730186364892,0.07203902667086534,0,0,,-0.09999999666666677,36355.15185185185,24202.9,58494.799999999996,7861,9,0
-0.14249699824506729,-0.09766500119254452,0,0,,0.07142856887755111,33912.153333333335,19412.3,60888.799999999996,7861,10,0
0.16498709279492313,-0.19000990198449533,0,0,,1.5454544049586905,37582.66428571429,26944.6,61794.799999999996,7861,11,0
0.1526478788521263,0.7770087958913825,0,0,,0.57142848979593,46398.91818181819,39854.4,49640.6,7861,12,0
0.1619508296429428,0.24159353390208135,0,0,,-0.1481481426611799,45564.24782608696,31831.3,49456.2,8405,0,0
-0.14222603655008914,-0.05759966308029542,0,0,,0.07999999680000013,36698.200000000004,24865.1,60950.799999999996,8405,1,0
0.16708736805873162,0.17673567948115848,0,0,,-0.16666666111111128,38941.200000000004,24545.4,59170.799999999996,8405,2,0
0.19305197395259505,-0.21626950996452,0,0,,0.3043478128544429,33092.56333333333,20775.9,50590.799999999996,8405,3,0
-0.16362883489710356,0.09892500335747173,0,0,,-0.07999999680000013,42224.41739130435,25194.9,66296.79999999999,8405,4,0
-0.1410592332336979,0.020746777073455173,0,0,,-0.10714285331632667,38423.384,27484.7,50910.8,8405,5,0
0.16679156279140167,0.2377666223812336,0,0,,-0.034482757431629055,37642.424999999996,24998.2,64990.799999999996,8405,6,0
-0.14402758983571554,-0.21669008063647677,0,0,,-0.033333332222222255,30411.568965517246,18177.2,45710.799999999996,8405,7,0
0.16585849827914728,0.0474320863636958,0,0,,0.15384614792899431,38824.43999999999,25649.9,70235.8,8405,8,0
-0.15968438920624498,0.11278233299021614,0,0,,0.03999999840000006,37066.307692307695,26753.1,44810.8,8405,9,0
0.14944652366574354,0.14906686972294814,0,0,,-0.07407407133058995,33309.576,19781.1,75050.8,8405,10,0
-0.11399249093093318,-0.3554759269497018,0,0,,-0.09999999666666677,28988.370370370365,16776.4,47830.8,8405,11,0
0.13093358593643442,0.22421269579434547,0,0,,0.034482757431629055,44976.396666666646,29111.5,73410.79999999999,8405,12,0
-0.12367348743613123,0.2814330112309501,0,0,,0.0,36739.03793103448,17480.8,57790.8,8405,13,0
0.12236693203979834,-0.08222669840748723,0,0,,0.0,28670.275862068956,15736.1,76730.79999999999,8405,14,0
-0.1425965523584718,-0.0906945413639067,0,0,,0.0,35821.6090909091,19543.8,107515.0,10093,0,0
0.16534684905406383,-0.02000357009323996,0,0,,-0.11999999520000018,39394.472727272725,17644.4,117815.0,10093,1,0
0.1988480694294704,-0.13665253133466296,0,0,,0.08695651795841226,40198.588,19797.9,114915.0,10093,2,0
-0.16583094820932073,0.2821274357422792,0,0,,0.045454543388429844,46561.30869565218,20821.3,106542.0,10093,3,0
-0.1426964358500969,-0.23305623802660685,0,0,,0.04761904535147403,36315.66363636364,19232.7,107258.0,10093,4,0
0.16642589655194376,0.19012855406877183,0,0,,-0.08695651795841226,47351.14285714285,22206.5,101015.0,10093,5,0
-0.14332490667024225,-0.22778102005687975,0,0,,-0.07999999680000013,39786.57826086956,19075.7,102815.0,10093,6,0
0.16589277864146376,0.15685578335061198,0,0,,0.041666664930555625,51522.404,20605.2,127098.0,10093,7,0
-0.14278600271922398,-0.17925306742401026,0,0,,0.04347825897920613,44536.583333333336,18820.3,108415.0,10093,8,0
0.16701094483876996,0.2370859392840955,0,0,,-0.07999999680000013,54263.47826086955,24841.9,132915.0,10093,9,0
-0.14233131515842493,-0.05507557529383004,0,0,,-0.10714285331632667,43863.95199999999,17769.1,90315.0,10093,10,0
0.16616707636771152,0.13130923550391452,0,0,,0.037037035665294975,46420.59285714287,20928.9,112824.0,10093,11,0
-0.1430246264245779,-0.11010198821732874,0,0,,-0.06896551486325811,41032.62962962962,23946.7,114007.0,10093,12,0
0.13986215603143767,0.27978442164279943,0,0,,0.035714284438775556,46109.36206896551,19523.7,153139.0,10093,13,0
-0.12389165091683639,-0.3600285180064618,0,0,,-0.09677419042663901,36029.00714285715,16047.7,101986.0,10093,14,0
-0.14287732783131582,-0.15604662629792565,0,0,,0.11111110493827195,32966.00500000001,11422.3,120520.8,10663,0,0
0.16696614616158584,0.25626782419570604,0,0,,-0.09999999500000024,39061.40555555555,18410.8,117693.79999999999,10663,1,0
-0.14275261083423293,-0.19669913990976748,0,0,,-0.23076922189349144,31093.214999999997,10045.7,101040.79999999999,10663,2,0
0.16523935414205174,0.029215018585893125,0,0,,0.23809522675737013,38706.811538461545,8581.4,136484.8,10663,3,0
-0.1426566362697945,-0.12883036109614307,0,0,,0.0,37608.090476190475,13535.6,121939.8,10663,4,0
0.16604187136722556,0.11936397852784006,0,0,,0.0,43169.65238095237,20546.7,123665.8,10663,5,0
-0.143215498432485,-0.3219183917800245,0,0,,-0.12499999479166687,38566.23333333334,19686.3,106230.8,10663,6,0
0.16669001539357384,0.2767133294175143,0,0,,0.1999999900000005,56875.50416666667,33062.2,141040.8,10663,7,0
-0.14267740823900973,-0.13878815225661964,0,0,,-0.09090908677685969,44548.375,25722.4,104645.8,10663,8,0
0.16600701283825614,0.21830196792756434,0,0,,0.0,51727.545454545456,26238.8,138257.8,10663,9,0
-0.1427868581450239,-0.1932543177446928,0,0,,-0.08333332986111125,42458.72272727272,15553.0,97640.8,10663,10,0
0.16549804311815308,-0.060972465613776346,0,0,,0.09090908677685969,52629.625,19968.3,150087.8,10663,11,0
-0.15565914412159212,0.12166125893923259,0,0,,-0.04347825897920613,56046.94545454544,32611.2,118566.8,10663,12,0
0.13625591113338845,0.21589621847293974,0,0,,-0.1481481426611799,49967.799999999996,19576.9,135000.2,10663,13,0
-0.10426600070496045,-0.15536603013091455,0,0,,0.03846153698224858,41095.44814814814,14181.6,116367.40000000001,10663,14,0
0.10400559610773559,0.20047136856089334,0,0,,0.1666666574074079,42984.77142857144,17370.2,114472.0,11349,0,0
-0.0948695084488352,-0.2334707768952357,0,0,,0.12499999218750048,35806.577777777784,9542.8,131341.0,11349,1,0
0.1669089837871879,0.31239387964908716,0,0,,-0.1999999900000005,46712.60625,25527.7,108108.0,11349,2,0
-0.14382183362434842,-0.3682844938510831,0,0,,0.05263157617728546,35593.435,20706.0,110881.0,11349,3,0
0.7422328479981499,0.035483778297745634,0,0,,0.11764705190311459,56344.08947368421,28151.4,129373.0,11349,4,0
-0.42641590737571067,-0.08483601536277177,0,0,,-0.10526315235457093,54413.3,30949.3,124197.0,11349,5,0
0.13064501302182763,0.41119915005032903,0,0,,-0.13636363016528952,59457.43157894737,29255.9,122148.0,11349,6,0
-0.11551434189283244,-0.28619860985155815,0,0,,0.15789472853185638,42132.55909090909,22057.3,80148.0,11349,7,0
0.1660971364402207,0.11186332293784722,0,0,,0.0,59025.60526315789,30270.3,132862.0,11349,8,0
-0.15992603256611412,0.04490280003778437,0,0,,0.055555552469135974,53087.10526315791,32821.1,92905.0,11349,9,0
0.19141437106182477,0.13781506573483332,0,0,,-0.14285713605442207,50805.78333333334,20215.1,146048.0,11349,10,0
-0.14426247701624678,-0.044607208223766,0,0,,0.10526315235457093,44652.057142857135,20292.2,101812.0,11349,11,0
0.16649787064278143,-0.29706026559240817,0,0,,0.5833332847222263,46736.85789473683,24198.5,93992.0,11349,12,0
0.20409375623564435,0.3525089437967192,0,0,,1.399999720000056,66487.71666666667,24404.4,191086.0,11349,13,0
-0.1418930551230352,-0.06562770510056443,0,0,,-0.07142856632653098,36543.353846153856,28232.4,52743.799999999996,6738,0,0
0.15095506721221427,0.21413107441800697,0,0,,0.07692307100591762,39110.057142857135,29015.7,58432.799999999996,6738,1,0
-0.13323247544190184,-0.26004514468033535,0,0,,-0.31578945706371275,32212.384615384617,23075.6,38740.799999999996,6738,2,0
0.16884869305052785,-0.16643745246500743,0,0,,0.3571428316326549,43532.90526315789,26451.6,77143.79999999999,6738,3,0
-0.14416457511437553,0.04674062170485418,0,0,,-0.12499999218750048,52225.12142857142,42602.0,56029.2,6738,4,0
0.16748905086280585,0.2609330491352235,0,0,,0.0,49893.087499999994,40918.4,61643.799999999996,6738,5,0
-0.14233976827988148,0.046986595801537114,0,0,,-0.1999999900000005,39568.3875,28747.6,36110.8,6738,6,0
0.14659606837971118,0.19228878496859017,0,0,,1.2222220864197684,37792.64000000001,18341.9,85208.20000000001,6738,7,0
-0.663659161336497,-0.3857405511551712,0,0,,-0.3823529299307962,47324.780952380956,26614.6,89879.79999999999,4423,0,0
-0.04240636761503392,0.15690061654621473,0,0,,0.030303029384756687,77043.63529411763,34222.3,300782.80000000005,4423,1,0
1.330383267506562,0.9357984985089635,0,0,,0.5714285442176883,66594.8606060606,24256.6,224424.8,4423,2,0
2.3633667300682952,0.2459007142814654,0,0,,0.39999997333333515,34401.75238095239,5523.3,62919.8,4423,3,0
1.7876968868669483,0.2967080066346098,0,0,,0.0,27611.953333333335,11497.0,27519.8,4423,4,0
-0.5555502474779586,-0.015818196856127804,0,0,,-0.06249999609375024,21293.886666666665,16726.7,15919.800000000001,4423,5,0
-0.6045407843613598,-0.21966671879794078,0,0,,-0.3043478128544429,21636.131250000002,16357.7,15919.800000000001,4423,6,0
2.493521855993627,-0.07912913312872343,0,0,,0.35294115570934376,27726.782608695652,15030.0,61321.799999999996,4423,7,0
-0.7543625985566996,-0.2936495997014402,0,0,,-0.19047618140589612,30109.305882352943,20228.5,35955.8,4423,8,0
1.9341361405266129,1.032047266318964,0,0,,0.3124999804687512,42626.58571428573,17797.3,57019.8,4423,9,0
-0.5583839519787994,-0.6249036025528727,0,0,,-0.35999998560000057,20977.1625,15184.5,15919.800000000001,4423,10,0
0.4526762785044984,-0.020159403374584883,0,0,,2.571428204081685,55924.724,20369.6,102814.8,4423,11,0
-0.6655368775213923,-0.09126846455394513,0,0,,-0.299999970000003,57075.32857142856,45132.1,77200.0,4423,12,0
4.664868350619781,4.371851693091699,0,0,,3.999998000001,62807.69,23684.0,47800.0,4423,13,0
-0.14239398051275054,-0.046778444715506455,0,0,,-0.045454543388429844,35959.728571428575,21140.9,46367.8,7546,0,0
0.1661544487129354,0.12143431221327412,0,0,,0.0,37724.41818181818,21025.8,66767.79999999999,7546,1,0
-0.14100906615539566,-0.08866820758391838,0,0,,-0.11999999520000018,33639.43636363636,20244.5,49567.799999999996,7546,2,0
0.16200584520352593,-0.09847452302771748,0,0,,-0.03846153698224858,36912.392,21176.8,66722.2,7546,3,0
-0.14256905162375136,-0.12363384935772116,0,0,,0.0,40944.369230769225,24553.0,73577.8,7546,4,0
0.12887426130783258,0.3633273266453532,0,0,,0.0,46720.61923076923,28819.0,67759.8,7546,5,0
-0.115967227619174,-0.3133380491319899,0,0,,0.29999998500000075,34269.553846153845,19349.8,60249.8,7546,6,0
0.6664254020053495,0.8458324659133645,0,0,,1.8571425918367725,49907.46000000001,23300.8,84422.6,7546,7,0
-0.024231781832093194,0.008877501476069697,0,0,,0.12499999218750048,49338.044444444444,43961.9,28412.800000000003,2343,0,0
-0.024652894546609416,0.1491251210483871,0,0,,0.06666666222222252,48903.9,41587.1,21352.800000000003,2343,1,0
0.02202145680352487,-0.111942728862587,0,0,,-0.11764705190311459,42557.50666666667,37186.9,19512.800000000003,2343,2,0
0.1354304589573254,0.06611270342932872,0,0,,0.0,47922.029411764706,31186.9,40652.8,2343,3,0
-0.14918367927396356,0.10635421252123195,0,0,,0.21428569897959293,44950.24705882354,40551.3,24132.800000000003,2343,4,0
-0.0594659463256324,0.211014022834522,0,0,,-0.17647057785467188,40629.16428571428,32109.4,15758.2,2343,5,0
0.04368606562236787,0.0357985260756352,0,0,,-0.14999999250000037,33549.705882352944,28170.5,23052.800000000003,2343,6,0
0.1773951275086784,0.16079568463519545,0,0,,0.11111110493827195,32390.184999999998,20740.0,40512.799999999996,2343,7,0
0.28371012859889455,0.11054153663411966,0,0,,-0.09999999500000024,27903.433333333334,19654.6,26712.8,2343,8,0
-0.37354239132965783,-0.2862873033556328,0,0,,0.99999990000001,25125.97,17420.8,53932.799999999996,2343,9,0
1.4922620518339644,1.922119504722124,0,0,,1.4999996250000938,35204.6,28146.5,17000.0,2343,10,0
0.9638732941774205,0.5529647039063166,0,0,,0.3333333148148158,54060.61666666667,20164.9,179725.8,6609,0,1
-0.45956034225237397,-0.343216991952164,0,0,,-0.09999999500000024,34811.23333333334,6439.3,67596.79999999999,6609,1,1
5.0,2.8648563509650824,0,0,,0.8181817438016598,53002.64,5299.8,124258.79999999999,6609,2,1
-0.7544968187867852,-0.40161495021304827,0,0,,-0.2666666488888901,13714.0,6955.0,16544.2,6609,3,1
0.18296590076508992,1.2100279899803639,-3,0,,0.07142856632653098,22918.35333333333,13241.2,35358.799999999996,6609,4,1
5.0,0.8510938454740865,3,3,,0.2727272479338866,10370.164285714287,-1448.7,23805.699999999997,6609,5,1
-0.9977561724722676,-0.7020826889922365,-3,0,,-0.21428569897959293,5602.181818181819,1824.9,12677.800000000001,6609,6,1
5.0,5.0,-2,3,,1.799999640000072,18804.485714285714,-1212.9,19082.1,6609,7,1
-0.9999999799599203,-1.5815004761327072,-1,5,,-0.5454544958677732,-1147.2,-1174.0,68.2,6609,8,1
-0.996219267265506,-0.8585249396841956,6,6,,-0.2666666488888901,1972.8272727272727,-1105.9,11066.2,6609,9,1
-0.7283404034453574,-0.6895925960266999,0,0,,-0.39999998400000064,13944.7,7913.5,16558.8,6609,10,1
-0.8368986344827087,-0.46438929623994946,0,0,,-0.19354838085327802,44923.863999999994,21505.5,88658.8,6609,11,1
0.8648177942438834,0.25565959686624473,0,0,,0.47619045351474026,83874.09677419353,41876.3,266842.80000000005,6609,12,1
5.0,3.0144203142951924,0,0,,4.249998937500266,66796.84285714284,31534.3,147024.6,6609,13,1
0.20899132944323556,-0.0941799039394455,0,0,,-0.06249999609375024,88385.26000000001,58803.5,134569.2,2218,0,0
-0.15631388529672416,0.08030127248967951,0,0,,0.0,97574.84999999999,74610.3,131864.8,2218,1,0
0.07518527215736028,0.3885399804085204,0,0,,-0.15789472853185638,90321.88750000001,62845.0,110937.8,2218,2,0
0.32578601028039184,-0.06442200014347732,0,0,,0.2666666488888901,65048.1,27825.5,117840.8,2218,3,0
-0.16450321710162252,0.2294187152202366,0,0,,-0.1666666574074079,69527.18,44801.2,116855.8,2218,4,0
-0.142414663359801,-0.17240222683523215,0,0,,0.2857142653061239,56552.88888888889,27277.9,109363.79999999999,2218,5,0
0.16692346993084162,0.3636474543550996,0,0,,-0.17647057785467188,68333.78571428572,51489.7,118743.8,2218,6,0
-0.14335852234225002,-0.23280066600291505,0,0,,-0.055555552469135974,50111.035294117646,23582.2,111026.8,2218,7,0
0.1664508541074816,0.04049601217637384,0,0,,0.19999998666666757,65316.83888888888,35710.7,151043.8,2218,8,0
-0.14263265242420636,-0.06907253135716789,0,0,,0.07142856632653098,62774.71333333334,47731.6,112324.8,2218,9,0
0.1663951092180648,0.14944907671246888,0,0,,-0.2222222098765439,67432.44285714284,49340.0,125743.8,2218,10,0
-0.14242773557279892,-0.05548321048731175,0,0,,-0.18181817355371938,58665.01111111111,33157.2,119326.8,2218,11,0
0.16382238526060644,-0.16015668045723058,0,0,,0.2941176297577865,62111.13636363635,38747.5,154943.8,2218,12,0
-0.14089448238504929,0.12379345411781698,0,0,,-0.055555552469135974,73955.62352941175,50031.4,110524.79999999999,2218,13,0
0.16610074210829165,-0.1057310649081102,0,0,,0.7999999200000081,65808.91111111113,37464.0,153010.8,2218,14,0
-0.25102105428158406,0.057907692570957216,0,0,,-0.14999999250000037,90390.71176470588,71465.9,143700.0,9627,0,0
-0.2281561246561429,-0.018074686079649217,0,0,,-0.1304347769376184,85442.91,55912.6,178900.0,9627,1,0
1.7590264509563267,0.5570770042192891,0,0,,0.4374999726562517,87015.69130434783,45549.9,244500.0,9627,2,0
0.4088151020870718,0.03142306022395741,0,0,,-0.05882352595155729,55884.0,26603.8,64000.0,9627,3,0
-0.040661854579731566,0.11582770179203869,0,0,,0.21428569897959293,54181.452941176474,34103.8,71835.0,9627,4,0
-0.05565679910290308,0.02650018454490055,0,0,,0.07692307100591762,48557.18571428572,31543.4,58903.0,9627,5,0
0.821647936862829,0.14891627263370896,0,0,,0.08333332638888948,47303.63076923077,28080.8,41300.0,9627,6,0
1.357154817244502,1.0863577090204428,0,0,,0.33333329629630043,41172.39166666667,28184.9,19688.0,9627,7,0
0.006301813034626006,0.08514249578719366,0,0,,0.0,19734.099999999995,17333.9,300.0,9627,8,0
1.938019801660393,-0.3197346627782783,0,0,,0.0,18185.722222222223,15395.2,300.0,9627,9,0
-0.6311512827151677,-0.013511962114346075,0,0,,0.0,26733.277777777774,20841.9,3800.0,9627,10,0
-0.7852998444809365,-0.5627814086486478,0,0,,-0.5499999725000013,27099.444444444445,24344.1,300.0,9627,11,0
-0.6176774767272153,-0.2349429940514343,0,0,,-0.09090908677685969,61981.454999999994,26300.5,100892.0,9627,12,0
0.5042515230139573,0.14817944469800484,0,0,,0.09999999500000024,81015.4727272727,61111.0,200000.0,9627,13,0
0.0551180977479902,-0.0058047418372943705,0,0,,-0.09090908677685969,70559.93999999999,43963.5,123104.0,9627,14,0
-0.1426492911162912,-0.12589931575319543,0,0,,-0.055555552469135974,27074.34117647059,15519.8,51041.0,9731,0,0
0.16598807924491424,0.09999876428629434,0,0,,-0.05263157617728546,30973.93888888889,18883.5,49994.0,9731,1,0
-0.14270420854029126,-0.10522970884732234,0,0,,0.11764705190311459,28158.157894736843,17976.4,55328.0,9731,2,0
0.1663443109135837,0.10398629559980227,0,0,,-0.055555552469135974,31469.70588235294,20644.5,53594.0,9731,3,0
-0.14205810512962844,0.0745494415805635,0,0,,0.0,28505.522222222222,17159.3,44761.0,9731,4,0
0.1647775529220137,-0.09709729753929688,0,0,,0.0,26527.883333333335,14050.2,57861.0,9731,5,0
-0.1426246898464732,-0.12853203345390568,0,0,,-0.09999999500000024,29380.666666666668,19734.8,51461.0,9731,6,0
0.16462852834958575,0.10300512286085405,0,0,,0.11111110493827195,33713.99500000001,23448.0,58561.0,9731,7,0
-0.14200503054045394,-0.09680201139002305,0,0,,-0.14285713605442207,30565.583333333332,20608.1,34061.0,9731,8,0
0.16569106882649565,-0.017673051653945438,0,0,,0.0,33841.50952380952,22501.5,68847.0,9731,9,0
-0.18639519148447944,0.016378067137804764,0,0,,0.0,34450.35238095238,25626.1,51988.0,9731,10,0
0.22876983607302356,0.009488130813547747,0,0,,-0.08695651795841226,33895.2142857143,23975.4,58771.0,9731,11,0
-0.1508633078580592,-0.05518222817946166,0,0,,-0.041666664930555625,33576.6347826087,24011.0,58633.0,9731,12,0
0.17508539434299297,-0.22352064450462647,0,0,,0.4117646816609011,35537.683333333334,21161.1,72935.0,9731,13,0
-0.1439093822170965,0.46866022623816234,0,0,,1.1249998593750177,45767.71176470589,30735.3,68222.0,9731,14,0
0.1592459532463771,0.029409983007329,0,0,,0.0,20958.3,15695.5,16651.2,789,0,0
-0.13893799157171405,0.21483847919999152,0,0,,0.0,20359.52666666666,16642.8,11425.800000000001,789,1,0
0.16600277905477082,0.07529346092532535,0,0,,-0.06249999609375024,16759.039999999997,12495.4,11425.800000000001,789,2,0
-0.14203255626104458,-0.030402662641777878,0,0,,0.0,15585.55,11644.0,14905.8,789,3,0
0.16204016369323432,-0.1356077008371764,0,0,,0.0,16074.25,11786.5,12624.8,789,4,0
-0.1397992015660788,0.1007782770210752,0,0,,0.06666666222222252,18596.0125,12960.3,15865.800000000001,789,5,0
0.16505460939437605,0.09753392527257228,0,0,,-0.11764705190311459,16893.51333333333,12355.7,11425.800000000001,789,6,0
-0.14099722715684915,-0.026637586486328982,0,0,,0.13333332444444504,15392.24705882353,11496.7,13585.8,789,7,0
0.7403916005863294,0.1748050382152279,0,0,,0.07142856632653098,15813.480000000001,11436.1,11192.8,789,8,0
-0.4247821068758317,0.0028976193688044186,0,0,,-0.17647057785467188,13460.51428571429,10164.2,11425.8,789,9,0
0.16443260150817157,-0.029067294224481014,0,0,,-0.055555552469135974,13421.623529411767,9256.1,15925.800000000001,789,10,0
-0.19334414293956068,-0.29992382089149844,0,0,,-0.21739129489603065,13823.433333333332,9718.9,14725.800000000001,789,11,0
0.1328336324057724,-0.16033056314219168,0,0,,0.045454543388429844,19745.613043478268,12165.2,26385.8,789,12,0
-0.06908684146644031,-0.19159219353478413,0,0,,0.5714285306122479,23515.93636363636,18672.3,21565.800000000003,789,13,0
-0.27920622572629894,0.9841701971701996,0,0,,0.7499999062500118,29089.199999999993,21346.8,21408.6,789,14,0
-0.1431784484975036,-0.32632314169312865,1,1,,0.07692307100591762,8477.114285714286,-798.2,25145.2,4081,0,1
0.16771786344135114,0.07265683604708291,0,0,,0.0,12583.353846153846,3618.3,24844.5,4081,1,1
-0.14256490196912125,0.45652595249448635,-1,0,,-0.13333332444444504,11731.015384615383,3180.5,22444.6,4081,2,1
0.16601138676522856,0.023193816173179015,1,1,,0.07142856632653098,8054.106666666665,-672.6,32244.7,4081,3,1
-0.14803511655533627,-0.47758530125811005,0,0,,-0.12499999218750048,7871.535714285715,623.3,35343.8,4081,4,1
0.06017897600114738,-0.1284587632210522,0,0,,0.06666666222222252,15067.599999999999,7506.6,29303.8,4081,5,1
-0.05740528675127786,-0.4732705022916297,0,0,,0.15384614201183525,17288.453333333335,8819.7,27743.8,4081,6,1
0.1705962354126437,0.01975313251277721,0,0,,0.44444439506173394,32822.261538461535,19109.6,43629.2,4081,7,1
0.8051011167720546,1.9299500342136022,0,0,,1.9999993333335555,32186.477777777778,19907.4,20600.0,4081,8,1
-0.14228078445684103,-0.11943721417006534,0,0,,0.05263157617728546,33372.500000000015,20400.8,64651.799999999996,5774,0,0
0.16501455564562012,0.03108794135908617,0,0,,0.055555552469135974,37899.05789473684,25291.8,60511.8,5774,1,0
-0.14144546527299992,0.02131703825340118,0,0,,-0.05263157617728546,36756.37777777778,26189.8,57911.8,5774,2,0
0.16710388158789882,0.21312941932067148,0,0,,-0.04999999750000012,35989.194736842095,20797.7,57131.8,5774,3,0
-0.1424774648906507,-0.06581319040993872,0,0,,0.0,29666.410000000003,16007.4,53511.8,5774,4,0
0.16404950669951313,-0.04043300550438245,0,0,,0.05263157617728546,31756.399999999994,15817.3,61131.8,5774,5,0
-0.1432405431683123,-0.2216332812720143,0,0,,-0.04999999750000012,33094.5105263158,14649.3,68411.79999999999,5774,6,0
0.1630242788514888,-0.19268102064096032,0,0,,0.3333333111111126,42517.88999999999,26313.7,70091.79999999999,5774,7,0
-0.1440319518459546,0.5320193562026434,0,0,,0.8749998906250137,52665.53999999999,32635.1,64790.6,5774,8,0
-0.1433462928740568,-0.22924941868842896,0,0,,0.17647057785467188,51756.50000000001,31139.5,104865.8,11042,0,0
0.16704844055668722,0.11125531563891929,0,0,,0.06249999609375024,67150.77647058824,47125.7,111588.79999999999,11042,1,0
-0.14231904641343154,0.2506870544322747,0,0,,-0.23809522675737013,60427.85625,41552.4,75851.79999999999,11042,2,0
0.16535408563009527,-0.20565411138341558,0,0,,0.39999997333333515,48315.72857142858,28721.4,118720.8,11042,3,0
-0.14219359317146765,0.12481844436612956,0,0,,-0.28571427210884415,60824.54666666666,44713.2,84751.79999999999,11042,4,0
0.16594885204443538,-0.11155761104162747,0,0,,0.3124999804687512,54074.990476190476,31974.0,113166.8,11042,5,0
-0.14326189953136653,0.00022875720558511174,0,0,,-0.3043478128544429,60864.9375,40323.9,82851.79999999999,11042,6,0
0.16548914633281514,-0.10945595047027856,0,0,,0.5333332977777802,60851.017391304325,27033.7,127451.80000000002,11042,7,0
-0.1397028115155252,0.12222993611707228,0,0,,0.07142856632653098,68330.15999999999,53861.6,87251.79999999999,11042,8,0
0.1640736797083786,0.14865817590985098,0,0,,-0.2222222098765439,60887.84285714285,40196.8,87337.2,11042,9,0
-0.16520673770908065,0.2161485146667762,0,0,,-0.21739129489603065,53007.799999999996,32266.6,94220.8,11042,10,0
0.19801215961142346,-0.15558285788397092,0,0,,0.21052630470914185,43586.61739130434,22069.8,119452.8,11042,11,0
0.49701321094904205,0.2175226854900368,0,0,,-0.13636363016528952,51617.4,35225.6,99384.8,11042,12,0
-0.42640343428290084,-0.34985831684961777,0,0,,0.9999999090909174,42395.431818181816,25379.2,107642.8,11042,13,0
0.7474143521214486,0.9365189941726055,0,0,,1.199999760000048,65209.52727272729,42186.3,125536.0,11042,14,0
0.16245078452535916,-0.061619973680860175,0,0,,-0.05882352595155729,46826.25625,22046.5,64356.2,6924,0,0
-0.1418379953363422,0.005437508592666515,0,0,,0.0,49901.16470588236,31871.6,75865.8,6924,1,0
0.047973490422915,0.4050893501355477,0,0,,-0.2272727169421492,49631.294117647056,34492.3,59068.799999999996,6924,2,0
-0.04512745271787412,-0.1473014175765966,0,0,,0.15789472853185638,35322.51818181817,21897.2,68398.8,6924,3,0
0.49103897774280614,0.33437667418341155,0,0,,0.11764705190311459,41424.389473684205,29032.9,75898.8,6924,4,0
-0.33007055248646183,-0.3542030253809005,0,0,,0.0,31044.0,19250.7,53493.799999999996,6924,5,0
0.16851852355817173,0.44393676627085144,0,0,,-0.14999999250000037,48070.83529411764,21316.2,82756.79999999999,6924,6,0
-0.14244421225733928,-0.08592003164989648,0,0,,0.0,33291.509999999995,18479.7,50731.799999999996,6924,7,0
0.16533707360514716,0.04531794760907807,0,0,,0.24999998437500096,36420.78499999999,22839.7,82614.79999999999,6924,8,0
-0.14178600867082874,0.029555184120597818,0,0,,-0.05882352595155729,34841.825000000004,21084.7,61098.799999999996,6924,9,0
0.1672065466960949,0.20433005601200974,0,0,,0.06249999609375024,33841.629411764705,15946.9,68407.8,6924,10,0
-0.14462878797424075,-0.3310619762305037,0,0,,-0.1999999900000005,28099.9625,11987.7,34768.799999999996,6924,11,0
0.16662677636273024,0.1862270075201287,0,0,,0.0,42006.82499999999,17047.2,111398.79999999999,6924,12,0
-0.14142269184574655,0.06988050597470434,0,0,,0.0,35412.12999999999,23781.4,68292.79999999999,6924,13,0
0.16569556559776547,0.019871180863410054,0,0,,-0.09090908677685969,33099.145000000004,16673.9,67630.79999999999,6924,14,0
0.10649648838106103,-0.056090299777939195,0,0,,0.16666665277777895,17674.84285714286,7601.4,27241.0,7765,0,0
-0.09659943628681514,-0.07237523809322548,0,0,,0.0,18725.141666666663,12230.1,16524.0,7765,1,0
-0.5695337889665422,-0.36639102459330725,0,0,,-0.3333333148148158,20186.116666666665,13145.8,24741.0,7765,2,0
0.04089841753151275,0.01915820959993362,0,0,,-0.05263157617728546,31858.950000000004,12100.0,75441.0,7765,3,0
0.2064480915732154,0.16156548199502205,0,0,,0.055555552469135974,31260.063157894736,10204.2,67188.0,7765,4,0
3.762616425796518,0.38970947090614094,0,0,,0.19999998666666757,26912.011111111115,7300.9,58341.0,7765,5,0
-0.8025201808202216,-0.548821548951391,0,0,,0.3636363305785154,19365.206666666665,10100.9,39315.0,7765,6,0
5.0,0.24720364353110244,0,0,,0.8333331944444675,42921.390909090915,24181.7,55370.0,7765,7,0
-0.9875226609570336,-0.1432403826488965,0,0,,-0.1428571224489825,34414.1,27572.9,21900.0,7765,8,0
-0.08237172948218874,0.1339020733986524,0,0,,-0.06451612695109267,92930.39655172414,46342.6,279680.0,2227,0,0
0.822367187167941,0.4247238434649668,0,0,,0.4090908904958686,81956.2806451613,19640.4,251851.0,2227,1,0
1.0729040291594063,0.38141177096358,0,0,,0.15789472853185638,57524.32727272725,22639.4,163781.0,2227,2,0
0.18864049668518754,0.5402522375889792,0,0,,0.2666666488888901,41641.6947368421,19643.1,100896.0,2227,3,0
-0.5668529350782346,-0.4781902061903987,0,0,,-0.2499999875000006,27035.633333333328,7885.9,81390.0,2227,4,0
1.0268476556504549,0.4586670339894336,0,0,,0.42857139795918586,51811.28,13663.2,157357.0,2227,5,0
-0.08905908286460973,0.07578047490874838,0,0,,-0.17647057785467188,35519.607142857145,20059.0,43548.0,2227,6,0
-0.3837449979276075,-0.5495872558980388,0,0,,-0.3461538328402372,33017.52352941177,18245.4,67291.0,2227,7,0
0.08932992522877874,0.4513253100155778,0,0,,0.08333332986111125,73305.03846153847,21531.8,183380.0,2227,8,0
0.3992371096297631,0.8342306271796502,0,0,,0.04347825897920613,50509.033333333326,16721.2,118225.0,2227,9,0
-0.4823476124234377,-0.5093088983493332,0,0,,0.045454543388429844,27536.904347826094,3217.1,124328.0,2227,10,0
2.888924972244317,0.2506425498876634,0,0,,1.7499997812500274,56118.61363636364,20860.2,183952.0,2227,11,0
0.09380824233547565,0.4741644058319551,0,0,,0.599999880000024,44871.825,29866.4,35500.0,2227,12,0
-0.07132478640231657,0.07827760245553061,0,0,,-0.0937499970703126,92636.50689655173,49491.3,317780.0,9583,0,0
0.8109966937720381,0.3827615967142861,0,0,,0.4545454338842984,85911.55625,22521.8,262551.0,9583,1,0
1.0682198380155814,0.250858632161092,0,0,,0.15789472853185638,62130.41818181819,29065.8,159981.0,9583,2,0
0.24473914112581194,0.2689212134904942,0,0,,0.18749998828125072,49670.21578947369,27765.8,100696.0,9583,3,0
-0.587143321542517,-0.40364986958681853,0,0,,-0.1999999900000005,39143.65625,20226.4,85373.0,9583,4,0
0.7901981803433867,0.46586406084305315,0,0,,0.3333333111111126,65638.715,29860.7,153057.0,9583,5,0
0.032592583002308856,0.12992340601724903,0,0,,-0.11764705190311459,44778.17333333335,27899.5,49026.0,9583,6,0
-0.37891911993554706,-0.4783519395185813,0,0,,-0.3199999872000005,39629.388235294115,23974.7,67291.0,9583,7,0
0.11871172312377748,0.3918164194924128,0,0,,0.0,75969.588,30115.3,171380.0,9583,8,0
0.34973688816406806,0.7343867719932781,0,0,,0.08695651795841226,54583.052,20342.3,125725.0,9583,9,0
-0.47763066724833275,-0.4291948801420374,0,0,,0.09523809070294806,31471.09565217392,910.8,121747.0,9583,10,0
2.8889455260881935,0.22871248112468612,0,0,,1.6249997968750256,55134.57142857143,20860.2,179652.0,9583,11,0
0.09380824233547565,0.4741644058319551,0,0,,0.599999880000024,44871.825,29866.4,35500.0,9583,12,0
0.1895141514352861,0.13848270977387486,0,0,,-0.05882352595155729,35992.29375,20403.8,54701.2,7606,0,0
0.2856633996264152,0.025117701168556338,0,0,,0.06249999609375024,31614.264705882353,18807.5,46920.8,7606,1,0
0.23461477527234212,-0.037453550551009,0,0,,-0.15789472853185638,30839.64375,21848.0,39087.8,7606,2,0
-0.6065518449433248,-0.21301376097958324,0,0,,-0.04999999750000012,32039.642105263163,20239.6,41515.799999999996,7606,3,0
-0.7046005857259948,-0.5143691466660391,0,0,,-0.3749999882812504,40711.81999999999,19285.7,67900.8,7606,4,0
0.9058528622301438,0.12203432749906894,0,0,,0.27999998880000043,83832.853125,31359.2,320815.80000000005,7606,5,0
0.49558680075635575,0.6417697216993667,0,0,,0.041666664930555625,74715.052,46776.1,184015.8,7606,6,0
0.17972077690356872,-0.2716993624420306,0,0,,-0.03999999840000006,45508.85,23411.0,83315.79999999999,7606,7,0
-0.3998863506026179,-0.211293681302129,0,0,,0.08695651795841226,62486.352,34990.6,123615.8,7606,8,0
-0.009526293280073657,0.3087444243563661,0,0,,-0.041666664930555625,79226.38695652175,44556.1,120473.8,7606,9,0
-0.12118322526180572,-0.10432286311086353,0,0,,0.0,60536.17916666666,35886.1,128444.8,7606,10,0
-0.18577198211878432,-0.04449762839868403,0,0,,-0.33333332407407434,67587.05416666667,9835.6,141288.8,7606,11,0
0.5759869708570625,0.4425987956309044,0,0,,0.3846153698224858,70734.57500000001,19817.9,242455.8,7606,12,0
0.4243113281732278,0.26605619749749665,0,0,,-0.07142856887755111,49032.74230769231,13848.8,133874.8,7606,13,0
-0.22871014096107642,-0.3423920364442653,0,0,,2.1111108765432363,38728.72500000001,21933.3,118572.79999999999,7606,14,0
-0.5702027414841148,-0.053484995212849544,0,0,,-0.3333333055555579,34982.287500000006,27926.8,11892.0,5742,0,0
-0.2658199113551871,-0.1730630957292468,0,0,,-0.07692307100591762,36959.041666666664,28365.0,26789.0,5742,1,0
-0.5081536648904535,-0.165696147072662,0,0,,-0.13333332444444504,44693.907692307694,25848.6,34375.0,5742,2,0
1.138608547713464,0.16493599266368605,0,0,,0.2499999791666684,53570.30000000002,27887.3,85274.0,5742,3,0
-0.5706868744403873,-0.14949777150844998,0,0,,-0.14285713265306196,45985.61666666667,33909.5,32257.0,5742,4,0
2.127045814582196,0.9445150381536763,0,0,,0.2727272479338866,54068.77857142857,27733.2,60906.0,5742,5,0
0.9600461948467524,0.06513730070202463,0,0,,-0.08333332638888948,27805.79090909091,23974.0,14900.0,5742,6,0
-0.8560939086242553,-0.5663295196897541,0,0,,-0.3333333148148158,26105.358333333334,22793.9,10700.0,5742,7,0
0.1620310795785141,0.42559189466015,0,0,,0.2857142653061239,60196.30000000001,31151.0,160550.0,5742,8,0
-0.5294524788742613,-0.2935351371315131,0,0,,-0.39130433081285515,42225.47857142857,25720.5,63296.0,5742,9,0
0.037196259765142924,-0.13853586884257266,0,0,,0.09523809070294806,59770.104347826076,26973.8,158277.0,5742,10,0
1.7636045860115988,0.28809169400031476,0,0,,0.1666666574074079,69381.99999999999,25842.9,212741.0,5742,11,0
-0.3799773896668619,-0.23063425272820917,0,0,,0.3846153550295881,53864.17777777778,27239.3,92279.0,5742,12,0
2.8740525820055747,3.4526438865642834,0,0,,5.0,70011.14615384616,29354.8,77700.0,5742,13,0
0.016231284196050005,-0.07656961540919309,0,0,,-0.11111110493827195,62151.94375,42519.4,69122.2,1011,0,0
0.012997537119342688,-0.0971964088683143,0,0,,0.05882352595155729,67305.50000000001,41715.3,72093.8,1011,1,0
0.16750620775788416,0.2920987206603402,0,0,,-0.2272727169421492,74551.65294117646,65720.5,51198.799999999996,1011,2,0
-0.1452323615643231,-0.29093881204831773,0,0,,0.2222222098765439,57698.10909090908,46626.6,55398.799999999996,1011,3,0
0.16536667738556823,0.026225663335287662,0,0,,0.19999998666666757,81372.53888888888,63009.1,74098.8,1011,4,0
-0.13996876888645515,0.11606654926599473,0,0,,-0.06249999609375024,79293.02666666667,67970.6,39498.799999999996,1011,5,0
0.031289716586270395,0.2972968413593107,0,0,,-0.27272726033057904,71046.8625,60345.4,53498.8,1011,6,0
0.3345942025335172,-0.08233107124738727,0,0,,0.2222222098765439,54765.30909090909,40179.3,56498.799999999996,1011,7,0
-0.23300914170401368,0.0015195254662168653,0,0,,0.05882352595155729,59678.72222222223,43558.3,58798.8,1011,8,0
-0.1066479356767071,0.1827198619834538,0,0,,0.06249999609375024,59588.17647058823,39929.1,61612.8,1011,9,0
0.245020852005219,0.46637042770414694,0,0,,0.0,50382.325,28093.4,33198.8,1011,10,0
-0.2083036013874268,0.11913009631188684,0,0,,-0.333333319444445,34358.525,21719.4,39498.8,1011,11,0
0.2606700596430779,-0.18529126214940816,0,0,,0.14285713605442207,30701.100000000002,18862.3,82498.8,1011,12,0
-0.14238809662948645,-0.17109588024836173,0,0,,0.1666666574074079,37683.52857142858,17219.9,71595.8,1011,13,0
0.1693891450864634,0.1383104154124228,0,0,,0.9999998888889013,45461.86666666666,32448.8,74323.2,1011,14,0
1.4310361355352457,0.2241733743150901,0,0,,0.23809522675737013,104336.43076923076,64125.8,228599.0,8899,0,0
-0.33163336696199475,-0.009697977166020926,0,0,,-0.045454543388429844,85230.10952380951,71192.4,93929.0,8899,1,0
-0.5750457229465512,0.02641724290167113,0,0,,-0.3888888780864201,86064.76363636366,63359.8,111902.0,8899,2,0
0.3178860417154499,0.025252622467796186,0,0,,0.09090908815427007,83849.68611111114,39121.6,310229.0,8899,3,0
0.7266631296660627,0.13113500554689708,0,0,,0.26923075887574005,81784.41515151516,48551.9,237683.0,8899,4,0
0.017826764210942047,0.09131591412904616,0,0,,-0.037037035665294975,72302.96538461538,35020.8,166766.0,8899,5,0
-0.11642013388013481,0.3341486480597603,0,0,,0.03846153698224858,66253.0111111111,26853.2,118521.0,8899,6,0
2.119594014063263,-0.15789809652001294,0,0,,0.18181817355371938,49659.39230769231,22029.1,96229.0,8899,7,0
-0.10540943903580227,0.3251682383274477,0,0,,0.0,58970.76363636362,34430.9,46229.0,8899,8,0
0.24219858391687812,-0.3502361036635273,0,0,,0.2941176297577865,44500.58636363637,27849.0,68459.0,8899,9,0
-0.6483392503093955,0.4171206978623734,0,0,,-0.2272727169421492,68487.31764705882,55652.5,51629.0,8899,10,0
1.0362826680577657,0.15385932919687306,0,0,,-0.04347825897920613,48328.49999999999,19904.2,76529.0,8899,11,0
-0.6079595105829207,-0.4049416567536466,0,0,,-0.1481481426611799,41884.22173913044,19007.0,89896.0,8899,12,0
0.4783686407445577,0.6234123001690957,0,0,,0.07999999680000013,70386.74814814815,50224.1,176746.0,8899,13,0
0.6628182242924895,0.2856713439991005,0,0,,0.041666664930555625,43357.28400000001,19329.3,61237.0,8899,14,0
0.16398465926385342,0.26993711862795494,0,0,,-0.06666666222222252,91617.0142857143,72048.8,117931.0,7562,0,0
-0.142457674698475,0.025063550753928972,0,0,,-0.1666666574074079,72142.95333333334,51855.0,81464.0,7562,1,0
0.1664701622493802,0.07687222122307805,0,0,,-0.09999999500000024,70379.00555555556,47082.2,112049.0,7562,2,0
-0.1425876850548335,-0.11983697696826881,0,0,,0.24999998437500096,65355.02,40840.3,93112.0,7562,3,0
0.7349546075347796,0.10113081048030383,0,0,,-0.11111110493827195,74253.3125,48102.3,105195.0,7562,4,0
-0.4243730731664821,-0.2496562951857504,0,0,,0.2857142653061239,67433.68888888888,42481.7,120325.0,7562,5,0
0.12422436930906453,0.4049352606242586,0,0,,-0.29999998500000075,89870.4,64830.7,106859.0,7562,6,0
-0.12148325113127076,-0.022910613624803025,0,0,,0.3333333111111126,63967.645000000004,36969.1,92626.0,7562,7,0
0.18469580144764716,0.1470504979080977,0,0,,0.07142856632653098,65467.546666666676,42615.9,97390.0,7562,8,0
-0.14257625435445584,-0.11132819366694971,0,0,,-0.12499999218750048,57074.68571428572,35472.9,106090.0,7562,9,0
0.16712328766980014,0.34613828415201187,0,0,,0.06666666222222252,64224.70625,44913.6,111506.0,7562,10,0
-0.14319689343216122,-0.151519139441105,0,0,,-0.34782607183364905,47710.33333333333,22016.1,79790.0,7562,11,0
0.16519651682607495,0.07577892580091253,0,0,,0.35294115570934376,56230.30000000002,32365.3,145543.0,7562,12,0
-0.14204852503978127,-0.270340209522701,0,0,,0.21428569897959293,52269.38235294118,23278.8,116090.0,7562,13,0
0.17067367613818837,0.3506094512330818,0,0,,0.7499999062500118,71635.27857142857,50863.1,137430.0,7562,14,0
-0.6135808920185053,0.23961468137161965,0,0,,-0.24137930202140337,60963.31818181815,42661.2,41129.0,7815,0,0
0.03984176991938458,-0.2073982880876769,0,0,,0.07407407133058995,49179.24827586207,21347.7,121579.0,7815,1,0
0.27218940694138927,0.407305859501644,0,0,,0.0,62047.87037037037,42288.5,129110.0,7815,2,0
0.15878505336669058,-0.11978303083026069,0,0,,0.12499999479166687,44089.825925925936,24266.4,64810.0,7815,3,0
0.7005974079515386,0.19976368886583748,0,0,,0.09090908677685969,50089.725,20823.7,67710.0,7815,4,0
-0.6376940673119548,-0.30799461034799064,0,0,,-0.18518517832647488,41749.65909090909,26843.0,41132.0,7815,5,0
2.393543942685678,0.4734742151599808,0,0,,0.03846153698224858,60331.4074074074,13734.9,112110.0,7815,6,0
-0.6214840449189801,-0.19164202603017264,0,0,,-0.10344827229488716,40945.00384615384,21596.9,97680.0,7815,7,0
-0.15717120132631932,-0.08220844895233279,0,0,,-0.06451612695109267,50652.06896551724,27394.0,85510.0,7815,8,0
-0.500364068839892,-0.02316103323120618,0,0,,0.06896551486325811,55189.07741935482,20241.4,138445.0,7815,9,0
-0.15114491557174387,0.020601893649489455,0,0,,-0.4117646816609011,60378.759999999995,25236.1,87629.2,4503,0,0
0.021418982140537137,0.07040657191629929,0,0,,0.06249999609375024,59159.952941176474,36262.5,175794.8,4503,1,0
1.3846377718450222,0.10452502395677904,0,0,,0.4545454132231443,55268.674999999996,17906.8,102319.79999999999,4503,2,0
5.0,1.0178866262996789,0,0,,0.8333331944444675,50038.40909090909,24918.5,52405.799999999996,4503,3,0
-0.9943954197399899,-0.41689008462199856,0,0,,-0.5999999600000027,24797.433333333334,22059.9,43.8,4503,4,0
0.37558862736928283,0.6527419148145559,0,0,,0.499999950000005,42526.17333333334,25442.2,77227.80000000002,4503,5,0
-0.6662840467170883,-0.5525553924277977,0,0,,-0.4444444197530878,25730.68,16635.5,4843.799999999999,4503,6,0
0.2636307822157707,0.037168348242258786,0,0,,0.12499999218750048,57505.84444444445,24662.1,135514.80000000002,4503,7,0
-0.676390795938955,-0.363507251128564,0,0,,-0.35999998560000057,55445.043750000004,36901.7,147143.8,4503,8,0
3.0432779205530487,1.0646499373803953,0,0,,0.5624999648437522,87110.25200000001,52780.1,263643.8,4503,9,0
-0.3402809003157435,-0.36425327887847214,0,0,,-0.05882352595155729,42191.29375,25202.9,88063.8,4503,10,0
-0.41338432549418674,-0.1590624970193873,0,0,,-0.2916666545138894,66364.94117647059,42125.1,115343.79999999999,4503,11,0
0.5701077924282923,0.8381812527429772,0,0,,0.14285713605442207,78917.80416666665,45868.9,231338.80000000002,4503,12,0
-0.04266889802527181,-0.43086330620456764,0,0,,0.04999999750000012,42932.54761904762,20352.7,81304.8,4503,13,0
-0.03290431142631563,0.23712085563860902,0,0,,0.5384614970414233,75434.51,33945.8,174003.80000000002,4503,14,0
0.1663916180498757,0.844773040180824,0,0,,-0.10526315235457093,50416.45294117647,30483.2,17697.2,4907,0,0
-0.14448631748420362,-0.3512316916457741,0,0,,-0.09523809070294806,27329.352631578946,10570.2,18751.8,4907,1,0
0.16953672335306935,0.7157279252070675,0,0,,0.04999999750000012,42124.98095238095,15647.0,69231.8,4907,2,0
-0.14399874361043233,-0.24186055997456354,0,0,,0.05263157617728546,24552.25,7872.1,19471.8,4907,3,0
0.16750028781959017,0.19442944886024066,0,0,,0.0,32384.873684210525,14760.8,54218.799999999996,4907,4,0
-0.14163047714997498,0.06742411401684205,0,0,,0.0,27113.257894736842,8812.8,49091.799999999996,4907,5,0
0.16685529541040953,0.2086967868062404,0,0,,-0.09523809070294806,25400.642105263156,7335.5,40591.799999999996,4907,6,0
-0.14178478094077646,0.0717482650971748,0,0,,-0.15999999360000025,21014.899999999998,8799.5,34191.799999999996,4907,7,0
0.7436393964139157,-0.018865437137588606,0,0,,0.3888888672839518,19608.056,7348.6,52571.8,4907,8,0
-0.4267653130491522,0.15105832896414534,0,0,,-0.09999999500000024,19985.083333333336,9544.2,30973.8,4907,9,0
0.16567022680041005,-0.15779293348202836,0,0,,-0.1304347769376184,17362.355000000003,7247.9,55266.8,4907,10,0
-0.1440889220261106,-0.2409889488272325,0,0,,-0.2333333255555558,20615.304347826088,10480.4,34591.8,4907,11,0
0.1668756557530244,0.010962244266907426,0,0,,0.24999998958333375,27160.743333333343,10759.8,64431.8,4907,12,0
-0.19289355827783258,-0.002384692173021683,0,0,,-0.14285713775510223,26866.229166666668,17912.2,37491.8,4907,13,0
0.14698090187690308,0.10594850028201115,0,0,,0.07692307396449716,26930.450000000004,10732.4,66791.8,4907,14,0
0.1621287324280333,-0.06050731465888788,0,0,,-0.19999998666666757,15386.641666666663,9158.8,23053.199999999997,5126,0,0
-0.14478255579249244,-0.3205103693351249,0,0,,-0.11764705190311459,16377.60666666667,9910.2,27867.799999999996,5126,1,0
0.031946207607384376,0.08727805822324279,0,0,,-0.19047618140589612,24102.805882352943,18812.9,33827.8,5126,2,0
-0.034318777320834465,-0.30537811824887073,0,0,,0.3124999804687512,22168.023809523813,14116.1,29627.8,5126,3,0
0.16570742086553136,0.07402691448428743,0,0,,-0.05882352595155729,31913.800000000003,26747.3,28819.800000000003,5126,4,0
-0.16981242767890062,0.22234220335931024,0,0,,0.13333332444444504,29714.152941176468,24100.6,19487.800000000003,5126,5,0
0.08685949095496344,0.36045755699123594,0,0,,-0.28571427210884415,24309.193333333336,18423.5,19467.800000000003,5126,6,0
0.33060733895828015,-0.16084134112611198,0,0,,0.10526315235457093,17868.395238095236,12298.8,25647.8,5126,7,0
-0.166129501373068,-0.15490117023117606,0,0,,0.18749998828125072,21293.226315789478,12209.4,36047.8,5126,8,0
-0.14135097281040307,-0.07623808113756583,0,0,,0.0,25196.137499999997,19323.3,27927.800000000003,5126,9,0
-8.436540343238946e-05,0.09810217574887205,0,0,,-0.15789472853185638,27275.574999999997,21162.1,24187.8,5126,10,0
-0.06555288567455805,-0.17854113654127193,0,0,,-0.20833332465277812,24838.831578947367,17669.0,25667.800000000003,5126,11,0
0.2375578059967001,-0.2037168921955775,0,0,,0.4999999687500019,30237.462499999998,21281.5,45387.8,5126,12,0
-0.35190688521378244,0.2872619948360813,0,0,,0.7777776913580343,37973.256250000006,30517.6,30545.2,5126,13,0
3.5104152403022573,5.0,0,0,,3.499998250000875,29499.244444444445,8790.4,4500.0,5126,14,0
0.16161593850061334,0.02812940732477043,0,0,,-0.16666665277777895,20302.420000000002,17168.9,14975.2,2496,0,0
-0.14078038411368782,0.10471314512738515,0,0,,0.0,19746.949999999997,17577.9,14989.800000000001,2496,1,0
0.1450152764254011,0.0236752557682547,0,0,,-0.14285713265306196,17875.183333333334,14668.6,14989.800000000001,2496,2,0
-0.12764916856379407,-0.13256576526109062,0,0,,0.07692307100591762,17461.77142857143,15097.0,17389.8,2496,3,0
0.07121912389141584,0.1012482604547388,0,0,,0.0,20130.36923076923,17705.0,18509.8,2496,4,0
-0.06487814696554685,0.11244093165434889,0,0,,0.08333332638888948,18279.59230769231,16117.5,14989.800000000001,2496,5,0
0.1653779935574291,0.03724503322170805,0,0,,0.0,16431.966666666664,13227.4,14989.800000000001,2496,6,0
-0.14298014701435377,-0.11851813382430466,0,0,,-0.19999998666666757,15841.933333333334,13666.1,14989.800000000001,2496,7,0
0.41182959807150077,-8.308562195444055e-05,0,0,,0.0,17971.933333333334,14359.7,21389.8,2496,8,0
-0.2936229932252863,-0.2449166624802744,0,0,,0.07142856632653098,17973.42666666667,14298.7,23189.8,2496,9,0
-0.30011966661989103,0.07851890161018184,0,0,,-0.26315788088642733,23803.235714285714,19884.3,12407.800000000001,2496,10,0
0.15755150073374222,0.008298273143424802,0,0,,-0.09523809070294806,22070.3,16551.2,26749.800000000003,2496,11,0
0.32745083679825177,-0.2812974242987147,0,0,,0.1666666574074079,21888.66190476191,15128.8,36709.8,2496,12,0
-0.10920818988551514,0.021319167874900628,0,0,,0.0,30455.800000000003,25664.4,27189.800000000003,2496,13,0
-0.2009069611819191,0.4200336774292528,0,0,,-0.09999999500000024,29820.06111111111,24149.4,25189.800000000003,2496,14,0
-0.23505304541092129,-0.1894417620586243,0,0,,0.2272727169421492,67863.20370370371,34303.6,265898.0,11138,0,0
2.258823815760159,0.43330334134303705,0,0,,0.37499997656250145,83724.03181818184,42046.8,274990.0,11138,1,0
-0.30905074787306125,-0.22043469251392728,0,0,,-0.05882352595155729,58413.33750000001,31053.2,99306.0,11138,2,0
-0.3172742565469224,0.23300788916438708,0,0,,-0.3461538328402372,74930.65294117648,42996.4,112790.0,11138,3,0
-0.19921351039489907,-0.2842244607378912,0,0,,0.1304347769376184,60770.619230769225,24322.9,221677.0,11138,4,0
1.37521533267592,0.10562872501924074,0,0,,0.7692307100591762,84901.78260869563,39477.4,259490.0,11138,5,0
-0.692445371653288,-0.12334562648496587,0,0,,-0.6060605876951337,76790.5,46830.4,97690.0,11138,6,0
1.563871063098852,0.2095309144807556,0,0,,0.5714285442176883,87594.95454545454,31776.5,331912.0,11138,7,0
0.8292929770150024,0.9724091066977497,0,0,,1.6249997968750256,72420.6,38260.8,144560.0,11138,8,0
-0.35519700906996526,-0.6359462619860714,0,0,,0.0,24434.257142857135,5433.1,52989.0,4995,0,1
-0.23447430086764848,0.2857833095790573,0,0,,-0.26315788088642733,67117.17142857144,28878.8,74290.0,4995,1,1
1.1999020443504849,1.233475754217649,0,0,,0.11764705190311459,52199.44210526316,21914.4,129882.0,4995,2,1
3.1843280129736664,-0.3578751321505831,0,0,,0.3076922840236705,23371.394117647054,6194.7,42257.0,4995,3,1
-0.40347981426157964,-0.28360504410241305,0,0,,0.299999970000003,36396.961538461546,22674.7,27790.0,4995,4,1
-0.7095749971224612,0.11093921488207986,0,0,,-0.23076921301775286,50805.72,39131.5,26790.0,4995,5,1
-0.06581003103425238,1.0348022012451152,0,0,,-0.07142856632653098,45732.22307692308,7059.6,82429.0,4995,6,1
-0.3145510760051459,-0.5556363745311852,0,0,,-0.36363634710743875,22475.02142857143,2592.1,23160.0,4995,7,1
0.2740981099513996,-0.04940492191589634,0,0,,0.2222222098765439,50577.995454545475,6692.1,146673.0,4995,8,1
-0.6139873803710065,-0.22268203308352788,0,0,,-0.24999998958333375,53206.66666666667,25967.0,137139.0,4995,9,1
0.38262415315906323,0.482237317641487,0,0,,0.1999999900000005,68449.03749999999,41683.1,261905.0,4995,10,1
2.9810079366106264,0.5248091864386777,0,0,,0.0,46179.54,5097.2,117590.0,4995,11,1
-0.14361111209447466,-0.38015614603834974,0,0,,0.3333333111111126,30285.455000000005,2792.8,104735.0,4995,12,1
-0.4154317292676746,0.3471495266688569,-1,0,,-0.2499999875000006,48859.81333333334,35490.0,48274.0,4995,13,1
1.9969624613080081,-0.17831982095236426,1,1,,1.4999998125000236,36269.03499999999,-36.1,78390.1,4995,14,1
0.20375858019686638,-0.20408916929370755,0,0,,0.5789473379501401,39984.50333333332,16385.6,122140.8,3804,0,0
0.1991506316225907,0.025609647862118202,0,0,,0.0,50237.41578947368,28157.7,74946.8,3804,1,0
-0.166123577203376,0.3163243768985489,0,0,,-0.13636363016528952,48982.978947368414,31306.1,83606.8,3804,2,0
-0.14138982319062726,0.019560765283435737,0,0,,-0.18518517832647488,37211.93636363636,19537.6,72246.8,3804,3,0
0.16343478711067114,-0.2585324986662315,0,0,,0.34999998250000086,36498.00740740741,13097.7,128035.80000000002,3804,4,0
-0.14264428321148895,-0.18428682553809597,0,0,,-0.09090908677685969,49224.015,34344.2,93588.8,3804,5,0
0.16780539928797478,0.2344112827061284,0,0,,-0.04347825897920613,60344.75909090908,30056.8,103735.8,3804,6,0
-0.1755532543162556,0.25833704467275814,0,0,,-0.2580645078043707,48885.45652173913,27154.4,88246.79999999999,3804,7,0
0.20934170038406547,-0.3380413129090984,0,0,,0.2916666545138894,38849.25483870968,19956.1,111574.8,3804,8,0
-0.1414377017134243,-0.16778527098201304,0,0,,0.9999999166666736,58688.337499999994,18885.0,125998.79999999999,3804,9,0
0.7518459053772899,0.7379279389219413,0,0,,1.399999720000056,70520.66666666666,32526.8,79501.0,3804,10,0
0.41855791311632695,0.0028040946846491963,0,0,,0.08333332986111125,49517.488461538465,24598.3,96093.0,5066,0,1
-0.4053538103611222,0.06819174244074763,0,0,,-0.14285713775510223,49379.025,18492.7,81707.0,5066,1,1
-0.1343060360535291,-0.30071599784741,0,0,,-0.034482757431629055,46226.74285714285,16223.8,109953.0,5066,2,1
0.3914049363529838,0.7434481906154727,0,0,,0.035714284438775556,66105.82068965519,39872.5,163907.0,5066,3,1
3.9309056436183716,0.08960534132710571,0,0,,0.27272726033057904,37916.71071428571,25959.4,68307.0,5066,4,1
-0.6003404189148668,-0.24775531458034522,0,0,,-0.08333332986111125,34798.57272727272,17068.4,39942.0,5066,5,1
-0.42342720567961545,-0.35196853842361064,0,0,,0.4117646816609011,46259.645833333336,23759.4,49775.0,5066,6,1
0.5496965743776729,0.2910860957563445,0,0,,1.1249998593750177,71384.87647058823,46447.0,84978.0,5066,7,1
-0.07313620153859014,1.33202494801261,0,0,,0.9999997500000625,55290.5625,44254.4,66200.0,5066,8,1
0.4218211452872108,-0.24171223562342933,0,0,,0.37499998437500065,42585.77575757576,7198.8,121294.0,6400,0,1
-0.3040273590343615,0.26357446021114816,0,0,,-0.07692307396449716,56160.44166666666,40138.6,97577.0,6400,1,1
1.323738675910424,0.8987004840465338,0,0,,0.29999998500000075,44445.692307692305,1021.4,107990.0,6400,2,1
0.08939381853269719,1.0863198260899722,-5,0,,-0.09090908677685969,23408.48,3897.1,62677.0,6400,3,1
-0.17300885079717532,-0.5123934470307548,5,5,,0.0,11219.986363636364,-2334.3,39079.200000000004,6400,4,1
5.0,-0.1695620886522808,0,0,,2.6666662222222963,23010.327272727274,5543.4,72572.0,6400,5,1
0.9569377975168456,-0.08194121401809668,0,0,,0.0,27708.666666666668,26017.6,3200.0,6400,6,1
-0.9754545027099695,-0.24805163881675624,0,0,,-0.1428571224489825,30181.8,27990.8,9000.0,6400,7,1
-0.6945162312535412,-0.21123407982078396,0,0,,0.16666663888889352,40138.12857142858,25252.5,40100.0,6400,8,1
0.057546535478823616,0.059297000384220463,0,0,,0.09090908677685969,72044.97499999999,39139.4,97933.20000000001,10884,0,0
0.14624247568173734,0.0678719203486769,0,0,,0.0,68012.06363636361,36937.2,69573.8,10884,1,0
0.14080514458990068,0.34688820832130374,0,0,,-0.21428570663265334,63689.345454545466,27513.8,104331.8,10884,2,0
0.15546413548032023,-0.13980022232780906,0,0,,0.1666666597222225,47286.28928571429,28936.2,93527.8,10884,3,0
0.17217525791584742,0.18442311089582492,0,0,,0.3333333148148158,54971.2875,46854.2,71828.8,10884,4,0
-0.16380682756180107,0.14067253634782206,0,0,,-0.09999999500000024,46411.86666666667,25023.2,23719.8,10884,5,0
0.3810407465818606,-0.02417769642701536,0,0,,-0.19999999200000032,40688.159999999996,22531.2,69258.8,10884,6,0
-0.14145419219636143,-0.17142502155972786,0,0,,0.19047618140589612,41696.280000000006,21917.8,79742.79999999999,10884,7,0
0.1561782356461591,0.0450700990134131,0,0,,0.10526315235457093,50322.880952380954,31969.9,49345.799999999996,10884,8,0
0.21187379459663236,0.3810161784205094,0,0,,-0.04999999750000012,48152.636842105276,34046.6,33245.8,10884,9,0
-0.23271993431281068,0.17028132890986547,0,0,,-0.1304347769376184,34867.54000000001,21805.4,51645.8,10884,10,0
-0.0840228413309782,-0.04959618494396773,0,0,,-0.07999999680000013,29794.152173913055,13386.8,51545.799999999996,10884,11,0
0.18604955619040384,-0.17987190531606445,0,0,,0.08695651795841226,31348.94,17104.0,78210.8,10884,12,0
-0.14073221910866102,-0.2031304237404785,0,0,,1.5555553827160686,38224.443478260866,23154.2,77045.8,10884,13,0
0.6390336601182228,1.2956063432374516,0,0,,0.799999840000032,47968.25555555556,34877.2,41100.0,10884,14,0
0.16143800077083614,0.05256830346723264,0,0,,0.0,33417.55384615384,13696.1,47617.2,8092,0,0
-0.13880470433321856,0.376425212062899,0,0,,-0.07142856632653098,31748.584615384618,27727.9,19771.8,8092,1,0
0.1677220806267268,0.23167477453107066,0,0,,0.07692307100591762,23065.971428571425,17262.0,23971.799999999996,8092,2,0
-0.14287626679375323,-0.041579915419801945,0,0,,-0.07142856632653098,18727.32307692308,14836.6,19291.8,8092,3,0
0.7465022981085306,0.2794078369101369,0,0,,0.07692307100591762,19539.785714285714,13195.5,30911.8,8092,4,0
-0.42676080790412585,-0.05581123284329483,0,0,,-0.07142856632653098,15272.52307692308,11853.4,24651.8,8092,5,0
0.030329183364445306,0.06110664691864618,0,0,,-0.2222222098765439,16175.285714285712,11803.6,28291.8,8092,6,0
-0.031039033705007896,-0.15443753254883738,0,0,,0.19999998666666757,15243.78888888889,8344.9,29831.800000000003,8092,7,0
0.16652299920303512,0.13217095138856047,0,0,,0.07142856632653098,18027.986666666668,12465.2,31631.8,8092,8,0
-0.14293141346973431,-0.1735479395363656,0,0,,-0.06666666222222252,15923.378571428566,11797.3,19775.8,8092,9,0
0.16734336070274397,0.14359495926953836,0,0,,-0.11764705190311459,19267.153333333332,14326.5,31351.8,8092,10,0
-0.171478307912553,0.14766027389228442,0,0,,-0.14999999250000037,16847.882352941175,12299.2,23231.800000000003,8092,11,0
0.20428058967161575,-0.27144164029027806,0,0,,0.11111110493827195,14680.2,9184.5,32111.8,8092,12,0
-0.1440699799606555,-0.35534746752401053,0,0,,0.2857142653061239,20149.655555555557,13092.7,39291.8,8092,13,0
-0.006247044400815283,0.45232764247133633,0,0,,0.7499999062500118,31256.614285714284,24145.3,37146.6,8092,14,0
0.7568438076409001,0.31004069537972917,0,0,,0.1818181652892577,74682.43076923075,59267.2,51529.2,5735,0,1
-0.335820545517408,-0.17606691645466913,0,0,,-0.21428569897959293,57007.71818181817,45845.0,2143.7999999999997,5735,1,1
-0.4737035297077521,0.3672502179975957,0,0,,-0.3333333174603182,69189.74285714285,50123.2,104310.8,5735,2,1
-0.18056307702227797,-0.3072118868748393,0,0,,0.04999999750000012,50605.03333333333,10734.0,68243.8,5735,3,1
2.354204327050423,0.1396596759022666,0,0,,0.5384614970414233,73045.47000000002,33632.4,151081.80000000002,5735,4,1
-0.4888829976980878,0.016016558731014475,0,0,,-0.23529410380622917,64094.10769230769,45509.1,44781.799999999996,5735,5,1
-0.300223007237362,0.7276803843041204,-5,0,,-0.19047618140589612,63083.72352941177,32050.1,63543.799999999996,5735,6,1
1.3958999883463068,1.3809269192028593,5,5,,0.3124999804687512,36513.538095238095,-1529.2,46253.9,5735,7,1
0.25934795751947637,-0.06254546417397037,0,0,,0.3333333055555579,15335.849999999999,720.8,49898.8,5735,8,1
-0.5617815303765173,-0.4111566058285276,0,0,,-0.36842103324099823,16359.033333333331,4592.8,41313.8,5735,9,1
1.5371312282140845,2.529816354756046,-4,0,,0.4615384260355057,27781.63684210526,683.3,82819.8,5735,10,1
-0.5943997179666105,-0.8197765292397486,3,4,,-0.4799999808000007,7870.5615384615385,-2825.2,12680.5,5735,11,1
-0.519249389277447,-0.4501460547989749,1,1,,0.08695651795841226,43671.124,-1721.7,170454.8,5735,12,1
0.39447756259620775,0.27445066809074026,0,0,,0.14999999250000037,79423.13478260869,40982.0,189608.80000000002,5735,13,1
-0.4701882261510532,-0.12897041416431448,0,0,,-0.19999999200000032,62319.505000000005,31737.7,127543.8,5735,14,1
-0.0898326276483439,0.5094884072283188,0,0,,-0.05882352595155729,89799.0125,61462.4,31235.199999999997,3112,0,0
0.15782528765727488,0.12601998163747188,0,0,,-0.055555552469135974,59489.7,43277.4,35821.799999999996,3112,1,0
-0.3481155986929087,0.13868873768091075,0,0,,-0.30769229585798863,52831.833333333336,37600.2,40999.799999999996,3112,2,0
-0.1431067569758598,-0.4908628995596664,0,0,,0.18181817355371938,46397.08076923077,32430.5,74029.8,3112,3,0
-0.7440019125707894,-0.09901210043073047,0,0,,-0.29032257127991706,91128.85454545452,66085.9,112999.8,3112,4,0
2.055023972519682,0.44051294189827106,0,0,,0.34782607183364905,101143.26129032257,69815.7,284131.80000000005,3112,5,0
-0.4913679727759916,-0.04609648925123635,0,0,,-0.2333333255555558,70213.36521739129,31935.0,110678.8,3112,6,0
0.6588739001034263,-0.02017611549755097,0,0,,0.15384614792899431,73606.36000000002,29160.0,166999.80000000002,3112,7,0
-0.6161519610193971,-0.13335320059942088,0,0,,-0.13333332888888902,75122.03076923077,44411.3,155901.80000000002,3112,8,0
2.172379951982983,0.2787392729636576,0,0,,0.4999999750000012,86681.25333333334,30173.5,302415.80000000005,3112,9,0
-0.5601231669948192,-0.17181423516147476,0,0,,-0.3749999882812504,67786.495,43281.4,84441.8,3112,10,0
0.32368239399066834,0.3580919014937926,0,0,,0.10344827229488716,81849.384375,45298.6,247233.80000000002,3112,11,0
0.2740890573101215,-0.1704716279744086,0,0,,0.07407407133058995,60267.92758620688,29207.7,151299.8,3112,12,0
-0.27640138678745385,-0.173662921263415,0,0,,-0.09999999666666677,72653.24444444446,32558.6,166999.8,3112,13,0
0.6026118064684004,0.17330037934849535,0,0,,1.1428570612244957,87922.04333333335,47843.0,220999.80000000002,3112,14,0
-0.27740759090737427,-0.16002922570393324,0,0,,0.1666666574074079,66139.47142857143,41009.2,128899.2,2912,0,0
-0.4902800035167417,-0.17731965874274624,0,0,,-0.21739129489603065,78740.20555555556,50245.2,125343.80000000002,2912,1,0
0.6548833236916392,0.3000410317550139,0,0,,0.27777776234567986,95711.78695652174,41804.0,246569.80000000002,2912,2,0
0.49733723502830196,0.37653350151870996,0,0,,0.0,73622.12777777779,36911.7,134762.8,2912,3,0
0.10465910245073919,-0.2157490825593658,0,0,,0.12499999218750048,53483.71666666667,25090.0,100643.79999999999,2912,4,0
-0.42360230937888693,0.21951737078510958,0,0,,-0.23809522675737013,68197.2,37426.5,107282.8,2912,5,0
0.16482164743873837,-0.12809193406971306,0,0,,0.10526315235457093,55921.46666666667,31934.2,195097.80000000002,2912,6,0
-0.06234761097791642,-0.24255610896006372,0,0,,-0.17391303591682453,64136.88421052632,16334.6,124700.8,2912,7,0
-0.30170211076825815,0.09249175945738433,0,0,,0.045454543388429844,84675.42608695652,48292.9,175643.80000000002,2912,8,0
0.13808954445654653,0.11893533487362339,0,0,,0.15789472853185638,77506.69545454546,36839.8,166210.80000000002,2912,9,0
3.050397953757874,1.3746119105728032,0,0,,0.2666666488888901,69268.25263157894,22742.4,161244.80000000002,2912,10,0
-0.6658123294573994,-0.5379684779738017,0,0,,-0.37499998437500065,29170.346666666668,21434.3,62727.799999999996,2912,11,0
0.2406424042411777,-0.09780392522377783,0,0,,0.4999999687500019,63134.97083333333,38173.7,211294.8,2912,12,0
-0.47969081489811816,-0.06467810958513033,0,0,,-0.4666666511111116,69979.2125,40878.7,93343.79999999999,2912,13,0
1.6037395703583088,0.19040905252761486,0,0,,0.9999999333333378,74818.32000000002,32234.4,249658.8,2912,14,0
0.13500561660759897,0.06729538527387895,0,0,,-0.12499999218750048,23294.735714285718,17047.4,15851.2,4852,0,0
-0.20616287982941897,-0.1041147766765514,0,0,,0.06666666222222252,21825.950000000004,15703.2,20185.800000000003,4852,1,0
0.12064260125760036,0.10585554506019633,0,0,,-0.21052630470914185,24362.440000000002,17254.4,14425.800000000001,4852,2,0
-0.10646897102431316,-0.21156167152459768,0,0,,0.11764705190311459,22030.399999999998,16831.3,18265.8,4852,3,0
0.02882215948542293,0.2302132721204702,0,0,,0.13333332444444504,27941.817647058826,22304.0,16791.800000000003,4852,4,0
0.058217406380344304,0.3264044158421277,0,0,,0.0,22712.986666666668,17404.6,14425.800000000001,4852,5,0
0.18747721595262673,-0.09776262520468684,0,0,,-0.06249999609375024,17123.726666666666,12214.0,14425.800000000001,4852,6,0
-0.17670565545421504,0.04069835718070616,0,0,,0.06666666222222252,18979.181249999998,13281.5,17665.800000000003,4852,7,0
0.9867877649631851,-0.2302669639463764,0,0,,0.0,18236.966666666667,11845.7,16125.800000000001,4852,8,0
-0.43219900620931395,-0.2992420560603296,0,0,,-0.06249999609375024,23692.586666666666,17012.5,18405.800000000003,4852,9,0
-0.33990903145533297,0.29337857131236456,0,0,,-0.15789472853185638,33809.94375,27890.4,18165.800000000003,4852,10,0
0.07682125993380065,-0.12607983209804333,0,0,,-0.20833332465277812,26140.794736842105,12344.2,26565.800000000003,4852,11,0
0.975485211407565,-0.09420433584125434,0,0,,0.5999999600000027,29912.108333333334,20179.2,49845.8,4852,12,0
-0.34553798816663583,0.37453737954908967,0,0,,0.8749998906250137,33023.02,26168.0,27268.6,4852,13,0
0.14328282595460046,0.05429021268824321,0,0,,-0.12499999479166687,52761.119047619046,29557.7,80688.0,8327,0,0
-0.43866546136359114,-0.2679994772048208,0,0,,-0.03999999840000006,50044.208333333336,28557.7,76186.0,8327,1,0
0.07750112584831002,0.558109344464616,0,0,,0.08695651795841226,68366.356,32306.2,118789.0,8327,2,0
2.5377022254237427,0.20466843505430482,0,0,,0.21052630470914185,43877.7652173913,23924.9,27519.0,8327,3,0
-0.50189229386429,-0.08204417771371456,0,0,,0.0,36423.10526315789,31157.8,35089.0,8327,4,0
0.46659995535462356,0.19388416266497788,0,0,,0.055555552469135974,39678.4947368421,26700.1,23419.0,8327,5,0
0.2043646263477431,0.46000134664973075,0,0,,-0.05263157617728546,33234.794444444444,25254.5,17480.0,8327,6,0
-0.821715699581137,-0.6362568867131471,0,0,,-0.38709676170655605,22763.536842105263,14237.0,20019.0,8327,7,0
5.0,1.1267945447297854,0,0,,0.7222221820987677,62581.35483870968,21432.1,172045.0,8327,8,0
-0.9756437257039237,-0.5647206834855811,0,0,,-0.37931033174791956,29425.200000000004,14883.4,31219.0,8327,9,0
0.4029457901302398,0.14063808812706644,0,0,,0.035714284438775556,67600.73103448277,29776.1,193819.0,8327,10,0
1.571255734288315,-0.07771201127255253,0,0,,0.399999980000001,59265.714285714304,34440.7,149019.0,8327,11,0
-0.4253454671007985,0.4397864499874197,0,0,,1.2222220864197684,64259.444999999985,24694.4,133380.0,8327,12,0
0.2514630410761093,0.07887284715542968,0,0,,0.0,81229.54500000001,44335.3,133091.0,1772,0,0
-0.142645655374712,-0.1230518506356342,0,0,,0.0,75291.12000000002,40059.3,173414.0,1772,1,0
0.10488714855082484,0.08435234736585888,0,0,,0.05263157617728546,85855.83999999998,62969.2,136234.0,1772,2,0
-0.10516999868890516,-0.1180770645630845,0,0,,0.0,79177.06842105262,46874.8,169372.0,1772,3,0
0.6292934516943279,0.3601287466734532,0,0,,0.18749998828125072,89777.76315789475,58153.2,131072.0,1772,4,0
-0.3782300723065454,-0.0918150366441928,0,0,,-0.11111110493827195,66006.8125,41817.5,95572.0,1772,5,0
0.16650732983710118,0.0994203243731777,0,0,,0.12499999218750048,72679.92222222223,39974.8,172893.0,1772,6,0
-0.14218026827428917,0.16247641569906512,0,0,,-0.1999999900000005,66107.49375,45538.5,99872.0,1772,7,0
0.14144640850893356,0.1485220122338694,0,0,,-0.04761904535147403,56867.81499999999,31635.6,163101.0,1772,8,0
-0.12382804242416245,-0.1359958578104328,0,0,,-0.045454543388429844,49513.909523809525,23953.0,111475.0,1772,9,0
0.1657813056064056,0.0156188299309876,0,0,,0.09999999500000024,57307.49090909092,23876.9,169071.0,1772,10,0
-0.14219301001151344,0.031889019018118366,0,0,,-0.23076922189349144,56426.18000000001,26832.1,119380.0,1772,11,0
0.16590626667240896,-0.0024701540764659907,0,0,,0.29999998500000075,54682.41153846154,25107.3,178660.0,1772,12,0
-0.1427683649486953,-0.278586104885069,0,0,,0.42857139795918586,54817.81999999999,32865.6,122711.0,1772,13,0
0.7370058011616999,0.781235298858534,0,0,,1.799999640000072,75986.64285714286,48080.0,207813.0,1772,14,0
0.20057520183749744,-0.1473891421653905,0,0,,0.0,40550.205555555556,26717.0,64479.2,10728,0,0
-0.2490703510153564,0.03765357734235459,0,0,,0.0,47560.03888888889,30335.9,75601.8,10728,1,0
0.01396642239804787,0.14605556708169512,0,0,,-0.14285713605442207,45834.21666666667,31140.3,51300.799999999996,10728,2,0
-0.20108042033662923,-0.000615167148790025,0,0,,-0.045454543388429844,39993.01428571428,22520.2,68264.8,10728,3,0
0.5612554859376494,-0.3202787735974846,0,0,,0.2222222098765439,40017.63181818181,19692.4,98210.8,10728,4,0
0.11980312796283508,0.44448891489916875,0,0,,0.12499999218750048,58873.59444444444,45144.2,49797.8,10728,5,0
-0.09681653064108812,0.20904412929609062,0,0,,-0.3043478128544429,40757.387500000004,17421.0,39928.8,10728,6,0
-0.10566035523787386,-0.31012615338719224,0,0,,0.35294115570934376,33710.421739130434,16555.2,68199.79999999999,10728,7,0
0.10195648452701128,0.3117309473346466,0,0,,0.06249999609375024,48864.617647058825,39147.1,49744.8,10728,8,0
-0.09181247699237238,0.00965498625619127,0,0,,-0.15789472853185638,37252.0125,29177.4,32244.8,10728,9,0
0.16849740896837814,0.22589981726690836,0,0,,0.055555552469135974,36895.78421052631,16926.1,78644.8,10728,10,0
-0.16343467271974285,-0.00897012829257056,0,0,,-0.24999998958333375,30096.899999999998,15087.7,36344.8,10728,11,0
0.19422402325260832,0.057993764491868584,0,0,,0.09090908677685969,30369.31666666667,16237.1,76529.8,10728,12,0
-0.14299107791100527,-0.2946583406524129,0,0,,0.2222222098765439,28704.627272727263,11024.6,70604.79999999999,10728,13,0
0.15209740562431787,0.09552427689787461,0,0,,0.9999998888889013,40696.061111111114,22874.8,76410.2,10728,14,0
0.16938363566559878,0.6215660628981489,0,0,,-0.31578945706371275,14005.653846153846,4402.9,23329.199999999997,9017,0,1
-0.14715536969808163,-0.4203601494230033,0,0,,0.0,8637.115789473684,2769.4,38643.799999999996,9017,1,1
0.169408507407345,0.3792995427107107,-1,0,,0.18749998828125072,14900.831578947365,3750.5,42543.799999999996,9017,2,1
-0.1404119932657562,1.2723814360520043,-9,1,,-0.4074073923182447,10803.1875,-2643.4,10343.800000000001,9017,3,1
0.15865544006950003,-0.6355711704702293,9,10,,0.49999997222222375,4754.125925925925,-3769.8,45995.600000000006,9017,4,1
0.1205658702814739,-0.035499937283169726,1,1,,-0.05263157617728546,13045.416666666664,-869.8,35443.8,9017,5,1
-0.1071567718944897,0.6005238629003856,0,0,,0.055555552469135974,13525.573684210529,2833.1,40743.8,9017,6,1
-0.1674925321415267,-0.5978713346966359,0,0,,-0.14285713605442207,8450.716666666667,3295.4,36143.8,9017,7,1
0.18848163447673524,0.11465895126798091,0,0,,0.0,21014.95714285714,7818.5,40643.8,9017,8,1
-0.14338944023669772,-0.2470528698512336,0,0,,0.0,18853.261904761905,8900.3,40043.799999999996,9017,9,1
0.16644067884398914,-0.2529104058910941,0,0,,0.39999997333333515,25039.290476190476,11313.1,53243.799999999996,9017,10,1
0.11356516245001298,0.6471301125311107,0,0,,1.14285697959186,33515.78,27505.3,28700.0,9017,11,1
-0.1433262953366281,-0.2077818086038653,0,0,,0.1666666574074079,57679.74285714284,32600.4,139224.0,5574,0,0
0.7476086397854967,0.4138196163777145,0,0,,-0.09999999500000024,72807.89999999998,36711.9,148895.0,5574,1,0
-0.4268191534691037,-0.010397904001634754,0,0,,-0.04761904535147403,51497.305,27007.3,134730.0,5574,2,0
0.1654606115810096,-0.08338988447738105,0,0,,-0.08695651795841226,52038.39523809524,22960.0,144285.0,5574,3,0
-0.14250496534452617,-0.14254490354908259,0,0,,-0.1481481426611799,56772.6608695652,27979.8,146421.0,5574,4,0
0.15702850287402595,0.5548773870261423,0,0,,0.34999998250000086,66210.65185185186,29658.5,152955.0,5574,5,0
-0.13353609250613355,0.22106541218186065,0,0,,-0.1666666597222225,42582.55499999999,18213.4,100275.0,5574,6,0
0.16621996241855513,-0.08608147680419492,0,0,,0.04347825897920613,34873.27916666667,17843.7,178983.0,5574,7,0
-0.1436042407878262,-0.2928233808907747,0,0,,0.14999999250000037,38157.973913043475,17956.1,138940.0,5574,8,0
0.16855719519772588,-0.10798709711903787,0,0,,1.4999998125000236,53958.19499999999,30340.4,201986.0,5574,9,0
0.1618631638637451,0.053037259715859965,0,0,,-0.19999998666666757,23210.141666666666,11250.7,24309.2,808,0,1
-0.1424881073224639,0.12721519058620023,0,0,,-0.1666666574074079,22041.14,13258.5,29843.8,808,1,1
0.16652174285161822,-0.12646166895297567,0,0,,-0.05263157617728546,19553.622222222224,9713.5,41703.799999999996,808,2,1
-0.14221834381771523,0.04188390440451714,0,0,,0.055555552469135974,22384.389473684212,10736.2,43363.799999999996,808,3,1
0.7436533995116953,0.37951640642160506,0,0,,0.19999998666666757,21484.533333333333,7153.0,37363.8,808,4,1
-0.42581747552032206,-0.24022486999069123,0,0,,-0.11764705190311459,15573.959999999997,6276.0,21863.799999999996,808,5,1
0.16747979350799502,0.3932113043424596,0,0,,0.06249999609375024,20498.11764705882,5994.6,47243.799999999996,808,6,1
-0.14280770731372625,-0.10759863259776976,0,0,,-0.1999999900000005,14712.85625,1334.3,33523.8,808,7,1
0.16888850638648628,0.33989036617688567,0,0,,0.17647057785467188,16486.815,2947.0,30703.8,808,8,1
-0.14070140861996588,2.7031753533244562,-12,0,,-0.3199999872000005,12304.6,919.6,27569.4,808,9,1
0.16077035167230505,-0.698781654037851,6,12,,0.08695651795841226,3322.7160000000003,-4384.8,45612.600000000006,808,10,1
-0.1488451105543131,-0.6046748215873426,6,6,,0.0,11030.921739130436,-3424.6,52417.4,808,11,1
0.16965317733464524,-0.11878254086142324,0,0,,0.9166665902777842,27903.41304347825,14461.2,77309.2,808,12,1
1.749994124456522,1.8926263701072514,0,0,,2.9999990000003334,31664.61666666667,17063.5,26800.0,808,13,1
0.15266575550308079,-0.06556004918407608,0,0,,0.0,44592.01052631579,17123.6,85678.2,2456,0,0
-0.09150459531636888,-0.07111420475808264,0,0,,0.055555552469135974,47720.57368421052,25476.6,78316.8,2456,1,0
0.08426977049110884,0.14782279602363252,0,0,,0.12499999218750048,51373.994444444455,29413.8,68825.8,2456,2,0
-0.12006175049471934,0.012070165069716934,0,0,,-0.15789472853185638,44757.774999999994,28092.1,63790.8,2456,3,0
0.13054317092615192,0.0748002555843517,0,0,,0.11764705190311459,44223.984210526316,26041.8,93193.8,2456,4,0
-0.08286556265052239,-0.015729783078730228,0,0,,0.0,41146.23529411764,16635.2,61200.799999999996,2456,5,0
0.06604115088308939,0.248714351019671,0,0,,-0.055555552469135974,41803.799999999996,18476.1,71014.8,2456,6,0
-0.02893095836310026,-0.23424939743950135,0,0,,0.05882352595155729,33477.47222222222,13029.2,89834.79999999999,2456,7,0
-0.029570488084389123,0.37845249157731786,0,0,,-0.10526315235457093,43718.50588235294,19667.0,56905.8,2456,8,0
0.2697505863439516,-0.06754915958956353,0,0,,0.055555552469135974,31715.642105263156,13403.2,67739.8,2456,9,0
-0.05667040667977868,-0.26510279044256163,0,0,,-0.14285713605442207,34013.205555555556,18354.3,92502.8,2456,10,0
-0.14159433757825068,-0.2754306997379585,0,0,,1.3333331851852017,46282.94285714286,20757.0,110759.79999999999,2456,11,0
0.704883990549564,1.4379948446418374,0,0,,0.799999840000032,63876.48888888888,40279.5,58600.0,2456,12,0
-0.9972350123970573,-0.12122228051019038,0,0,,-0.6249999218750099,6028.766666666667,6017.5,29.2,3037,0,1
-0.7840335387777774,-0.7019299561450437,0,0,,-0.11111109876543349,6860.4,5042.2,4743.8,3037,1,1
5.0,0.9702146005436094,0,0,,-0.09999999000000101,23016.066666666666,2272.2,25343.799999999996,3037,2,1
-0.9976219882543947,-0.679199619920275,0,0,,-0.37499997656250145,11682.01,2260.7,40343.799999999996,3037,3,1
-0.46830554464822677,-0.24154298995576207,0,0,,-0.27272726033057904,36415.200000000004,17710.0,56802.799999999996,3037,4,1
0.28292020915418525,0.6155696676726217,0,0,,0.15789472853185638,48012.21363636363,24793.7,111213.8,3037,5,1
0.39776474637768106,0.3433111555553982,0,0,,0.18749998828125072,29718.442105263166,4010.2,93043.80000000002,3037,6,1
2.2370255376827326,1.6192859593408613,-1,0,,0.3333333055555579,22123.275,7817.4,34748.799999999996,3037,7,1
0.1385857914064829,-0.21452949613720929,-1,1,,0.09090908264462885,8446.3,-2507.3,20443.800000000003,3037,8,1
1.822255423484972,1.1397800247374668,-2,2,,0.0,10753.172727272728,-1562.2,13975.300000000001,3037,9,1
5.0,0.3863773255596171,4,4,,0.8333331944444675,5025.363636363636,-1536.2,13244.300000000001,3037,10,1
-0.9983907384913631,-0.8827463856369199,0,0,,-0.6666666296296316,3624.816666666666,3592.3,8843.800000000001,3037,11,1
-0.7151314813261296,-0.47909277812514706,0,0,,-0.09999999500000024,30914.32777777778,12294.2,93543.8,3037,12,1
0.4395595870278116,0.7056256450008653,0,0,,-0.04761904535147403,59347.09000000001,27698.3,120243.8,3037,13,1
-0.35530150729057336,-0.4823096796968024,0,0,,-0.08695651795841226,34794.90952380953,9576.7,109855.8,3037,14,1
-0.42752880875044186,-0.057008068781107306,0,0,,-0.2916666545138894,46970.094117647066,17381.2,127332.0,1967,0,0
1.117436825045801,0.1706850902834558,0,0,,0.3333333148148158,49809.645833333336,13689.3,217921.0,1967,1,0
-0.36002983781663567,-0.4223677288624651,0,0,,-0.30769229585798863,42547.433333333334,15845.6,101304.0,1967,2,0
0.07711849876684485,0.32074451109922303,0,0,,0.36842103324099823,73658.33846153846,16149.2,217482.0,1967,3,0
4.435453963949102,1.1673916554208448,0,0,,0.3571428316326549,55770.315789473694,22704.6,104982.0,1967,4,0
-0.7639587266588641,-0.5102387331420691,0,0,,0.0,25731.535714285714,2704.7,54582.0,1967,5,0
1.874295506681936,1.1395423281339547,0,0,,-0.12499999218750048,52538.935714285704,8875.3,86918.0,1967,6,0
-0.6721444710701722,-0.44639135906128874,0,0,,-0.15789472853185638,24556.15625,5052.4,58482.0,1967,7,0
0.46503754280021115,0.29197863504887017,0,0,,0.055555552469135974,44356.52631578947,4335.1,104055.0,1967,8,0
-0.5783944542361293,-0.45981411197256483,0,0,,-0.27999998880000043,34332.24444444445,5443.2,74639.0,1967,9,0
1.309105571355803,1.5822315431295573,0,0,,0.5624999648437522,63556.35200000001,30900.1,245932.0,1967,10,0
2.8205025335916827,-0.12568730112819693,0,0,,-0.15789472853185638,24612.95625,5834.2,41918.0,1967,11,0
-0.6588598587990177,-0.540599997002221,0,0,,0.8999999100000091,28151.205263157895,4557.3,90682.0,1967,12,0
0.2172175426303403,0.25568956220411565,0,0,,0.24999996875000394,61278.2,41171.2,83564.0,1967,13,0
-0.07361065121095783,0.747041750197452,0,0,,0.33333327777778704,48800.4375,34391.5,28600.0,1967,14,0
0.16321218582159877,0.5250739315803304,0,0,,-0.1666666574074079,66448.51333333332,31810.4,90525.2,5213,0,1
-0.14388722028609524,-0.24796773158842922,0,0,,-0.14285713605442207,43570.683333333334,20565.7,108907.8,5213,1,1
0.1143764806938067,0.504931509336549,0,0,,-0.08695651795841226,57937.252380952385,22412.8,154361.80000000002,5213,2,1
0.1885575397956956,-0.09332735823945607,0,0,,0.21052630470914185,38498.2652173913,7386.7,106143.8,5213,3,1
-0.11703057325570387,-0.20006014588471485,0,0,,0.2666666488888901,42461.04210526315,3159.7,146665.80000000002,5213,4,1
-0.14065801278080936,0.4434974018028031,0,0,,-0.28571427210884415,53080.293333333335,33658.2,109143.8,5213,5,1
0.16683272594840837,0.6667221070638657,-6,0,,-0.27586205945303244,36772.00476190477,8401.8,151557.80000000002,5213,6,1
-0.14469818858969064,-0.516128828541402,6,6,,0.3181818037190089,22062.468965517244,-2052.2,136010.2,5213,7,1
0.16512313875345594,-0.0946755607327631,0,0,,0.2222222098765439,45595.75000000001,20729.8,165864.80000000002,5213,8,1
-0.14425061134608905,-0.21005836511346096,0,0,,-0.09999999500000024,50363.98888888889,27829.8,112766.8,5213,9,1
0.1694584066870682,0.6629167389642819,0,0,,-0.1666666597222225,63756.59500000001,46462.2,151215.8,5213,10,1
-0.14446467648752845,-0.4338272603829045,0,0,,0.3333333148148158,38340.22083333333,5245.2,116277.79999999999,5213,11,1
0.7439771840361912,0.6425496433994646,0,0,,1.5714283469388075,67718.23888888888,30745.2,185740.0,5213,12,1
-0.13607982950772396,-0.7766838741291101,7,8,,0.333333319444445,3442.9093749999997,-9860.9,54237.4,7418,0,1
-0.034736373066238446,-0.3704409347062803,1,1,,0.14285713605442207,15417.199999999999,-3485.4,56443.8,7418,1,1
0.02971868176455518,0.19372830003526054,0,0,,-0.045454543388429844,24488.885714285716,9406.4,51743.799999999996,7418,2,1
0.021792144450382248,-0.2355512389912083,0,0,,-0.08333332986111125,20514.622727272723,1942.2,54129.799999999996,7418,3,1
-0.15406621760555564,-0.08252701473889698,0,0,,0.04347825897920613,26835.837500000005,11505.8,52743.8,7418,4,1
0.256333096343882,-0.08560519754710462,0,0,,-0.07999999680000013,29249.7304347826,14294.8,66529.2,7418,5,1
-0.1385481665438616,-0.31355716372728143,0,0,,0.6666666222222252,31988.076,8322.5,82951.8,7418,6,1
2.621046811486605,2.5391869447494826,0,0,,1.99999960000008,46599.76666666667,20678.0,16600.0,7418,7,1
0.15153408301851715,0.11440876353621553,0,0,,-0.09090908677685969,53587.47500000001,39009.8,60226.2,2352,0,0
-0.13509370104277368,-0.1643380909268282,0,0,,-0.04347825897920613,48086.01363636364,29896.8,33660.799999999996,2352,1,0
0.16488056222580424,-0.023614676627199554,0,0,,-0.2333333255555558,57542.42608695653,29300.8,101980.8,2352,2,0
-0.1429871721047616,-0.1478829147886562,0,0,,0.3043478128544429,58934.136666666665,43189.7,74240.8,2352,3,0
0.16834677419080685,0.33756893493867884,0,0,,0.045454543388429844,69162.01739130437,52947.7,51160.799999999996,2352,4,0
-0.14223652026493255,-0.04913352391370282,0,0,,0.0,51707.25454545455,36015.7,42700.799999999996,2352,5,0
0.061022767188612624,0.10469850783726992,0,0,,-0.18518517832647488,54379.09090909092,38441.4,71440.8,2352,6,0
0.31747813962677285,0.004617351987140274,0,0,,0.07999999680000013,49225.27777777777,33024.3,58540.799999999996,2352,7,0
-0.16515357265434857,-0.0017492846577053184,0,0,,0.13636363016528952,48999.032,38888.3,74036.79999999999,2352,8,0
-0.1419277226387191,-0.06139653318986788,0,0,,0.0,49084.895454545454,39154.9,57306.799999999996,2352,9,0
0.16686960949826546,0.27770795343591476,0,0,,-0.3124999902343753,52295.66818181817,41663.6,60239.799999999996,2352,10,0
-0.1430146091977108,-0.2402604780243339,0,0,,0.18518517832647488,40929.28125,30503.6,64280.8,2352,11,0
0.16462839483177735,0.010951139023779156,0,0,,0.07999999680000013,53872.781481481485,42948.8,73400.79999999999,2352,12,0
-0.14034210585086246,0.016805515320120066,0,0,,0.47058820761245834,53289.204000000005,43922.5,63580.799999999996,2352,13,0
0.15002464172617686,0.8602888552085206,0,0,,1.1249998593750177,52408.45294117647,37789.8,64748.6,2352,14,0
-0.13416128649065054,-0.6470478776921116,1,1,,-0.09999999500000024,7473.350000000001,-10385.3,50843.799999999996,19,0,1
-0.030477364199712788,-0.04734009167721552,0,0,,0.11111110493827195,21173.835000000003,6733.7,55343.799999999996,19,1,1
0.03033083875432238,0.11624790450931802,0,0,,-0.24999998958333375,22226.016666666663,6855.6,46443.8,19,2,1
0.023121505968004247,0.31660791911197833,0,0,,0.14285713605442207,19911.3625,3795.4,54231.700000000004,19,3,1
-0.15499078074011174,-0.2796886393374663,0,0,,0.0,15123.228571428574,715.0,55543.799999999996,19,4,1
0.2567351396731149,-0.30211022670282894,0,0,,-0.045454543388429844,20995.404761904767,3592.7,65829.2,19,5,1
-0.13800032464800224,-0.33864941250939834,0,0,,0.8333332638888947,30084.127272727274,16742.0,88351.8,19,6,1
2.6052349504345886,2.671555867430896,0,0,,1.999999500000125,45488.92500000001,20633.1,16600.0,19,7,1
-0.1407013686904593,0.32351275862242523,0,0,,-0.18181817355371938,79742.08888888889,48276.8,77457.79999999999,67,0,0
0.11227277439254849,0.1676403082601911,0,0,,-0.04347825897920613,60250.33636363636,35809.1,104578.79999999999,67,1,0
-0.09918921591178045,0.24243352125143558,0,0,,0.045454543388429844,51600.08260869565,25764.4,104261.8,67,2,0
0.16542911123942453,-0.01317258211146789,0,0,,0.04761904535147403,41531.46363636363,24429.5,111280.8,67,3,0
-0.1421124787087206,-0.06958809217730312,0,0,,0.04999999750000012,42085.84285714285,25408.6,116518.79999999999,67,4,0
0.16587415609697537,0.04702317448804799,0,0,,-0.04761904535147403,45233.56000000001,21154.8,108257.8,67,5,0
-0.14140036256934657,-0.09137129947161635,0,0,,0.10526315235457093,43202.06190476192,21046.3,109735.8,67,6,0
0.16478228259945898,0.14431451671028425,0,0,,-0.23999999040000036,47546.44210526316,26586.6,121874.2,67,7,0
-0.14379988006412198,-0.26225563793964696,0,0,,0.0,41550.151999999995,22495.2,151057.8,67,8,0
0.7458764829316502,-0.0032302233105127543,0,0,,0.13636363016528952,56320.528,26833.8,145273.8,67,9,0
-0.4266571447358648,0.15212036571005652,0,0,,-0.08333332986111125,56503.04545454546,32092.5,114157.8,67,10,0
0.16478899462176763,-0.15031980151072497,0,0,,0.3333333148148158,49042.658333333326,17413.7,152857.8,67,11,0
-0.14117964350370385,-0.15768323046096677,0,0,,0.9999998888889013,57718.96111111112,32631.6,144905.2,67,12,0
2.4538658449288016,2.19533949887434,0,0,,3.499998250000875,68524.05555555556,31990.0,81300.0,67,13,0
-0.3186776636518214,0.025362772437906956,0,0,,-0.19047618140589612,85082.34705882352,55402.2,152659.2,5794,0,0
-0.17400357322465085,0.18815009470654354,0,0,,0.0,82977.8,63056.1,173153.80000000002,5794,1,0
3.3898048146927575,1.2103485751364595,0,0,,0.23529410380622917,69837.80952380954,41788.2,173738.80000000002,5794,2,0
0.014609836114980587,0.12177371437686345,0,0,,0.3076922840236705,31595.835294117645,21456.5,50925.799999999996,5794,3,0
0.5606269325426531,0.5013889701969407,0,0,,0.1818181652892577,28165.961538461535,12571.6,34520.8,5794,4,0
1.2028874142076613,0.062056125190251346,0,0,,0.09999999000000101,18759.936363636367,10633.1,25728.799999999996,5794,5,0
-0.3411207935769062,-0.23553232925493248,0,0,,-0.09090908264462885,17663.79,11494.5,10043.800000000001,5794,6,0
0.29143740543957564,0.40119416233372346,0,0,,0.09999999000000101,23106.000000000004,11322.1,23243.8,5794,7,0
2.9518908614641,0.21987930414972948,0,0,,0.11111109876543349,16490.219999999998,10286.7,4543.799999999999,5794,8,0
0.04439006539715737,-0.09159317573515686,0,0,,-0.09999999000000101,13517.91111111111,12215.9,443.80000000000007,5794,9,0
0.008138703800027796,-0.022121023124989227,0,0,,-0.09090908264462885,14880.9,12888.4,3043.7999999999997,5794,10,0
-0.9564422279212776,-0.6867454247667035,0,0,,-0.5217391077504736,15217.527272727275,13020.0,5043.8,5794,11,0
-0.2156649918025291,-0.11634664503639269,0,0,,1.0909089917355463,48578.78695652173,17870.7,125360.8,5794,12,0
0.1610725507678755,-0.021592447050610964,0,0,,-0.09523809070294806,32820.700000000004,20139.8,69786.2,8411,0,0
-0.14117988560854522,0.04991876403682923,0,0,,-0.045454543388429844,33545.01904761905,22490.6,52000.799999999996,8411,1,0
0.1662038202033799,0.19281923016791475,0,0,,-0.04347825897920613,31950.109090909085,21238.8,66200.8,8411,2,0
-0.14151354645889472,-0.02763182690414194,0,0,,0.14999999250000037,26785.373913043477,15424.6,52300.799999999996,8411,3,0
0.16561420338048863,0.1711912364245393,0,0,,-0.04761904535147403,27546.534999999996,15713.4,51881.799999999996,8411,4,0
-0.14244711029692722,-0.13625988058070426,0,0,,0.0,23520.1,12905.8,59200.799999999996,8411,5,0
0.16729858886295565,0.2876495823056841,0,0,,-0.045454543388429844,27230.52857142857,16422.1,59200.799999999996,8411,6,0
0.19595644574567359,-0.10201781625767332,0,0,,0.0,21147.468181818178,8856.1,57700.799999999996,8411,7,0
-0.16741690707475848,-0.16000972773903652,0,0,,0.0,23549.986363636363,10940.5,71600.79999999999,8411,8,0
-0.1503064447314062,-0.08477308510336479,0,0,,-0.04347825897920613,28036.02272727272,15781.2,65900.79999999999,8411,9,0
0.1768280749743146,0.08737105165492233,0,0,,-0.11538461094674572,30632.86521739131,17109.9,65600.79999999999,8411,10,0
-0.14223857894507366,-0.12507480702298873,0,0,,0.03999999840000006,28171.492307692308,15102.4,67053.8,8411,11,0
0.11398528825910156,0.068255893021509,0,0,,-0.07407407133058995,32198.744,17503.9,66200.8,8411,12,0
-0.10851488928342443,-0.3971382328104466,0,0,,0.07999999680000013,30141.414814814816,11681.7,88500.8,8411,13,0
0.16734407681820243,-0.15890618086609007,0,0,,0.9230768520710114,49997.224,30887.9,96600.8,8411,14,0
5.0,1.2857925144912914,-3,2,,0.3333333111111126,16230.605,-3072.8,46845.899999999994,4462,0,1
-0.4008245929228257,-0.390540003092831,5,5,,0.3636363305785154,7100.6466666666665,-2710.5,31008.2,4462,1,1
-0.1324834853145432,0.7236221984100781,-4,0,,-0.15384614201183525,11650.718181818182,8535.4,6904.6,4462,2,1
0.12270824029993634,-0.3347080822270622,4,4,,0.1818181652892577,6759.4384615384615,-1852.8,40012.3,4462,3,1
-0.4927709162448357,-0.49795028942481406,0,0,,-0.47619045351474026,10160.109090909093,4112.0,18390.0,4462,4,1
0.04211208680617744,-0.4796731281291117,0,0,,0.615384568047341,20237.257142857143,1146.9,92863.0,4462,5,1
0.523663334327376,0.1377612253279222,0,0,,0.1818181652892577,38893.353846153856,19757.4,41928.0,4462,6,1
-0.23243290818719228,-0.20813241641211686,0,0,,0.57142848979593,34184.10909090909,24255.7,41981.0,4462,7,1
0.40820281688990967,1.8276618838478451,0,0,,1.333332888889037,43168.97142857143,27900.0,50600.0,4462,8,1
0.16407516364315303,0.1970538430366474,0,0,,-0.07142856632653098,79242.02307692307,55888.6,121729.2,7614,0,0
-0.14185018464008917,0.1058998030457731,0,0,,0.0,66197.54285714285,52243.8,84267.8,7614,1,0
0.1665000744686437,0.2599801234436457,0,0,,-0.3333333174603182,59858.53571428572,39913.7,123743.8,7614,2,0
-0.1433715383351168,-0.23901834000100797,0,0,,0.3124999804687512,47507.5238095238,29414.2,116484.8,7614,3,0
0.7416611833688874,0.05019990318070653,0,0,,0.23076921301775286,62429.2625,47013.0,107443.8,7614,4,0
-0.42597385111132074,-0.12156385325690852,0,0,,-0.07142856632653098,59445.123076923075,44758.4,109943.8,7614,5,0
0.16721974815078436,0.32158988246284886,0,0,,-0.17647057785467188,67671.53571428571,51681.7,118243.8,7614,6,0
-0.1438802917775032,-0.2521857452372722,0,0,,0.0,51204.64117647059,28563.2,90443.79999999999,7614,7,0
0.16605673367535223,-0.0696602306380056,0,0,,0.3076922840236705,68472.40588235293,40669.8,140583.8,7614,8,0
-0.14119310606863,0.2748528336786868,0,0,,-0.23529410380622917,73599.35384615386,44791.7,81243.8,7614,9,0
0.16498713709880888,-0.0065992784693384805,0,0,,-0.2608695538752368,57731.64705882353,34876.6,111450.79999999999,7614,10,0
-0.14299732659594946,-0.2587543620129316,0,0,,-0.041666664930555625,58115.16521739131,33264.2,125107.8,7614,11,0
0.1685942850699116,0.6022597725594464,0,0,,0.3333333148148158,78402.03333333333,45542.4,156467.8,7614,12,0
-0.14209593491332947,-0.26789310807607997,0,0,,0.636363578512402,48932.161111111105,31632.4,93768.79999999999,7614,13,0
0.7450183066609399,0.8009111207170222,0,0,,0.8333331944444675,66837.45454545453,48618.0,139700.0,7614,14,0
0.0638748351568713,-0.07315616232025576,0,0,,0.05882352595155729,50282.177777777775,29270.2,83318.0,3608,0,0
-0.19174778922260394,-0.13215570083394768,0,0,,-0.10526315235457093,54250.970588235294,33421.7,62162.0,3608,1,0
-0.4474847272089494,-0.13368640616948305,0,0,,-0.3448275743162905,62512.331578947356,31571.2,128866.0,3608,2,0
1.054620906352852,0.31052642838768946,0,0,,0.8124999492187531,72159.01034482759,34335.8,177636.0,3608,3,0
0.6308164126493633,0.3401311110740993,0,0,,0.0,55061.08750000001,28739.9,22962.0,3608,4,0
0.39975582218605415,-0.011804711241347805,0,0,,0.14285713265306196,41086.34375,29280.9,25362.0,3608,5,0
-0.23822800557146948,0.281377090924178,0,0,,-0.06666666222222252,41577.15000000001,35824.4,32062.0,3608,6,0
0.14947742561075514,-0.34164700654012864,0,0,,-0.06249999609375024,32447.240000000005,20138.0,21162.0,3608,7,0
-0.6667425180938862,-0.10637527805034118,0,0,,-0.27272726033057904,49285.475,29756.5,73362.0,3608,8,0
3.0814135658084467,0.5231439291538628,0,0,,0.37499997656250145,55152.31818181817,26778.8,78369.0,3608,9,0
0.49430384476484995,0.4748357611003324,0,0,,0.14285713265306196,36209.525,27771.5,19438.0,3608,10,0
-0.5407008687772419,-0.2017385678003874,0,0,,-0.3333333174603182,24551.564285714285,17741.3,16862.0,3608,11,0
-0.4056483914533556,-0.1276409039198349,0,0,,0.0,30756.29523809523,19981.7,49485.0,3608,12,0
2.2722658417641424,0.5539319129784833,0,0,,0.3124999804687512,35256.461904761905,21574.0,71681.0,3608,13,0
-0.5047259330822609,0.250667072619522,0,0,,-0.05882352595155729,22688.550000000003,17694.4,20462.0,3608,14,0
0.14093326500375417,0.3198104865390676,0,0,,-0.24999998437500096,96235.44166666665,77476.3,77078.2,940,0,0
-0.14375611320170206,-0.02918048895806848,0,0,,-0.05882352595155729,72916.10625,45208.6,93115.79999999999,940,1,0
0.08723806879668214,0.05288517024936219,0,0,,0.13333332444444504,75107.78823529412,54340.8,116943.80000000002,940,2,0
-0.05998644136897173,-0.07740561224279732,0,0,,0.0,71335.21333333333,41224.5,119753.8,940,3,0
0.1447108966890173,0.1344698958543514,0,0,,0.07142856632653098,77320.23333333335,60745.8,109243.8,940,4,0
-0.12692898632095237,-0.12027734289692907,0,0,,-0.12499999218750048,68155.38571428573,48936.3,89043.8,940,5,0
0.1641806672265654,-0.08246072365955197,0,0,,-0.05882352595155729,77473.71875,37890.0,153114.8,940,6,0
0.10072944328829837,0.3212471516602925,0,0,,-0.055555552469135974,84436.40588235293,60329.5,108183.8,940,7,0
-0.12433507562687422,-0.06557342026118915,0,0,,-0.05263157617728546,63906.59444444444,34415.5,101073.80000000002,940,8,0
-0.10867862296352258,-0.13443798505801655,0,0,,0.11764705190311459,68391.24210526317,44574.4,103883.79999999999,940,9,0
0.16494896675883952,0.14627591826574604,0,0,,0.0,79013.68235294118,52106.8,113551.8,940,10,0
-0.14139184471504052,-0.061196861393389014,0,0,,-0.10526315235457093,68930.7705882353,36994.1,127057.8,940,11,0
0.1678350457675856,0.1661007472515108,0,0,,0.18749998828125072,73424.09473684209,48880.2,108343.79999999999,940,12,0
-0.14200798011100935,0.2120896149616143,0,0,,-0.23809522675737013,62965.48125,45987.7,97643.8,940,13,0
0.16575188539383975,-0.24986034571189855,0,0,,1.099999890000011,51947.8761904762,29633.6,141024.8,940,14,0
-0.07834581329356013,0.2789786100079559,0,0,,-0.2857142653061239,38426.62000000001,31315.8,12060.0,8547,0,0
0.10573284257064293,0.49139839949872177,0,0,,0.07692307100591762,30044.77142857143,15912.0,16890.0,8547,1,0
-0.18701306519998157,-0.028732716590259038,0,0,,-0.38095236281179223,20145.369230769233,16456.2,3390.0,8547,2,0
-0.7679404628702089,-0.5971634540698738,0,0,,-0.15999999360000025,20741.323809523805,9496.9,41309.0,8547,3,0
0.7125145955276341,-0.1799661335885211,0,0,,0.2499999875000006,51488.187999999995,21247.2,122574.0,8547,4,0
-0.5206652991654476,-0.2020370152864381,0,0,,-0.2592592496570648,62787.87999999999,38352.7,81428.0,8547,5,0
1.010189178179664,0.6013708743759625,0,0,,0.4210526094182837,78685.20370370371,43513.7,172214.0,8547,6,0
-0.4043439838638389,-0.1180433202848869,0,0,,-0.23999999040000036,49136.15263157895,33712.7,72290.0,8547,7,0
-0.0994486719517765,-0.36922616451787466,0,0,,0.0,55712.66,4571.7,95829.0,8547,8,0
-0.38735783847280847,0.2837404979885014,0,0,,0.0,88324.304,27838.2,175711.0,8547,9,0
0.46437572290954254,0.1236150695925702,0,0,,-0.21874999316406274,68802.304,33030.6,258198.0,8547,10,0
0.03189145992812451,0.06857753122724829,0,0,,0.032258063475546335,61232.984375,32950.6,183303.0,8547,11,0
-0.06891363290122203,-0.13000172458240208,0,0,,0.7222221820987677,57303.26774193547,18865.3,169050.0,8547,12,0
1.9119737858069443,0.024366013068804905,0,0,,0.055555552469135974,28346.34736842105,17699.0,27762.2,5422,0,0
-0.8281607330015222,-0.11580800799010135,0,0,,-0.24999998958333375,27672.088888888888,18337.8,15204.8,5422,1,0
1.8697158808264627,1.0233311830408203,0,0,,0.3333333148148158,31296.470833333336,13371.3,69790.79999999999,5422,2,0
-0.5206988915238535,-0.4763611022268409,0,0,,-0.21739129489603065,15467.794444444444,10262.1,13804.800000000001,5422,3,0
-0.40293903247128576,-0.4741743290494298,0,0,,-0.11538461094674572,29539.047826086957,15116.4,65258.799999999996,5422,4,0
-0.11464920071573954,0.6870813596168679,0,0,,-0.037037035665294975,56176.50384615384,26971.1,129965.8,5422,5,0
-0.13442668884614656,-0.43847576704121055,0,0,,-0.24999999305555576,33298.04074074075,8621.6,108547.8,5422,6,0
-0.2910438947508708,-0.08584923318187225,0,0,,0.12499999609375013,59299.38333333333,20879.0,161507.80000000002,5422,7,0
0.5319589527037296,0.09371247481639883,0,0,,0.27999998880000043,64868.274999999994,9207.0,205072.80000000002,5422,8,0
-0.4180836214103596,-0.3023941302911047,0,0,,-0.2424242350780535,59310.172,19110.0,158120.8,5422,9,0
0.5673574585666709,0.6302174277061523,0,0,,0.17857142219387778,85019.59999999999,33112.1,270404.8,5422,10,0
-0.11601122060639112,-0.08358410384754351,0,0,,-0.22222221604938291,52152.30714285715,12902.1,146204.8,5422,11,0
0.2956962891009634,-0.22071097112094756,0,0,,0.19999999333333354,56908.994444444455,21248.3,219176.8,5422,12,0
-0.38833525201916314,0.19630060425317347,0,0,,-0.06249999804687507,73026.81333333332,30129.3,158325.8,5422,13,0
2.6186341206310124,0.38727241012641694,0,0,,0.10344827229488716,61043.865625,16906.2,206133.8,5422,14,0
0.1638219118107235,-0.1487580794213614,0,0,,-0.05882352595155729,38532.8125,24555.5,105178.20000000001,9645,0,0
-0.14225784336013958,3.7442994664343123e-05,0,0,,0.06249999609375024,45266.58235294118,23834.7,107853.8,9645,1,0
0.1666907894219805,0.21925059893312732,0,0,,-0.23809522675737013,45264.8875,23135.7,95712.79999999999,9645,2,0
-0.1434208712563373,-0.24402238211671234,0,0,,0.23529410380622917,37125.17142857143,23009.1,106238.8,9645,3,0
0.7437437508516783,-0.009670892617320069,0,0,,0.06249999609375024,49108.82352941177,26667.8,92192.8,9645,4,0
-0.4265820441330098,-0.008431555257224783,0,0,,0.0,49588.3875,29276.4,104384.79999999999,9645,5,0
0.16650303386469767,0.18702736134926942,0,0,,-0.15789472853185638,50010.05,27254.8,95200.79999999999,9645,6,0
-0.14287811095057565,-0.11151298963186787,0,0,,-0.04999999750000012,42130.49473684211,23004.1,82492.8,9645,7,0
0.12921769396393054,0.12615008075859088,0,0,,0.17647057785467188,47418.244999999995,28020.3,115288.8,9645,8,0
-0.11467805770697136,-0.2711703400744623,0,0,,0.13333332444444504,42106.50588235294,24576.2,86430.79999999999,9645,9,0
0.158147711403575,0.4237280547492456,0,0,,0.8749998906250137,57772.76666666667,35138.6,137557.6,9645,10,0
-0.46949557471815884,-0.30650130185062013,0,0,,-0.38095236281179223,47060.369230769225,34348.7,15783.0,9006,0,0
-0.30670920839500115,-0.027827890200121243,0,0,,-0.15999999360000025,67859.34761904759,42164.4,160581.0,9006,1,0
0.8474533421815548,0.08051421077840949,0,0,,0.19047618140589612,69801.784,27230.8,134105.0,9006,2,0
-0.4441157217433693,0.07313194765218092,0,0,,-0.045454543388429844,64600.523809523824,34079.7,116370.0,9006,3,0
-0.10510888501684933,0.0440978452903142,0,0,,-0.08333332986111125,60198.118181818165,31365.7,111213.0,9006,4,0
0.6541369633992106,0.30467804677011656,0,0,,0.3333333148148158,57655.62916666667,23867.9,141244.0,9006,5,0
2.054167193778112,0.8745936465446708,0,0,,0.05882352595155729,44191.4611111111,23460.0,87786.0,9006,6,0
-0.6649936836922861,-0.5939234729739573,0,0,,-0.2608695538752368,23573.888235294115,8604.9,35313.0,9006,7,0
0.20688957267160385,0.2875404136373041,0,0,,0.14999999250000037,58052.82173913043,33979.8,88113.0,9006,8,0
4.536596928632504,0.9159682930665037,0,0,,0.17647057785467188,45088.155000000006,13772.4,75152.0,9006,9,0
-0.6623326403188704,-0.2628526174739448,0,0,,-0.14999999250000037,23532.829411764706,16462.8,19413.0,9006,10,0
-0.617574708087718,-0.44733440427030374,0,0,,-0.3103448168846615,31924.185000000005,18205.2,41013.0,9006,11,0
-0.4470974817934176,-0.06280095964589773,0,0,,0.0,57764.017241379304,22057.5,201135.0,9006,12,0
0.10503446500257453,-0.11052645679272652,0,0,,-0.033333332222222255,61634.737931034484,25766.6,203702.0,9006,13,0
0.01249156507037863,-0.0673417927713896,0,0,,-0.09090908815427007,69293.50333333333,35932.7,181176.0,9006,14,0
0.16098349214254523,0.17314497366631787,0,0,,-0.1666666574074079,82898.95999999999,60694.4,121293.0,2572,0,0
-0.1398599774613535,0.11881966181619845,0,0,,-0.05263157617728546,70663.86666666665,55148.8,114488.0,2572,1,0
0.16528270893883845,0.15354168533763551,0,0,,-0.26923075887574005,63159.30000000001,46335.9,140814.0,2572,2,0
-0.14373468501002898,-0.2453001367255745,0,0,,0.18181817355371938,54752.50769230769,28310.8,140506.0,2572,3,0
0.642120863894534,0.5614893474784711,0,0,,0.15789472853185638,72548.71818181816,50147.4,137710.0,2572,4,0
-0.41673851794164285,-0.10014683289428492,0,0,,-0.09523809070294806,46461.23157894737,19331.7,107101.0,2572,5,0
0.15970831212533018,0.10117587016070817,0,0,,-0.045454543388429844,51632.01428571428,13118.5,186651.0,2572,6,0
-0.09835535819693711,-0.19550592682443518,0,0,,-0.04347825897920613,46888.072727272716,14176.3,91829.0,2572,7,0
0.15936494014257244,-0.33994842036946726,0,0,,0.35294115570934376,58282.68260869566,33779.3,159320.0,2572,8,0
-0.137809970075055,0.29728591806356885,0,0,,-0.14999999250000037,88300.19411764704,55702.4,153278.0,2572,9,0
0.08066440718704468,1.4102309940548696,0,0,,-0.3749999882812504,68065.32999999999,38927.9,150867.0,2572,10,0
-0.07321206925450187,-0.4761584758336478,0,0,,0.27999998880000043,28240.168749999997,730.1,123461.6,2572,11,0
0.16644241556935077,0.0360405966007294,0,0,,0.2499999875000006,53909.75600000001,21344.8,186400.0,2572,12,0
-0.14358125749851108,-0.11694575898635637,0,0,,-0.1304347769376184,52034.40499999999,21447.3,139458.0,2572,13,0
0.1664913698453835,-0.07862891670250476,0,0,,0.6428570969387788,58925.49130434784,25430.8,193954.0,2572,14,0
0.12196146494231519,0.5710983766434573,0,0,,-0.03999999840000006,32912.88333333333,16553.4,57514.2,1766,0,0
-0.10850844254368593,-0.04946027545464982,0,0,,0.0,20948.964000000004,10309.7,46588.799999999996,1766,1,0
0.1656253119383473,-0.03472564353811764,0,0,,-0.10714285331632667,22039.02,10162.5,70468.8,1766,2,0
-0.14296216491902466,-0.1663956593621444,0,0,,0.07692307396449716,22831.87142857143,10980.0,61528.799999999996,1766,3,0
0.1671255734896752,0.30676547478680344,0,0,,0.1304347769376184,27389.33846153846,16495.2,61399.799999999996,1766,4,0
-0.14260860732838138,-0.1164805534577414,0,0,,-0.07999999680000013,20959.64347826087,10056.5,49525.799999999996,1766,5,0
0.1659160962641911,0.05285340763911061,0,0,,-0.16666666111111128,23722.900000000005,15220.3,66925.79999999999,1766,6,0
-0.1425852728056429,-0.0016002906754202463,0,0,,0.11111110699588492,22532.00666666666,12425.3,60648.799999999996,1766,7,0
0.7414670250093094,-0.07347848064859326,0,0,,0.07999999680000013,22568.122222222228,11253.4,68888.8,1766,8,0
-0.426747700112127,-0.1881754038578928,0,0,,-0.10714285331632667,24357.904,16481.6,64788.8,1766,9,0
0.16623884135619074,0.06614927163665528,0,0,,-0.034482757431629055,30003.900000000005,19111.3,65248.799999999996,1766,10,0
-0.1440004047655022,-0.223142399509097,0,0,,-0.12121211753902675,28142.306896551738,18227.7,49548.8,1766,11,0
0.16475306739666734,-0.0890122360357978,0,0,,0.13793102972651622,36225.82424242424,12845.5,85468.8,1766,12,0
-0.14196120016900587,-0.08209310894793195,0,0,,0.035714284438775556,39765.43448275862,30218.7,66328.79999999999,1766,13,0
0.16418999947583496,0.06244704063703688,0,0,,-0.09677419042663901,43321.8607142857,29974.6,63168.799999999996,1766,14,0
-0.5431718251905121,-0.6102422270496589,0,0,,-0.26666665777777804,21355.33636363636,13936.3,26329.800000000003,2322,0,0
-0.8082279722140682,-0.36846398356732635,0,0,,-0.14285713877551032,54791.303333333344,22953.3,96792.79999999999,2322,1,0
0.57524818568631,0.4554219998990916,0,0,,0.2962962853223598,86758.79428571428,48316.6,261383.80000000002,2322,2,0
0.34777323831164564,-0.011737051876043219,0,0,,0.07999999680000013,59610.74814814815,25410.4,90383.8,2322,3,0
2.1622881725782137,1.4778127943035522,0,0,,-0.03846153698224858,60318.712,33855.8,100406.8,2322,4,0
-0.6383415151906898,-0.581834099700939,0,0,,-0.10344827229488716,24343.530769230765,15219.9,35483.8,2322,5,0
0.5751625307016266,0.6937635901376555,0,0,,0.15999999360000025,58215.00689655174,24204.6,94725.8,2322,6,0
0.9518922612595466,0.3485430580467267,0,0,,-0.03846153698224858,34370.208000000006,15843.3,63683.799999999996,2322,7,0
-0.6072867937204467,-0.2223284185176511,0,0,,-0.1612903173777317,25486.91923076923,9770.7,46935.8,2322,8,0
-0.4854253002710445,-0.3376282063100692,0,0,,-0.11428571102040827,32773.37096774192,13615.7,95869.2,2322,9,0
1.0855800326364426,0.09039604904043497,0,0,,0.16666666111111128,49478.81428571429,21891.3,149586.80000000002,2322,10,0
-0.6130053716995545,-0.22166433052018256,0,0,,-0.09090908815427007,45376.92,27370.5,98058.8,2322,11,0
0.3738440264914452,0.19356753313697514,0,0,,0.49999997727272827,58299.93636363636,32817.2,202583.8,2322,12,0
0.15974545996323522,-0.06307918843702959,0,0,,-0.06666666222222252,50570.15714285714,41450.0,44555.2,1698,0,0
-0.1419731760471798,-0.09474359987198858,0,0,,-0.1666666574074079,53974.846666666665,42806.5,54269.799999999996,1698,1,0
0.06356733869229111,0.2991746721613244,0,0,,-0.09999999500000024,59623.82222222221,49298.7,53369.8,1698,2,0
0.3149483423219749,0.00031261999335995596,0,0,,0.11111110493827195,45893.615,35745.2,44609.799999999996,1698,3,0
-0.16452519436155158,0.01994410220171571,0,0,,0.12499999218750048,45879.272222222215,36247.5,46247.8,1698,4,0
-0.14193023468128754,-0.1033149527120439,0,0,,0.0,44982.14375,35697.7,41989.8,1698,5,0
0.16686158905028894,0.2584334156922855,0,0,,-0.11111110493827195,50164.93125,41218.2,55429.799999999996,1698,6,0
-0.14205062749257333,-0.06273134370322199,0,0,,-0.14285713605442207,39862.99999999999,29313.2,44769.799999999996,1698,7,0
0.1640223908896752,-0.0402906774500423,0,0,,0.39999997333333515,42531.028571428564,30434.8,51109.8,1698,8,0
-0.13926268261971103,-0.005874884286302472,0,0,,0.6666665925926009,44316.573333333334,30209.7,61175.2,1698,9,0
2.3774304687483174,2.289600039187563,0,0,,1.9999993333335555,44578.46666666667,19876.6,38000.0,1698,10,0
0.15866590649619922,0.12067107248406278,0,0,,0.0,81982.69230769228,72233.9,48629.2,10001,0,0
-0.1412544762732687,-0.03304661714092182,0,0,,-0.13333332444444504,73155.0,65700.8,46243.799999999996,10001,1,0
0.1663774027396854,0.21272799551682828,0,0,,-0.1666666574074079,75655.14666666667,69410.2,52743.799999999996,10001,2,0
0.19549766788179973,-0.07277714895373855,0,0,,0.3846153550295881,62384.266666666656,50008.4,44743.799999999996,10001,3,0
-0.1622588248717833,0.14779965649838833,0,0,,-0.07142856632653098,67280.76923076923,60740.9,42543.799999999996,10001,4,0
-0.14018819611770533,0.08010123969785855,0,0,,0.0,58617.17142857143,51862.1,47443.799999999996,10001,5,0
0.16620618324100725,0.15853635291897403,0,0,,-0.12499999218750048,54270.07142857143,46649.9,48943.799999999996,10001,6,0
-0.1411506440619745,-0.0077392239850877405,0,0,,-0.11111110493827195,46843.649999999994,39608.9,40343.8,10001,7,0
0.16538443404106432,0.12410895576777942,0,0,,0.2857142653061239,47209.01111111112,37608.3,54843.8,10001,8,0
-0.14173893307608176,-0.022025155693763877,0,0,,-0.17647057785467188,41996.82857142857,36192.2,42843.799999999996,10001,9,0
0.16509887442496424,0.007647290252222172,0,0,,-0.055555552469135974,42942.64705882353,33942.3,62743.799999999996,10001,10,0
-0.14220630331936832,-0.11336027344442867,0,0,,-0.05263157617728546,42616.74444444444,34032.8,45343.8,10001,11,0
0.16825524641813075,0.07525476560858596,0,0,,0.8999999100000091,48065.45789473684,39805.0,59243.799999999996,10001,12,0
0.16953118618088697,0.8938664456425608,0,0,,0.99999980000004,44701.46000000001,35024.2,35300.0,10001,13,0
0.14540156179069136,-0.11739480786584686,0,0,,-0.23809522675737013,14339.3125,4052.3,37021.2,8680,0,0
-0.17041846904937347,-0.1791093004711492,0,0,,0.0,16246.57619047619,4646.8,41935.799999999996,8680,1,0
0.16633657244814354,0.002878677613056519,0,0,,0.0,19791.4,7222.6,42735.799999999996,8680,2,0
-0.11280426887098169,0.16123323737217807,0,0,,0.10526315235457093,19734.590476190475,8511.8,39435.799999999996,8680,3,0
0.12250727285651294,-0.029073485733946,0,0,,-0.09523809070294806,16994.51052631579,3878.2,29071.8,8680,4,0
-0.09848291119096375,-0.10561989488482533,0,0,,0.10526315235457093,17503.395238095243,3811.0,45735.799999999996,8680,5,0
0.16512879972087133,0.013597561580400373,0,0,,-0.09523809070294806,19570.421052631584,7204.9,37535.8,8680,6,0
0.07531119919541968,-0.2621906304876291,0,0,,0.04999999750000012,19307.880952380947,7478.6,48835.799999999996,8680,7,0
-0.07565158899614909,-0.10730488540048971,0,0,,-0.04761904535147403,26169.2,13243.2,44135.8,8680,8,0
-0.13974890935063322,-0.21780743797399102,0,0,,0.7499999375000053,29314.823809523805,16890.6,44135.8,8680,9,0
0.40333796168152614,0.800890121886058,0,0,,0.7142856122449125,37477.75833333334,28590.0,42600.0,8680,10,0
-0.7307569262762479,0.013119919621240006,0,0,,-0.34782607183364905,73343.44666666668,56166.5,87158.80000000002,8127,0,0
1.855871370533372,0.09886704864934558,0,0,,0.0,72393.64782608695,33415.7,172458.80000000002,8127,1,0
-0.6768680914784213,-0.2139031573836595,0,0,,-0.17857142219387778,65880.2608695652,44123.2,108678.8,8127,2,0
0.8498317993740594,0.07231337622105607,0,0,,0.3333333174603182,83806.79999999997,40338.1,234033.8,8127,3,0
0.10374886786191775,0.4946593222121312,0,0,,0.10526315235457093,78155.13809523812,55919.2,122865.8,8127,4,0
0.8509390056391568,-0.11399043359708232,0,0,,-0.04999999750000012,52289.6,36810.0,71244.79999999999,8127,5,0
-0.7212247162604583,-0.3118746199601369,0,0,,-0.23076922189349144,59016.96999999999,31324.1,79058.79999999999,8127,6,0
0.7195646330663042,0.27540081333518995,0,0,,0.23809522675737013,85764.85,39164.6,218458.8,8127,7,0
0.7838556345235621,0.2896417699195051,0,0,,-0.08695651795841226,67245.40952380953,44564.6,133158.8,8127,8,0
-0.6094938258753326,-0.2186075510726821,0,0,,-0.3428571330612248,52142.704347826075,28869.5,122358.8,8127,9,0
4.237929106792891,0.37637576541854284,0,0,,1.0588234671280312,66730.49428571429,20857.3,186728.8,8127,10,0
-0.7518208573590394,-0.2990174249056094,0,0,,-0.2916666545138894,48482.75882352942,20927.3,76756.79999999999,8127,11,0
-0.17838240524808519,-0.17812518501422156,0,0,,0.4117646816609011,69164.0,27625.4,165579.8,8127,12,0
2.6390818858072094,1.7910827266865637,0,0,,3.2499991875002032,84153.93529411766,32306.4,143974.6,8127,13,0
-0.35591462924471057,0.24883963813160576,0,0,,0.055555552469135974,59135.06842105262,53621.5,18515.2,5541,0,0
0.4054822836322495,0.1484938792861249,0,0,,-0.18181817355371938,47352.01111111112,36491.3,11329.800000000001,5541,1,0
0.013374609559235107,0.1867451740000471,0,0,,-0.18518517832647488,41229.65909090909,22930.6,47529.799999999996,5541,2,0
0.23031689858901552,-0.2748547426603993,0,0,,0.34999998250000086,34741.7962962963,25309.4,37129.799999999996,5541,3,0
-0.3191432645616,0.16605416059712208,0,0,,0.17647057785467188,47910.12,39310.1,26929.8,5541,4,0
0.4379595998527064,0.12471187641663159,0,0,,-0.10526315235457093,41087.388235294115,20255.2,10681.8,5541,5,0
-0.2505048476461686,0.0946004726878717,0,0,,-0.20833332465277812,36531.478947368414,23369.2,36515.799999999996,5541,6,0
0.3746664212610555,0.08124753826684676,0,0,,0.09090908677685969,33374.25833333334,21987.8,24129.8,5541,7,0
-0.013958412097770975,0.3949305058773453,0,0,,0.09999999500000024,30866.436363636356,25371.2,23029.800000000003,5541,8,0
-0.09097470194311542,-0.20608405268734672,0,0,,-0.1304347769376184,22127.579999999998,12591.6,17929.800000000003,5541,9,0
-0.08799957372775806,0.24211647189542032,0,0,,-0.07999999680000013,27871.43913043478,10057.0,41929.799999999996,5541,10,0
0.258736871996294,-0.10953577799906503,0,0,,-0.10714285331632667,22438.667999999998,13769.7,22529.8,5541,11,0
0.16073930922576138,-0.19886739192487812,0,0,,0.5555555246913597,25198.84285714286,15714.8,34529.8,5541,12,0
-0.4003355787525275,0.1378382832264548,0,0,,0.9999998888889013,31454.02222222222,22698.1,31053.199999999997,5541,13,0
3.8924761515662394,5.0,0,0,,3.499998250000875,27643.66666666667,18643.0,4800.0,5541,14,0
0.16328862692981475,0.25689984572720936,0,0,,-0.2222222098765439,58260.142857142855,45466.1,47555.2,2268,0,0
-0.14254446718953276,-0.04409742726760422,0,0,,0.05882352595155729,46352.25555555555,34708.8,69469.8,2268,1,0
0.165685263005476,-0.003968040032124147,0,0,,0.06249999609375024,48490.56470588235,37994.0,83869.8,2268,2,0
-0.14170214399707093,0.0838231880575616,0,0,,-0.05882352595155729,48683.743749999994,38241.6,67769.79999999999,2268,3,0
0.1628922024150589,-0.14252775113272814,0,0,,0.13333332444444504,44918.529411764706,32509.1,78969.8,2268,4,0
0.19583710165301407,-0.16226342375867706,0,0,,-0.06249999609375024,52384.81999999999,36987.0,83669.8,2268,5,0
-0.16473306870407936,-0.012947089432727222,0,0,,0.0,62531.375,44444.3,77569.79999999999,2268,6,0
-0.14141363374017976,0.023762075437145664,0,0,,0.0,63351.59375,45455.1,76069.8,2268,7,0
0.16463214932045464,0.020966295494189248,0,0,,0.06666666222222252,61881.16875,41920.3,73269.79999999999,2268,8,0
-0.14124674466530823,-0.043876283717494,0,0,,-0.21052630470914185,60610.393333333326,43942.0,68727.79999999999,2268,9,0
0.16472882534664787,0.04403679328910612,0,0,,-0.04999999750000012,63391.78947368422,41689.8,80669.79999999999,2268,10,0
-0.13937825636650344,0.12965589364265126,0,0,,0.0,60717.965000000004,43650.8,74669.79999999999,2268,11,0
0.16636162906635585,0.2669162436111403,0,0,,0.0,53749.079999999994,28088.5,55369.8,2268,12,0
-0.14144333760840344,-0.16595036697392032,0,0,,0.8181817438016598,42425.125,34991.8,77069.79999999999,2268,13,0
0.7505941139447357,1.0172362387108935,0,0,,0.8333331944444675,50866.42727272727,35678.2,75442.0,2268,14,0
0.27056834788459355,0.11575426441358302,0,0,,-0.04761904535147403,42550.920000000006,27689.1,38000.2,3679,0,0
-0.15185894660455573,-0.09056277372643598,0,0,,0.1666666574074079,38136.461904761905,27999.9,39314.799999999996,3679,1,0
-0.08701084403609062,0.501874994852259,0,0,,-0.24999998958333375,41934.13333333333,29755.4,31794.8,3679,2,0
0.040324624847343456,0.037012545951402805,0,0,,0.14285713605442207,27921.1875,18752.6,38974.8,3679,3,0
0.20323092798183523,0.11609343786776669,0,0,,0.1666666574074079,26924.638095238097,16227.2,36774.8,3679,4,0
-0.07847696079074254,0.05512415772211764,0,0,,-0.09999999500000024,24124.0,14598.3,25757.8,3679,5,0
0.11962112285326343,-0.11196585926710202,0,0,,0.0,22863.660000000003,11604.5,31414.8,3679,6,0
-0.11393142334713649,-0.3260167580068788,0,0,,-0.23076922189349144,25746.375000000004,14964.7,35734.8,3679,7,0
0.6929037841058164,-0.0462775576050904,0,0,,0.4444444197530878,38200.31923076923,21302.8,48594.8,3679,8,0
-0.4278636823231159,0.2574714256623468,0,0,,-0.09999999500000024,40053.916666666664,32896.4,38694.8,3679,9,0
0.09874316687495058,0.10106470867678101,0,0,,-0.19999999200000032,31852.745000000003,12069.8,44894.8,3679,10,0
-0.0021434199638736226,-0.3544336183131273,0,0,,1.083333243055563,28929.039999999994,12789.5,70734.8,3679,11,0
0.5735677824682501,1.0044346054589472,0,0,,0.9999998333333611,44811.875,34051.8,54160.0,3679,12,0
0.3459564874461877,0.2493310360325575,0,0,,0.045454543388429844,21595.24347826087,15819.5,18653.800000000003,5033,0,0
-0.14280463803291188,-0.06131312086377207,0,0,,-0.04347825897920613,17285.445454545457,14331.1,21653.800000000003,5033,1,0
0.16022449035002215,-0.2995347607084557,0,0,,0.045454543388429844,18414.495652173915,13960.4,26553.8,5033,2,0
-0.24532075614485946,-0.10141612084249117,0,0,,-0.18518517832647488,26288.950000000008,23025.9,23753.800000000003,5033,3,0
0.29509012197187934,0.11624943026295546,0,0,,0.07999999680000013,29255.97777777777,23011.5,26453.8,5033,4,0
-0.12313490020225266,-0.18650785692084265,0,0,,0.47058820761245834,26209.175999999996,23035.2,26553.8,5033,5,0
-0.17825289493673263,1.0256032492867513,0,0,,1.1249998593750177,32218.105882352946,26087.8,26800.6,5033,6,0
-0.6781489881788496,-0.21536399269766038,0,0,,-0.26315788088642733,50325.54999999999,24380.7,71530.2,6985,0,0
1.588925317762967,0.09215222714147292,0,0,,0.11764705190311459,64138.721052631576,8077.5,151631.80000000002,6985,1,0
-0.28121265653823924,-0.3422844613239852,0,0,,0.0,58726.905882352934,22167.6,132293.80000000002,6985,2,0
-0.2164846822090714,0.536607278499535,0,0,,-0.2272727169421492,89289.21764705882,55944.4,122244.80000000002,6985,3,0
-0.17462841062365114,-0.07290023303760769,0,0,,0.15789472853185638,58108.02727272727,26203.0,92744.8,6985,4,0
0.2709009561589688,-0.19543469061192087,0,0,,-0.04999999750000012,62677.21052631579,30130.1,144530.80000000002,6985,5,0
-0.350826089317566,0.07317306857702512,0,0,,-0.1666666597222225,77901.955,30724.2,188444.80000000002,6985,6,0
1.2426086353448893,0.9888305120521813,0,0,,0.4999999687500019,72590.3,43300.0,171044.8,6985,7,0
-0.5144583033197657,-0.4172177305237645,0,0,,-0.23809522675737013,36498.9875,10967.4,55744.8,6985,8,0
0.7918509188620769,0.21983509953324257,0,0,,0.10526315235457093,62628.85714285713,22922.2,180944.80000000002,6985,9,0
-0.23203024534167788,-0.031495370967852224,0,0,,-0.17391303591682453,51342.06842105264,13202.4,119932.80000000002,6985,10,0
-0.08506794479073823,-0.18953846476196892,0,0,,0.4374999726562517,53011.691304347834,23729.1,178746.80000000002,6985,11,0
5.0,3.61498523012051,0,0,,1.666666388888935,65409.2625,40381.2,114481.6,6985,12,0
-0.2911428119231682,0.310504329839598,0,0,,-0.289473676592798,92964.91481481482,64018.7,181680.2,9790,0,0
0.45392216803984115,0.11384956719828092,0,0,,0.4074073923182447,70938.27368421054,32043.5,205224.80000000002,9790,1,0
0.12325366452954313,0.44223059575047063,0,0,,-0.035714284438775556,63687.48148148149,30260.8,148174.80000000002,9790,2,0
0.6174612694023138,-0.014643775362797777,0,0,,0.1666666597222225,44159.014285714286,12942.4,118082.8,9790,3,0
0.6525115517700222,0.3431126468077444,0,0,,0.26315788088642733,44815.27916666667,18206.3,88502.8,9790,4,0
-0.4572766515403169,-0.3088694889449876,0,0,,-0.2962962853223598,33366.73157894737,8844.6,51766.799999999996,9790,5,0
-0.3605342009871563,-0.002623782612738185,0,0,,0.17391303591682453,48278.481481481474,22852.3,120996.8,9790,6,0
0.16605336190421577,-0.3547425696741932,0,0,,-0.1481481426611799,48405.486956521745,15643.2,120616.8,9790,7,0
-0.19945816859932686,0.5149894324404096,0,0,,-0.035714284438775556,75017.32592592592,31900.0,168907.8,9790,8,0
0.27565352051836456,0.16602274467642594,0,0,,0.037037035665294975,49516.732142857145,17975.1,128276.79999999999,9790,9,0
-0.2320539244624052,-0.17344709327740807,0,0,,-0.035714284438775556,42466.351851851854,20141.1,132726.8,9790,10,0
0.7087546892170282,0.09912276033404165,0,0,,0.21739129489603065,51377.65714285713,19350.1,158809.80000000002,9790,11,0
-0.7178471312523995,-0.1379102986192918,0,0,,-0.4583333142361119,69183.38461538461,51813.0,39387.799999999996,846,0,0
1.483982994049141,0.17267115836242353,0,0,,0.7142856632653098,80250.79583333334,51758.8,123370.8,846,1,0
-0.07031754006679722,0.4738546104687494,0,0,,0.0,68434.18571428573,44205.0,25143.800000000003,846,2,0
0.5524929325436451,0.3014665444061401,0,0,,0.2727272479338866,46432.114285714284,24166.9,31343.800000000003,846,3,0
1.7288843265574534,0.41556034119162566,0,0,,0.09999999000000101,35676.763636363634,19769.3,43.8,846,4,0
-0.8653289345280312,-0.4733837256601294,0,0,,-0.5833333090277788,25203.28,20496.4,5143.800000000001,846,5,0
-0.514769147956028,-0.4509510656946895,0,0,,-0.07692307396449716,47858.908333333326,22575.2,92840.79999999999,846,6,0
0.2098601191428912,0.12984759044102998,0,0,,0.36842103324099823,87166.92692307694,38463.7,275822.8,846,7,0
1.2860825768854558,1.4175506399111373,0,0,,2.1666663055556157,77149.27894736842,42552.7,201829.2,846,8,0
0.16456433335869577,0.20027401870043215,0,0,,-0.18749998828125072,32215.992307692308,14202.9,55120.2,1886,0,0
-0.14329661511682087,-0.18763079624377096,0,0,,0.0,26840.53125,17985.1,77512.79999999999,1886,1,0
0.16724940295887125,0.28360350587403205,0,0,,-0.11111110493827195,33039.818750000006,21783.6,78705.79999999999,1886,2,0
-0.14300423196222128,-0.1790591775500535,0,0,,0.05882352595155729,25739.89444444444,16363.7,75060.8,1886,3,0
0.16576072977728723,0.1437159320288461,0,0,,0.13333332444444504,31354.141176470588,16886.5,66437.8,1886,4,0
-0.14251986779508138,-0.16322099076441843,0,0,,-0.11764705190311459,27414.27333333333,16716.6,71339.8,1886,5,0
0.1659949915178389,0.045301339011697965,0,0,,0.06249999609375024,32761.664705882347,22669.5,78237.79999999999,1886,6,0
-0.14250657336398276,-0.06943884078055906,0,0,,-0.11111110493827195,31341.837499999998,18183.1,65287.8,1886,7,0
0.7375394551855072,-0.12087358078913321,0,0,,-0.05263157617728546,33680.577777777784,18038.8,84550.8,1886,8,0
-0.42617930626810646,-0.38169919096359417,0,0,,1.1111109876543348,38311.41578947368,17623.1,101327.8,1886,9,0
0.7390906161047744,1.263174815784883,0,0,,0.799999840000032,61962.42222222223,37703.8,72900.0,1886,10,0
-0.06631443751545421,0.11912012703778908,0,0,,0.0,66123.09333333334,59494.0,31737.2,2580,0,0
-0.047054756996864004,-0.12612348506206064,0,0,,-0.1666666574074079,59084.89333333333,48267.6,20691.8,2580,1,0
-0.014073156407635698,0.1245392038336072,0,0,,-0.14285713605442207,67612.40555555555,41741.6,65511.799999999996,2580,2,0
0.09148799288600008,-0.11998290169621503,0,0,,0.1666666574074079,60124.54285714285,44380.4,39811.799999999996,2580,3,0
0.024067521303468262,0.29638852114998016,0,0,,0.12499999218750048,68322.01666666666,63343.4,32811.8,2580,4,0
-0.10657128974791119,0.12385163991905444,0,0,,-0.05882352595155729,52701.806249999994,41331.6,19531.800000000003,2580,5,0
-0.034427527140571866,0.06458713610740491,0,0,,-0.19047618140589612,46893.91764705882,23465.0,51851.8,2580,6,0
0.16631393722782825,-0.06860261238694287,0,0,,-0.045454543388429844,44048.92380952381,29543.7,38851.799999999996,2580,7,0
0.7310067427427144,0.03492072725159197,0,0,,0.46666663555555765,47293.37272727272,40441.1,32471.8,2580,8,0
-0.41450544295115727,0.028862916515079686,0,0,,-0.21052630470914185,45697.579999999994,40119.5,27475.8,2580,9,0
0.16454385360514429,0.05505860006817614,0,0,,0.3571428316326549,44415.6157894737,35921.5,37791.8,2580,10,0
-0.25279273495105853,0.803699018153852,0,0,,0.7499999062500118,42097.77142857143,34307.8,34026.6,2580,11,0
-0.0663658985508306,0.11771256110038092,0,0,,0.0,66903.16666666666,60276.0,31737.2,9928,0,0
-0.04704637039704036,-0.12459659966971971,0,0,,-0.1666666574074079,59857.22,49036.1,20691.8,9928,1,0
-0.014064344967243155,0.1231410873058737,0,0,,-0.14285713605442207,68376.72777777778,42510.1,65511.799999999996,9928,2,0
0.09146853473770639,-0.11858623912541683,0,0,,0.1666666574074079,60879.90952380952,45132.9,39811.799999999996,9928,3,0
0.0240555507644683,0.2924463836176675,0,0,,0.12499999218750048,69070.74999999999,64095.9,32811.8,9928,4,0
-0.10655044822908379,0.12211000975602306,0,0,,-0.05882352595155729,53441.86875,42067.9,19531.800000000003,9928,5,0
-0.034425684121939804,0.06375744972160906,0,0,,-0.19047618140589612,47626.22941176471,24198.6,51851.8,9928,6,0
0.1662718371221802,-0.06743207790890622,0,0,,-0.045454543388429844,44771.69999999999,30263.2,38851.799999999996,9928,7,0
0.7314203215123523,0.03328751226221538,0,0,,0.37499997656250145,48009.049999999996,41154.8,32471.8,9928,8,0
-0.4146040601472276,0.02992876629185615,0,0,,-0.05882352595155729,46462.431249999994,40830.3,28675.800000000003,9928,9,0
0.16451386261219333,0.06936842265771359,0,0,,0.13333332444444504,45112.27647058823,36827.8,35091.8,9928,10,0
-0.2526694400871425,0.8074752143043558,0,0,,0.8749998906250137,42185.90666666667,34307.8,34826.6,9928,11,0
-0.2964959786819982,-0.228182266734939,0,0,,-0.21428569897959293,49407.7909090909,32539.9,50134.0,4994,0,0
-0.1642638393632043,-0.03777135096621738,0,0,,0.16666665277777895,64014.84285714286,47708.4,46171.0,4994,1,0
0.49458183052259885,0.8199227609423937,0,0,,-0.2941176297577865,66527.68333333333,41641.8,28076.0,4994,2,0
-0.7925764274511381,-0.5310530260713797,0,0,,-0.41379308917954866,36555.22352941176,22334.1,51727.0,4994,3,0
0.47470612826168734,0.0945126469392843,0,0,,0.5263157617728547,77951.72068965517,54139.8,196455.0,4994,4,0
0.2756471394729194,0.3975242765842684,0,0,,0.11764705190311459,71220.48421052631,45682.7,140668.0,4994,5,0
0.02324633380644583,-0.16213965553128348,0,0,,-0.10526315235457093,50961.894117647054,20591.0,108535.0,4994,6,0
1.2270703184469882,0.3511300497879377,0,0,,0.4615384260355057,60823.85263157896,26264.3,87175.0,4994,7,0
0.06561239834741789,-0.10531247248743253,0,0,,0.08333332638888948,45017.023076923084,27039.0,33890.0,4994,8,0
2.022208970315348,0.2403007074097451,0,0,,0.7142856122449125,50315.91666666668,30524.3,47460.0,4994,9,0
-0.7177285979382759,-0.05970302953705442,0,0,,0.16666663888889352,40567.51428571429,31304.2,27900.0,4994,10,0
0.16633419444120368,0.036060122111106326,0,0,,0.0,35007.73333333334,16253.5,65423.799999999996,7184,0,0
-0.14059238286789527,0.303493849944538,0,0,,-0.03999999840000006,33789.2875,20271.4,43723.8,7184,1,0
0.16610002890768868,0.08484772216567117,0,0,,0.08695651795841226,25922.091999999997,11195.9,51143.8,7184,2,0
-0.14203649135163318,-0.12439196427690175,0,0,,0.045454543388429844,23894.682608695646,10053.1,48683.8,7184,3,0
0.16359795139750144,0.12986853742489307,0,0,,-0.15384614792899431,27289.24545454546,15312.9,64069.2,7184,4,0
-0.14156437328638852,-0.29224617439508044,0,0,,-0.07142856887755111,24152.584615384618,13651.9,53398.4,7184,5,0
0.16170436899747587,-0.30392393975030224,0,0,,0.07692307396449716,34125.68571428571,21645.9,71069.2,7184,6,0
0.19759437734051688,-0.009448204674434227,0,0,,0.03999999840000006,49025.8,29483.1,61043.799999999996,7184,7,0
-0.16397007015381362,0.22345157696438334,0,0,,-0.07407407133058995,49493.424000000006,35676.1,72449.8,7184,8,0
-0.14367835946865812,-0.14640352066071488,0,0,,-0.289473676592798,40453.92962962962,28717.6,48243.799999999996,7184,9,0
0.16725739806221976,-0.05294713549943892,0,0,,2.799999720000028,47392.33421052632,19565.3,110803.8,7184,10,0
0.4925366396716178,1.2077534010101383,0,0,,0.99999980000004,50041.909999999996,36220.6,51034.0,7184,11,0
0.16451079441734004,0.04597143030400892,0,0,,0.0,45358.100000000006,24759.6,93661.2,6358,0,0
-0.14240501265255118,-0.05048277957637876,0,0,,-0.05882352595155729,43364.568750000006,28523.6,92371.79999999999,6358,1,0
0.16493390929326712,-0.13341952254153508,0,0,,0.06249999609375024,45670.12352941177,31478.7,109107.8,6358,2,0
0.1777223421296025,0.07179222276618977,0,0,,0.0,52701.5375,37186.8,87871.79999999999,6358,3,0
-0.1866016926435567,0.07535267971618059,0,0,,-0.15789472853185638,49171.4125,35004.6,81228.79999999999,6358,4,0
-0.10475633560979407,-0.1772319505439427,0,0,,0.11764705190311459,45725.847368421055,26518.2,110456.79999999999,6358,5,0
0.1674418376200948,0.3005201196129097,0,0,,0.0,55575.62352941177,35987.3,80216.79999999999,6358,6,0
-0.14269052631458787,0.034977110374098716,0,0,,-0.10526315235457093,42733.38235294117,27171.0,90190.79999999999,6358,7,0
0.0788981156753321,0.10409073995736044,0,0,,0.18749998828125072,41289.2052631579,26723.4,99485.80000000002,6358,8,0
-0.0737890531968037,-0.12627839347561573,0,0,,-0.3043478128544429,37396.568750000006,23807.1,56723.8,6358,9,0
0.14793176630231492,-0.07360232346833656,0,0,,0.09523809070294806,42801.4695652174,17837.8,154758.8,6358,10,0
-0.1294080149078667,-0.08727531253406692,0,0,,-0.12499999479166687,46202.04761904763,26647.9,80172.79999999999,6358,11,0
0.16604527740732553,-0.22143399932128233,0,0,,1.399999860000014,50619.916666666664,30392.9,166712.8,6358,12,0
0.1966378231959145,0.6557869773614368,0,0,,0.99999980000004,65016.86000000001,45118.6,94376.0,6358,13,0
0.16625285785862537,0.09213316192194934,0,0,,0.1666666574074079,31101.185714285715,19877.1,92722.8,11359,0,0
-0.14266590129769108,-0.04601801510529009,0,0,,-0.30769229585798863,28477.466666666667,14160.9,55559.799999999996,11359,1,0
0.16575908451668017,-0.029478087787140717,0,0,,0.29999998500000075,29851.157692307697,18847.5,95062.8,11359,2,0
-0.1424084188609138,0.003307148724319416,0,0,,-0.09090908677685969,30757.840000000004,20910.6,61059.799999999996,11359,3,0
0.16654178376792741,0.10690836964331099,0,0,,0.04761904535147403,30656.45454545454,9673.5,98504.8,11359,4,0
-0.14301895452069438,-0.05700687382728634,0,0,,-0.1923076849112429,27695.56666666667,8615.9,65759.79999999999,11359,5,0
0.16517088906266852,-0.13703900882472916,0,0,,0.23809522675737013,29369.850000000002,11375.8,106359.79999999999,11359,6,0
-0.14312875008126155,-0.15834173630283943,0,0,,-0.08695651795841226,34033.80952380953,21693.8,82605.8,11359,7,0
0.1638886850132857,-0.22670765370950383,0,0,,0.09523809070294806,40436.61304347826,26010.2,104959.8,11359,8,0
0.20155916080166314,-0.10378587387892427,0,0,,1.6249997968750256,52291.49523809523,35822.0,97759.8,11359,9,0
0.23488936442428143,1.1890248431518933,0,0,,0.599999880000024,58347.1,40099.9,67800.0,11359,10,0
-0.1884957876542326,-0.04029515994815424,0,0,,-0.08695651795841226,71653.46190476189,45634.4,155392.80000000002,5593,0,0
0.16909195652621864,0.4547068536565847,0,0,,0.14999999250000037,74661.97826086954,46208.4,164697.80000000002,5593,1,0
0.7357907916822928,0.14824307458419522,0,0,,-0.04761904535147403,51324.41500000001,12787.3,55882.799999999996,5593,2,0
-0.6009825223514265,-0.1879717961364033,0,0,,-0.1923076849112429,44698.21428571428,12984.5,125865.8,5593,3,0
0.5953947060812118,0.09161670069586354,0,0,,0.9999999230769291,55045.149999999994,18021.2,193383.80000000002,5593,4,0
-0.3677546692669225,0.1518326516392096,0,0,,-0.35999998560000057,96582.4625,72966.3,151074.2,6289,0,0
1.3212082404413794,0.3777396406197029,0,0,,0.19047618140589612,83851.124,28007.3,251766.80000000002,6289,1,0
-0.42114518538101603,-0.12795232490251993,0,0,,0.04999999750000012,60861.37142857143,43436.5,77966.8,6289,2,0
3.933631421227121,2.205484394098579,0,0,,0.5384614970414233,69791.33499999999,23288.4,130843.8,6289,3,0
-0.43508067146322355,-0.14737773396573844,0,0,,-0.07142856632653098,21772.47692307692,8341.1,30150.799999999996,6289,4,0
0.021424264542200706,-0.3824613030518377,0,0,,0.0,25535.899999999998,4568.1,59505.799999999996,6289,5,0
-0.11456233201714401,-0.09925662083905436,0,0,,-0.06666666222222252,41351.09285714285,23499.2,77615.8,6289,6,0
-0.3937129408203662,-0.4290739565056716,0,0,,-0.11764705190311459,45907.74,29456.6,60739.799999999996,6289,7,0
0.19824830362262652,-0.0606193074291544,0,0,,0.13333332444444504,80409.25882352942,43779.1,157543.8,6289,8,0
-0.16647510279224015,0.30681672561623996,0,0,,-0.21052630470914185,85598.15999999999,68518.9,95543.8,6289,9,0
-0.5567346252252063,-0.1796356167784244,0,0,,-0.17391303591682453,65501.273684210515,49513.8,108443.80000000002,6289,10,0
0.9835805845387933,0.47003191112989845,0,0,,0.045454543388429844,79844.12173913045,40467.1,241843.80000000002,6289,11,0
5.0,-0.040706810443162655,0,0,,2.1428568367347376,54314.549999999996,30003.9,114500.8,6289,12,0
-0.8032275397222055,0.04288707088403459,0,0,,-0.12499998437500197,56619.34285714285,38811.5,42400.0,6289,13,0
-0.03438578678697845,0.49028491034601446,0,0,,-0.26315788088642733,45583.08571428572,32330.3,38478.0,11054,0,0
0.03171536070331691,-0.15560820141772372,0,0,,0.055555552469135974,30586.826315789476,20543.4,53970.0,11054,1,0
-0.08782501666633594,0.043810788569055674,0,0,,-0.14285713605442207,36223.5,22970.9,69266.0,11054,2,0
0.012295720269463501,-0.12312523684352504,0,0,,0.23529410380622917,34703.12857142858,20227.5,78020.0,11054,3,0
0.450446451563067,0.22433510764968487,0,0,,-0.10526315235457093,39575.92352941176,24081.0,45324.0,11054,4,0
-0.16397016675727571,0.07401204064287951,0,0,,0.055555552469135974,32324.42105263158,22483.5,65271.0,11054,5,0
0.06509625394693962,0.11354960792127686,0,0,,0.0,30096.888888888894,17726.6,49967.0,11054,6,0
-0.251194101827307,0.09459754895036823,0,0,,-0.05263157617728546,27027.88333333333,15673.4,46908.0,11054,7,0
0.12731933502648604,-0.012871702601461227,0,0,,0.11764705190311459,24692.07368421053,9080.9,70275.0,11054,8,0
0.2736922385136549,-0.40316243955100306,0,0,,0.13333332444444504,25014.047058823533,10145.2,44108.0,11054,9,0
0.05090824991076189,0.6508656403394661,0,0,,0.8749998906250137,41910.97999999999,21651.2,79216.0,11054,10,0
0.1830156358092877,-0.01832926980045353,0,0,,-0.055555552469135974,49041.788235294116,29639.0,95777.8,544,0,0
-0.14507165927929858,0.09498116547435138,0,0,,0.05882352595155729,49957.47222222222,39827.6,66168.8,544,1,0
0.4089226000846635,-0.20298918821942735,0,0,,-0.055555552469135974,45624.047058823526,33030.4,88782.8,544,2,0
-0.14341259659839234,-0.19699434730207366,0,0,,0.2857142653061239,57243.950000000004,45094.3,63443.799999999996,544,3,0
0.1672120759671652,0.18477302008461247,0,0,,0.0,71287.10714285713,49437.4,71509.79999999999,544,4,0
-0.14106349348188896,0.11471907511805868,0,0,,-0.12499999218750048,60169.42142857142,45221.5,50578.799999999996,544,5,0
0.1662010039740802,0.10307058411919942,0,0,,0.23076921301775286,53977.20625,34050.8,64273.8,544,6,0
-0.142222829935955,-0.019702260022740375,0,0,,-0.38095236281179223,48933.59230769232,34158.6,36907.8,544,7,0
0.1671655173490184,0.021178163488366045,0,0,,0.3124999804687512,49917.07142857144,31189.8,99487.79999999999,544,8,0
-0.1887499764577321,0.3585573307256795,0,0,,-0.15789472853185638,48881.84375,37019.1,55211.8,544,9,0
0.23281584869512317,-0.2915138378992061,0,0,,0.5833332847222263,35980.69999999999,17217.2,82434.8,544,10,0
-0.13829674169872838,0.23847880366326257,0,0,,0.4999999375000079,50785.325000000004,42179.4,68914.6,544,11,0
2.5954883912044413,0.1471506524527363,0,0,,0.46666663555555765,47382.40000000001,19825.0,150702.80000000002,4851,0,0
-0.7606361176749585,-0.3520892881037139,0,0,,-0.4999999833333339,41304.42666666666,31223.5,73298.8,4851,1,0
0.3645590424171647,0.6029492784851256,0,0,,0.6666666296296316,63750.18333333333,19931.4,212598.80000000002,4851,2,0
5.0,0.5868899090042341,0,0,,0.2857142653061239,39770.555555555555,10320.5,92598.80000000002,4851,3,0
-0.752289179370609,-0.3209206688743198,0,0,,-0.17647057785467188,25061.95,19498.6,23598.8,4851,4,0
1.8468600851254453,0.49174176344826237,0,0,,0.21428569897959293,36905.77647058823,13199.3,59447.8,4851,5,0
-0.6368784942260833,-0.5235816352584921,0,0,,-0.26315788088642733,24740.05714285714,19029.0,15298.800000000001,4851,6,0
-0.36530286050736044,-0.15762591676432128,0,0,,0.7272726611570308,51929.26842105263,18552.5,150558.8,4851,7,0
4.623090797718515,1.7706629584393743,0,0,,0.8333331944444675,61646.32727272727,20543.2,77000.0,4851,8,0
-0.17292827216349263,0.059409512187912385,0,0,,-0.04347825897920613,89234.09545454544,50675.4,217495.0,1583,0,1
0.37607210396742025,0.37152304353946713,0,0,,0.0,84230.03043478259,23140.4,231900.0,1583,1,1
2.0696120550087014,2.89139731999178,-1,0,,0.21052630470914185,61413.5,12344.5,210410.0,1583,2,1
0.1126322009029737,-0.5404245849129177,0,1,,0.055555552469135974,15781.863157894739,-1291.1,45200.5,1583,3,1
-0.5288766020834214,-0.08977348154826094,1,1,,0.05882352595155729,34340.09444444444,-531.7,74898.7,1583,4,1
-0.25175446330035395,0.04144572643678138,0,0,,-0.19047618140589612,37726.97647058824,20550.8,69324.0,1583,5,1
5.0,5.0,0,0,,0.49999996428571686,36225.58095238094,832.6,164769.0,1583,6,1
-0.8293673635722482,-0.9337849682393918,0,0,,-0.3333333174603182,3077.1500000000005,239.0,17132.0,1583,7,1
-0.2081155758861764,0.04039565322385016,0,0,,-0.045454543388429844,46472.076190476204,16465.8,139547.0,1583,8,1
0.3370548776305703,0.679707402595817,0,0,,0.0,44667.69545454544,24458.1,136686.0,1583,9,1
3.230832457693338,3.8233675623396888,-8,0,,0.15789472853185638,26592.54545454545,6023.1,112524.2,1583,10,1
-0.13277131704579948,-0.5135831377337823,8,8,,0.18749998828125072,5513.273684210526,-2838.8,29615.6,1583,11,1
0.37824839955400885,0.058436761161140896,-1,0,,0.4545454132231443,11334.4625,3552.8,50900.0,1583,12,1
-0.23668987955390453,0.04016879988046237,1,1,,-0.15384614201183525,10708.68181818182,-433.9,17807.0,1583,13,1
0.15335011996563558,-0.22298358105144955,0,0,,-0.23529410380622917,10295.138461538461,210.0,33242.0,1583,14,1
0.06445892494125621,0.193773610453927,0,0,,-0.055555552469135974,45939.24705882353,36672.8,15135.2,4650,0,0
-0.08426638482224513,0.26473442144318876,0,0,,-0.09999999500000024,38482.37777777779,32147.8,10189.800000000001,4650,1,0
-0.1676559596944,0.1270446154529997,0,0,,-0.1304347769376184,30427.24,23762.8,13429.800000000001,4650,2,0
0.05563710849416008,0.17130703596166044,0,0,,0.21052630470914185,26997.369565217396,17528.4,16669.8,4650,3,0
0.26930739265340453,0.05468353564346433,0,0,,0.0,23048.92631578948,14222.9,18915.8,4650,4,0
-0.02331612431198949,0.2583867838392718,0,0,,0.055555552469135974,21853.87894736842,16068.0,11389.8,4650,5,0
-0.18316598912222254,0.6151078654856836,0,0,,-0.05263157617728546,17366.583333333332,12033.8,10189.8,4650,6,0
0.3402258106754554,-0.3571467294004648,0,0,,-0.09523809070294806,10752.584210526316,1919.4,11389.8,4650,7,0
0.021726955978627654,0.041083739179310755,0,0,,0.04999999750000012,16726.342857142863,11773.9,22309.800000000003,4650,8,0
-0.010603954252676642,-0.20870982620005762,0,0,,-0.1304347769376184,16066.280000000002,9587.1,17709.800000000003,4650,9,0
0.4721250781263616,-0.33753267215643473,0,0,,0.6428570969387788,20303.90434782609,14618.4,42441.799999999996,4650,10,0
-0.2957477107983879,0.5359890489963184,0,0,,0.7499999062500118,30648.914285714294,25975.4,17724.6,4650,11,0
0.9965970525954454,0.14985799453371537,0,0,,0.0,48769.44117647059,25125.5,84324.0,3084,0,1
-0.09816254591751726,-0.15279016030008144,0,0,,-0.10526315235457093,42413.44705882353,21708.8,66140.0,3084,1,1
-0.25826994253079855,0.25967427089053224,0,0,,0.0,50062.50526315788,26848.9,70548.0,3084,2,1
0.986386549059884,0.2648110638564466,0,0,,0.2666666488888901,39742.421052631566,10237.0,76410.0,3084,3,1
0.4110033075974273,0.7980546792392955,0,0,,0.3636363305785154,31421.626666666663,1662.9,32990.0,3084,4,1
-0.3829885335432167,-0.18687731443880373,0,0,,-0.2666666488888901,17475.345454545455,10810.5,18290.0,3084,5,1
0.6198264335971483,0.831833155926991,0,0,,0.2499999791666684,21491.646666666667,788.4,49490.0,3084,6,1
-0.024995045875781944,0.08495793881617422,-1,0,,-0.14285713265306196,11732.316666666666,5197.8,16895.8,3084,7,1
0.4950455820550467,-0.07461687925488707,1,1,,0.07692307100591762,10813.614285714286,-4976.4,25609.399999999998,3084,8,1
-0.6907802733468787,-0.7544195599299227,0,0,,-0.18749998828125072,11685.553846153845,2462.0,37790.0,3084,9,1
0.4715891648438902,0.5743702390643287,0,0,,1.2857141020408425,47583.40624999999,12756.6,131910.0,3084,10,1
0.16180879032816198,-0.19439161922375017,0,0,,0.0,28035.413333333338,14773.7,64441.2,2143,0,0
-0.14133506540684335,0.07848715588410438,0,0,,-0.11764705190311459,34800.3,20957.7,67635.8,2143,1,0
0.16707672256479136,0.2182982826532975,0,0,,-0.2608695538752368,32267.7,14583.7,65915.8,2143,2,0
-0.14289676694395645,-0.15936977799603333,0,0,,0.4374999726562517,26485.87826086957,13157.8,63375.799999999996,2143,3,0
0.16458326880088361,-0.028672871725631054,0,0,,0.0,31507.168749999997,15733.2,66735.79999999999,2143,4,0
-0.1419909716412655,-0.1458024491377386,0,0,,-0.05882352595155729,32437.2375,15133.8,73115.8,2143,5,0
0.1670794839390143,0.23329545341687724,0,0,,-0.2272727169421492,37973.9294117647,23740.2,67775.8,2143,6,0
-0.14427468952277558,-0.2741795192680093,0,0,,0.04761904535147403,30790.618181818187,17433.5,68695.79999999999,2143,7,0
0.7351998140083599,-0.1407047232496462,0,0,,0.39999997333333515,42421.80952380952,24967.6,83035.8,2143,8,0
-0.42510420579889735,-0.15847690657502606,0,0,,0.15384614201183525,49368.140000000014,34248.8,61571.799999999996,2143,9,0
0.0049541833072538925,0.5535008902870047,0,0,,0.6249999218750099,58665.223076923096,38448.6,75642.6,2143,10,0
-0.42650743711236977,-0.08723010487007649,0,0,,-0.10526315235457093,12941.088235294117,760.4,43192.799999999996,9199,0,1
0.07453798512443659,0.5443004651136271,-9,0,,-0.23999999040000036,14177.821052631578,4953.8,39763.799999999996,9199,1,1
-0.07215416273877048,-0.582018495623829,9,9,,0.47058820761245834,9180.739999999998,-2129.7,40121.700000000004,9199,2,1
0.16845615564355415,-0.3300380382824496,0,0,,0.8888887901234679,21964.46470588235,12298.9,62485.2,9199,3,1
0.9441065967259018,1.7678045118342454,0,0,,3.499998250000875,32784.64444444444,27917.0,23600.0,9199,4,1
0.16200105296420597,0.025452971582028347,0,0,,-0.06249999609375024,46032.84666666667,35166.2,65160.2,2994,0,0
-0.14373291850645692,-0.18476528866266453,0,0,,-0.11111110493827195,44890.25625,35844.7,52634.799999999996,2994,1,0
0.16494863170193527,0.02220357961928917,0,0,,-0.18181817355371938,55064.21111111111,39105.6,75794.8,2994,2,0
-0.14136131090527063,-0.07748300375388938,0,0,,0.2222222098765439,53868.145454545454,44811.2,57094.799999999996,2994,3,0
0.16552015061459738,0.12790065102279866,0,0,,0.05882352595155729,58392.57777777777,46152.1,53894.799999999996,2994,4,0
-0.14160015671305398,0.004504452449926427,0,0,,0.06249999609375024,51771.029411764706,43267.0,51894.799999999996,2994,5,0
0.09416878707175759,0.35397441710433813,0,0,,-0.23809522675737013,51538.875,43120.4,60874.799999999996,2994,6,0
-0.08525785752353907,-0.13741241799920173,0,0,,0.0,38064.880952380954,22793.1,51474.799999999996,2994,7,0
0.7336667241585528,-0.16022245740807933,0,0,,0.7499999375000053,44128.71428571428,31860.4,66394.79999999999,2994,8,0
-0.46485839175617283,0.542686323523949,0,0,,0.4999999375000079,52548.1,38308.0,60091.6,2994,9,0
0.24529393990794832,-0.0036831412103461698,0,0,,-0.13333332444444504,51777.19230769232,32831.0,40273.2,6397,0,0
-0.1406445033248037,0.06788934420194873,0,0,,0.0,51968.6,43728.9,38143.799999999996,6397,1,0
0.0032294713583988343,0.15597214394653572,0,0,,-0.06249999609375024,48664.78,38496.4,51371.799999999996,6397,2,0
0.22266606804611877,-0.07689265703383592,0,0,,0.06666666222222252,42098.575,27036.4,51092.8,6397,3,0
-0.050986518669729475,-0.09468118317201335,0,0,,0.07142856632653098,45605.28666666666,32542.5,69643.8,6397,4,0
-0.19633112906172012,0.09248379643409002,0,0,,-0.06666666222222252,50374.835714285706,38362.1,48935.799999999996,6397,5,0
0.24898289657439981,0.3347685863120694,0,0,,-0.06249999609375024,46110.37333333333,28320.7,41847.799999999996,6397,6,0
-0.14246979831888598,-0.023040753618675296,0,0,,-0.11111110493827195,34545.59375,23864.3,28297.8,6397,7,0
0.1662249452539704,0.07323214992786034,0,0,,0.0,35360.32222222223,26186.3,67536.79999999999,6397,8,0
-0.14204034010673044,-0.06586136591270698,0,0,,0.0,32947.505555555545,25468.7,45385.8,6397,9,0
0.16613786027869507,0.12707432429687338,0,0,,0.12499999218750048,35270.466666666674,23808.9,66286.79999999999,6397,10,0
-0.14246173195129058,-0.08035600354083076,0,0,,-0.15789472853185638,31293.824999999997,20424.3,46343.8,6397,11,0
0.1647718762413599,-0.04227808797593054,0,0,,0.18749998828125072,34028.19473684212,21924.3,68043.79999999999,6397,12,0
-0.14022234681045526,-0.1375835586612753,0,0,,0.7777776913580343,35530.35,23449.5,63621.2,6397,13,0
1.8426473213463106,1.9782120480497674,0,0,,1.9999993333335555,41198.6,22452.9,44500.0,6397,14,0
0.1640532471781367,0.14357439030978653,0,0,,-0.06249999609375024,32610.65333333333,15911.8,43734.2,10762,0,0
-0.14246222171259862,-0.18205501455154932,0,0,,0.06666666222222252,28516.425,16571.7,49248.799999999996,10762,1,0
0.1431471523229291,0.0379008642191343,0,0,,-0.2499999875000006,34863.49999999999,25797.6,63948.799999999996,10762,2,0
-0.12577888285112737,-0.017071293158625947,0,0,,-0.04761904535147403,33590.395000000004,18405.0,41548.799999999996,10762,3,0
0.16478661895429472,-0.1028247378766731,0,0,,0.23529410380622917,34173.78571428571,23840.0,68413.8,10762,4,0
0.19711834386010624,-0.012172006299208834,0,0,,0.13333332444444504,38090.42352941176,27887.1,46848.8,10762,5,0
-0.16442250332531974,0.06969819470222167,0,0,,-0.1666666574074079,38559.77333333333,26793.5,64648.799999999996,10762,6,0
-0.14350977133814832,-0.13813313140990063,0,0,,-0.18181817355371938,36047.33888888889,27021.6,42648.8,10762,7,0
0.1414979133861002,0.047966272299432705,0,0,,0.2222222098765439,41824.71818181817,21733.7,77448.8,10762,8,0
-0.12347085631860953,0.16525615248416906,0,0,,-0.05263157617728546,39910.36666666667,25526.2,33048.8,10762,9,0
0.16498071871393527,-0.26285639145214723,0,0,,0.4615384260355057,34250.2947368421,12758.1,90548.79999999999,10762,10,0
-0.18082893400030292,0.5278257723307458,0,0,,0.6249999218750099,46463.53076923077,36603.0,56749.6,10762,11,0
2.929428374643133,-0.303090711810511,0,0,,0.0,37015.19523809525,25691.3,67119.0,7136,0,0
-0.8787835614267527,-0.16880835037872705,0,0,,-0.22222221399176983,53113.36190476191,43043.0,35239.0,7136,1,0
0.00033022860509412185,-0.1371243095078471,0,0,,0.07999999680000013,63900.25925925925,43142.2,98487.0,7136,2,0
-0.44156601715000965,0.10582586631222632,0,0,,-0.13793102972651622,74054.99999999999,39182.7,126583.0,7136,3,0
0.22492755173786705,-0.021859277023648916,0,0,,0.035714284438775556,66968.04827586206,34741.6,189436.0,7136,4,0
0.241673205082608,0.19266210664758987,0,0,,0.037037035665294975,68464.6357142857,35969.8,126288.0,7136,5,0
0.8120540293899282,0.20912932917219398,0,0,,0.28571427210884415,57404.88888888888,31117.4,165335.0,7136,6,0
-0.433325450923429,0.049394851744016054,0,0,,-0.12499999479166687,47476.219047619044,27126.8,34518.0,7136,7,0
1.1676137903650063,0.2781092146010344,0,0,,0.04347825897920613,45241.520833333336,28058.3,106496.0,7136,8,0
-0.26761873363300365,-0.28208346910666493,0,0,,-0.20689654458977433,35397.22608695651,19878.2,64276.0,7136,9,0
0.43603034810417546,0.4243712911175126,0,0,,0.15999999360000025,49305.4896551724,23285.7,125076.0,7136,10,0
-0.7488360769250348,-0.5838504856440527,0,0,,-0.3055555470679015,34615.616,23678.6,43976.0,7136,11,0
1.7996112116612246,0.4845505417359682,0,0,,2.999999666666704,83180.71944444443,40913.2,266476.0,7136,12,0
0.7007722047468632,0.725931338139819,0,0,,0.799999840000032,56030.91111111111,28797.0,30400.0,7136,13,0
-0.8021358464252943,-0.3222499807963938,0,0,,-0.28571427210884415,53160.72666666668,41142.4,52094.2,8533,0,0
2.435903663746389,0.6308206553297587,0,0,,0.3124999804687512,78437.07142857143,25075.5,105419.8,8533,1,0
-0.48743129780180533,0.2022487144842957,0,0,,-0.15789472853185638,48096.6875,34522.2,44172.8,8533,2,0
-0.5266586938405513,-0.32777053194840605,0,0,,-0.20833332465277812,40005.60526315789,11495.8,55152.799999999996,8533,3,0
0.3724464066499483,-0.20880217140860338,0,0,,0.09090908677685969,59511.82916666666,28822.3,176885.8,8533,4,0
0.3310409898835987,0.18529406034142368,0,0,,0.0,75217.38181818184,50823.2,105539.8,8533,5,0
-0.4074257063476459,-0.08648866413173598,0,0,,-0.04347825897920613,63458.83636363637,8876.0,131816.80000000002,8533,6,0
-0.34316097610530416,-0.13764999106270273,0,0,,-0.2812499912109378,69466.93913043478,27590.6,95190.8,8533,7,0
5.0,0.17739181497979217,0,0,,0.5238094988662143,80555.38749999998,43825.6,233643.8,8533,8,0
-0.8364025417588299,-0.14282368323294115,0,0,,-0.1923076849112429,68418.50476190475,44915.0,75643.8,8533,9,0
0.10886882303666462,0.042835796299072866,0,0,,0.23809522675737013,79818.47307692308,37891.5,230743.8,8533,10,0
2.7803163030791476,1.4819569230003604,0,0,,4.249998937500266,76539.82857142857,52949.6,129814.6,8533,11,0
-0.6143596779645886,-0.2665329166695059,0,0,,0.09999999000000101,24301.17272727273,18578.5,13490.0,7926,0,0
0.2578326948046791,-0.20195085573461444,0,0,,-0.3333333111111126,33131.92,6723.0,46590.0,7926,1,0
-0.5723247026817995,-0.13344138901659253,0,0,,-0.11764705190311459,41516.14000000001,10216.8,86090.0,7926,2,0
-0.34895158903095014,-0.16300674878690236,0,0,,-0.10526315235457093,47909.21176470588,19991.4,128690.0,7926,3,0
-0.2528811346357835,-0.30024161750879375,0,0,,-0.13636363016528952,57239.66315789474,16489.3,179290.0,7926,4,0
2.536743837094102,1.1597933049676412,0,0,,0.15789472853185638,81799.1818181818,19529.6,207990.0,7926,5,0
-0.6255088004762044,-0.5257633251498065,0,0,,-0.09523809070294806,37873.61578947368,19449.2,80990.0,7926,6,0
0.2167014069319542,0.2734789035015355,0,0,,0.23529410380622917,79862.26666666666,48764.7,196890.0,7926,7,0
5.0,5.0,0,0,,5.0,62711.88823529411,32044.9,108330.0,7926,8,0
-0.9571911385860151,-0.3511648139604542,0,0,,-0.39999997333333515,47155.044444444444,26887.2,70060.20000000001,10019,0,0
4.140357043801781,0.5173797825494414,0,0,,0.2499999791666684,72676.45999999999,50541.4,61643.799999999996,10019,1,0
-0.4894035917112446,0.1673105212246412,0,0,,0.0,47896.025,34731.7,24343.8,10019,2,0
0.04582184690319891,-0.12358406772216782,0,0,,-0.3333333148148158,41031.09166666666,28221.7,19741.8,10019,3,0
-0.41507552846177137,0.09485739865251556,0,0,,0.12499999218750048,46816.916666666664,24714.0,78717.8,10019,4,0
-0.18039651621113248,-0.22970367890957377,0,0,,-0.05882352595155729,42760.743749999994,23138.7,71251.79999999999,10019,5,0
-0.21738177839621547,-0.021887616801623322,0,0,,0.13333332444444504,55512.07058823529,31192.7,88716.79999999999,10019,6,0
1.6918205875158103,0.14217521488930726,0,0,,0.07142856632653098,56754.28666666666,19087.7,86143.8,10019,7,0
-0.2664145706229486,0.527092215130452,0,0,,0.0,49689.650000000016,20036.9,84990.80000000002,10019,8,0
0.7747402325249112,-0.1902851415786693,0,0,,0.16666665277777895,32538.735714285714,19204.5,28143.8,10019,9,0
1.9070195525700424,1.2054646601071588,0,0,,-0.14285713265306196,40185.424999999996,30403.0,26543.799999999996,10019,10,0
-0.9306569214633544,-0.7463543101610299,0,0,,-0.49999998214285774,18220.84285714286,14285.8,30943.8,10019,11,0
-0.3001264054417645,-0.1948733998677199,0,0,,0.21739129489603065,71835.80714285713,33979.4,227470.80000000002,10019,12,0
5.0,3.7237551400454865,0,0,,4.749998812500297,89222.99565217392,34679.3,245114.6,10019,13,0
-0.14207456482436406,-0.061143853570574065,0,0,,-0.04761904535147403,24520.789999999997,15180.3,44273.8,4476,0,0
0.1659605726945847,0.16148138390477926,0,0,,-0.22222221399176983,26117.728571428568,17437.2,41293.8,4476,1,0
-0.14303756873858178,-0.2066970024865734,0,0,,0.17391303591682453,22486.566666666673,16066.1,46093.8,4476,2,0
0.1643409995029586,0.006124839562673979,0,0,,0.045454543388429844,28345.49565217392,18541.4,44993.799999999996,4476,3,0
-0.14145100072147432,-0.07550972002268559,0,0,,-0.04347825897920613,28172.940909090918,18491.3,41913.8,4476,4,0
0.13539576653413268,0.36892141589732486,0,0,,-0.1481481426611799,30474.02608695653,21637.2,50153.8,4476,5,0
-0.11803510635112639,-0.08266001279780799,0,0,,0.17391303591682453,22261.340740740736,15682.8,43713.8,4476,6,0
0.16121386724221626,-0.2236377660117073,0,0,,-0.11538461094674572,24267.273913043482,14525.5,37873.8,4476,7,0
-0.14091760021703667,-0.08038293077424924,0,0,,0.08333332986111125,31257.669230769232,17351.9,64713.8,4476,8,0
0.04021114190923836,0.3361760577349008,0,0,,-0.22580644432882438,33989.875,24904.9,40373.8,4476,9,0
-0.03508402944433249,-0.10204817436114794,0,0,,0.34782607183364905,25438.170967741935,14268.9,43753.8,4476,10,0
0.16178928319955305,-0.08966231323458314,0,0,,-0.07999999680000013,28329.104347826094,22213.5,53719.2,4476,11,0
-0.14150209674234665,0.042840393242538403,0,0,,-0.03846153698224858,31119.335999999996,26838.6,44073.8,4476,12,0
0.16351633574191796,-0.18448062801426066,0,0,,1.5999998400000162,29840.93846153846,19446.8,56813.799999999996,4476,13,0
0.7592826644970275,1.0381792406797665,0,0,,1.4999996250000938,36591.329999999994,32327.8,34300.0,4476,14,0
0.6288227762564712,0.0659718117850001,0,0,,0.28571427210884415,77640.18888888888,52545.8,107453.4,9814,0,0
-0.39901799341676863,0.9811557768305095,0,0,,-0.15999999360000025,72835.12380952382,4406.1,158890.0,9814,1,0
1.720951301236866,1.2358384794541593,0,0,,-0.10714285331632667,36763.956,12082.4,49533.0,9814,2,0
5.0,-0.4425769837927532,0,0,,0.399999980000001,16443.028571428575,3665.9,52592.0,9814,3,0
-0.9230276719403282,-0.43899254200288806,0,0,,-0.19999999200000032,29498.295000000006,3609.3,49831.0,9814,4,0
-0.12495407208856776,-0.2744678950567117,0,0,,-0.07407407133058995,52580.932,19434.5,93993.0,9814,5,0
-0.2572134400150828,0.33029693813349953,0,0,,0.28571427210884415,72472.23333333332,28678.9,189883.0,9814,6,0
2.8701454538163356,0.1357877077369616,0,0,,-0.045454543388429844,54478.238095238106,29641.9,119360.0,9814,7,0
-0.52597834443514,0.024649455652310984,0,0,,0.0,47965.15909090909,34505.4,69090.0,9814,8,0
0.4226785249939972,0.2971717720716471,0,0,,0.8333332638888947,46811.286363636355,21262.7,68460.0,9814,9,0
-0.9981267863282327,-0.5822017677750506,3,4,,-0.46666663555555765,10213.587500000001,-1503.1,45529.6,2236,0,1
0.8273087465159599,0.6220719948186036,1,1,,0.2499999791666684,24446.220000000005,-5608.4,49342.799999999996,2236,1,1
-0.2516287858515432,-0.5523694555336425,0,0,,-0.19999998666666757,15070.983333333335,597.5,44043.799999999996,2236,2,1
0.01784934880547127,0.31860976927370455,0,0,,0.0,33668.35333333334,9992.2,60375.799999999996,2236,3,1
-0.3902058468536541,0.2494554948706027,-1,0,,-0.1666666574074079,25533.219999999994,8998.6,90043.8,2236,4,1
0.5464064018062937,-0.202378064719929,-2,1,,0.12499999218750048,20435.477777777778,-670.1,68917.79999999999,2236,5,1
1.9422111050784265,3.652339689829471,-1,3,,0.23076921301775286,25620.506250000002,-3323.7,62186.7,2236,6,1
5.0,-0.5287994228605496,4,4,,0.6249999218750099,5507.015384615384,-3290.4,29465.199999999997,2236,7,1
-0.9952622862381466,-0.6940269027433748,0,0,,-0.11111109876543349,11687.199999999999,988.4,29443.8,2236,8,1
0.26020694209260414,0.051145409623842154,0,0,,0.285714244897965,38196.82222222222,22498.5,32014.6,2236,9,1
0.04734133474196241,0.1490465643700916,0,0,,0.0,36338.28571428572,26264.8,38200.0,2236,10,1
5.0,0.29845020461821614,0,0,,0.16666663888889352,31624.728571428568,23458.4,20000.0,2236,11,1
-0.990227092957206,0.019258815971205597,0,0,,0.49999987500003124,24355.75,22416.3,6900.0,2236,12,1
0.1937992316211527,0.09265459874417126,0,0,,0.0,79995.54615384617,73719.5,18529.2,10436,0,0
-0.12231564112423701,0.035023254374267114,0,0,,-0.13333332444444504,73212.10769230769,66455.0,9243.800000000001,10436,1,0
0.16260846067696574,0.062020029837131514,0,0,,-0.1666666574074079,70734.74666666666,62892.2,22643.8,10436,2,0
-0.1403821195712628,-0.0815661352497427,0,0,,0.19999998666666757,66603.96666666666,60217.7,19443.8,10436,3,0
-0.13163859895845426,0.16471869828807212,0,0,,0.0,72519.06666666667,68072.1,17343.800000000003,10436,4,0
0.4136421856638179,0.06031154284888689,0,0,,0.07142856632653098,62263.15999999999,51425.9,5743.8,10436,5,0
-0.16167280701473777,0.2685190358685859,0,0,,-0.2222222098765439,58721.57142857142,43682.7,33743.799999999996,10436,6,0
-0.015321791240488996,0.017938866577587025,0,0,,0.2857142653061239,46291.43888888889,36822.0,14743.8,10436,7,0
0.0530254150581074,0.21714836610437346,0,0,,-0.06666666222222252,45475.65714285715,39433.0,13043.800000000001,10436,8,0
-0.30092163489668616,0.3793841912755735,0,0,,0.6666665925926009,37362.45999999999,32312.8,19329.199999999997,10436,9,0
3.382750722832359,4.955658163671432,0,0,,3.499998250000875,27086.333333333332,18196.0,6900.0,10436,10,0
0.03267484303926125,0.22803384386620185,0,0,,0.0,101451.04705882353,80302.5,119359.2,11186,0,0
-0.12638331441594589,0.10473443478153792,0,0,,-0.14999999250000037,82612.58235294117,49958.1,96073.8,11186,1,0
0.22490434971626969,0.047723720562146736,0,0,,-0.09090908677685969,74780.48999999999,43098.5,154973.80000000002,11186,2,0
-0.1218082729892732,0.011790699996933227,0,0,,0.09999999500000024,71374.24545454547,42927.9,86773.8,11186,3,0
0.2019301482211826,0.02785175177250402,0,0,,0.24999998437500096,70542.50000000001,32877.0,99073.8,11186,4,0
0.19689045864778013,-0.09409747423575873,0,0,,0.06666666222222252,68631.00624999999,46377.0,108173.79999999999,11186,5,0
-0.16422079331464298,0.2266963538006322,0,0,,-0.3181818037190089,75759.81333333331,55737.9,118573.8,11186,6,0
-0.14259592113297365,-0.09993650442824634,0,0,,0.2941176297577865,61759.22272727275,41520.8,99573.8,11186,7,0
0.1662836413991082,0.14921237854165886,0,0,,-0.14999999250000037,68616.51764705882,51378.6,105363.79999999999,11186,8,0
-0.14199095173358414,-0.05512114941119698,0,0,,-0.04761904535147403,59707.43000000001,39777.4,110936.8,11186,9,0
0.1648080885485802,0.45609671443919314,0,0,,-0.045454543388429844,63190.566666666666,40435.9,118989.8,11186,10,0
-0.14189616445655445,-0.15391665316727074,0,0,,-0.18518517832647488,43397.23181818183,26011.4,102030.8,11186,11,0
0.16631706111550243,-0.1527370672793798,0,0,,0.4210526094182837,51291.91111111111,20241.0,171073.8,11186,12,0
-0.14365344339160407,-0.09434182223099265,0,0,,-0.04999999750000012,60538.363157894746,39095.5,98673.8,11186,13,0
0.1675729962752845,-0.05320170742545588,0,0,,0.8181817438016598,66844.60500000001,33164.4,172472.8,11186,14,0
-0.14038599163976298,0.03194496779239917,0,0,,0.09090908264462885,19444.216666666667,15781.8,10447.8,2106,0,0
0.16434158535160226,0.15389211707340789,0,0,,-0.21428569897959293,18842.3,14158.1,15953.2,2106,1,0
-0.142710980937395,-0.06175532066581015,0,0,,-0.17647057785467188,16329.342857142861,13241.0,11747.800000000001,2106,2,0
0.16284198397162722,-0.24486101907723795,0,0,,-0.055555552469135974,17404.141176470588,13618.1,21067.8,2106,3,0
-0.14518892471997566,-0.35422877100030076,0,0,,0.3846153550295881,23047.6,9983.0,49647.799999999996,2106,4,0
0.4842153216265319,0.9790385891427152,0,0,,0.857142734693895,35690.03846153846,24705.7,39222.6,2106,5,0
0.6475671572997173,0.17272686148330668,0,0,,-0.2666666488888901,38368.24545454545,15142.2,24929.2,3230,0,0
0.1841199707456975,-0.06451581968561036,0,0,,0.15384614201183525,32717.120000000003,10908.8,80344.80000000002,3230,1,0
0.30796116851315947,0.6236713919312037,0,0,,-0.23529410380622917,34973.46153846153,12828.4,40717.799999999996,3230,2,0
-0.6246619649263482,-0.5181230620684433,0,0,,-0.055555552469135974,21539.741176470587,11441.4,47943.8,3230,3,0
0.14962932105049864,-0.10523467132991815,0,0,,0.0,44699.67222222222,12760.5,106208.8,3230,4,0
-0.48770916161223543,-0.1905399670658811,0,0,,-0.14285713605442207,49956.86666666667,16697.3,166938.8,3230,5,0
1.2569776841073153,0.2967352228554052,0,0,,-0.045454543388429844,61716.28571428572,27374.4,119072.8,3230,6,0
-0.5177021868312566,-0.31875437058727196,0,0,,0.09999999500000024,47593.590909090904,16161.1,134522.80000000002,3230,7,0
2.466398122506325,1.6922438294956208,0,0,,0.24999998437500096,69862.6,36381.4,160176.8,3230,8,0
-0.7464162055963943,-0.4641626220786475,0,0,,-0.27272726033057904,25949.58125,8046.0,32228.800000000003,3230,9,0
0.32865048930060264,-0.2412305693301054,0,0,,0.09999999500000024,48428.09090909091,6477.3,198743.80000000002,3230,10,0
2.871366641229699,-0.1129859232148188,0,0,,1.8571425918367725,63824.51499999999,23607.9,174912.80000000002,3230,11,0
-0.548805130516905,0.22209632250051392,0,0,,-0.22222219753086697,71954.34285714287,39720.9,70400.0,3230,12,0
0.7518184770578467,0.34812263244636366,0,0,,0.799999840000032,58877.80000000001,34279.4,67300.0,3230,13,0
2.912428571209592,5.0,0,0,,1.499999250000375,43673.92,17900.0,20200.0,3230,14,0
0.1602928331283407,0.17662694867184026,0,0,,-0.15789472853185638,37357.8375,30139.2,47959.2,9024,0,0
-0.14085000824082272,-0.000776497047598102,0,0,,-0.04999999750000012,31749.94210526316,21015.7,32753.799999999996,9024,1,0
0.16693461535540763,0.19404788703336245,0,0,,-0.04761904535147403,31774.615,22858.3,49553.799999999996,9024,2,0
-0.1387254612505648,0.3570604821127273,0,0,,0.0,26610.838095238094,14410.0,32413.8,9024,3,0
0.16263316747242246,-0.06135645665744545,0,0,,0.1666666574074079,19609.17619047619,9936.3,43013.799999999996,9024,4,0
-0.1415463051294821,-0.1377708255961603,0,0,,-0.09999999500000024,20890.972222222223,13610.5,43523.8,9024,5,0
0.16657981047981055,0.14034916384005827,0,0,,-0.23076922189349144,24229.025,14716.0,41253.799999999996,9024,6,0
-0.1441875383101856,-0.24119557629544203,0,0,,0.36842103324099823,21247.023076923077,11287.5,48673.8,9024,7,0
0.7355663447233968,0.05734185430435836,0,0,,-0.09523809070294806,28000.657894736843,16838.0,44433.8,9024,8,0
-0.42818935543456693,-0.32948357586759247,0,0,,0.10526315235457093,26482.123809523808,15923.8,43833.8,9024,9,0
0.06619194499200388,0.11810432276790785,0,0,,0.5833332847222263,39495.1157894737,14802.3,75889.2,9024,10,0
2.21731489842245,3.3939897163750894,0,0,,4.99999750000125,35323.28333333333,15515.4,12800.0,9024,11,0
0.160948234151888,0.11814243674691682,0,0,,-0.06666666222222252,46363.321428571435,38548.0,32824.2,4585,0,0
-0.1411975868744662,0.05549123864385246,0,0,,0.0,41464.59333333333,34917.3,31338.799999999996,4585,1,0
0.0450164122326497,0.13180838789633967,0,0,,-0.37499998437500065,39284.64000000001,31760.4,41238.799999999996,4585,2,0
-0.043301812531682596,-0.16276746172220788,0,0,,0.26315788088642733,34709.62083333333,24237.1,44618.8,4585,3,0
0.7364808817005389,0.031207175683104556,0,0,,0.3571428316326549,41457.56315789474,31667.5,44018.799999999996,4585,4,0
-0.4237839724931569,0.02890419292419845,0,0,,-0.06666666222222252,40202.942857142865,31487.4,30193.8,4585,5,0
0.07533162900289306,0.21663671278017788,0,0,,-0.2499999875000006,39073.55333333334,28570.7,41638.8,4585,6,0
-0.0712066335252294,-0.23424516261251818,0,0,,0.05263157617728546,32116.039999999997,22023.3,38258.8,4585,7,0
0.1711136876810319,0.3615057725744094,0,0,,1.1111109876543348,41940.36842105264,28226.3,54144.2,4585,8,0
1.1087651852422593,1.7571215464743908,0,0,,1.9999993333335555,30804.399999999998,19571.9,15900.0,4585,9,0
0.16354669508567032,0.09674269093297212,0,0,,0.0,70182.17857142857,46835.9,94668.0,1862,0,0
-0.16197507202771466,-0.005149481775849364,0,0,,-0.12499999218750048,63991.47142857142,50236.2,90811.0,1862,1,0
0.19403548098234277,0.2327476795027137,0,0,,-0.05882352595155729,64322.7,37970.3,120293.0,1862,2,0
-0.14718126205398382,-0.1834443776845311,0,0,,0.06249999609375024,52178.317647058815,21390.5,111110.0,1862,3,0
0.7518522544989339,0.13931605473239303,0,0,,0.0,63900.50625,37320.3,112871.0,1862,4,0
-0.4772014134798479,0.20699292259515759,0,0,,-0.15789472853185638,56086.725000000006,42676.1,94151.0,1862,5,0
0.21394939389083376,0.0607215928804801,0,0,,0.0,46468.14736842106,17892.6,145077.0,1862,6,0
-0.09643566059164568,-0.33669789823491636,0,0,,-0.13636363016528952,43808.052631578954,18847.1,96385.0,1862,7,0
0.16652650972293623,0.03178857984947494,0,0,,0.2941176297577865,66045.4,37430.3,136436.0,1862,8,0
-0.14095973286795352,0.20994245755544694,0,0,,-0.19047618140589612,64010.59411764705,40295.7,77011.0,1862,9,0
0.1659123180674785,-0.002374557847771501,0,0,,0.1666666574074079,52903.833333333336,24882.6,152792.0,1862,10,0
-0.14255440119812887,-0.09116100636607159,0,0,,0.05882352595155729,53029.75555555556,26077.2,124095.0,1862,11,0
0.16447353571694126,-0.21015870324811836,0,0,,0.3076922840236705,58348.899999999994,38588.1,124890.0,1862,12,0
-0.13888694928465425,0.2191489331955092,0,0,,0.6249999218750099,73874.20769230771,49773.8,132267.0,1862,13,0
-0.8053501927746092,-0.11268690255701115,0,0,,-0.12499999479166687,49384.81904761904,32761.1,64335.799999999996,8039,0,0
1.2435558662923087,0.14240163351400215,0,0,,-0.03999999840000006,55656.587499999994,25819.2,125978.79999999999,8039,1,0
0.239155559983601,-0.24390882476180303,0,0,,-0.10714285331632667,48718.932,24668.0,60688.8,8039,2,0
-0.12924669438420353,0.5235803630417605,0,0,,0.47368418559556913,64435.260714285716,33773.5,91157.79999999999,8039,3,0
0.9934819682641526,-0.24528891917799467,0,0,,-0.09523809070294806,42292.0,29357.5,14788.8,8039,4,0
-0.6475785507141035,0.4344688898984922,0,0,,-0.045454543388429844,56037.33809523811,33925.1,61088.799999999996,8039,5,0
0.09535692025479749,-0.1686878374313761,0,0,,-0.11999999520000018,39064.86818181817,19547.7,50188.799999999996,8039,6,0
3.2972665092898534,0.4890559683432342,0,0,,0.08695651795841226,46991.816,19878.4,72455.79999999999,8039,7,0
-0.665776196107011,-0.3203728359476821,0,0,,0.21052630470914185,31558.126086956534,18309.5,52488.799999999996,8039,8,0
-0.2337268262310068,-0.14329287742876218,0,0,,1.3749998281250215,46434.468421052625,21516.7,101844.6,8039,9,0
0.3506572594835606,0.6664104586758145,0,0,,0.599999880000024,54201.1,32653.6,32100.0,8039,10,0
0.15361259510153671,-0.044756717070452215,0,0,,0.0,47028.94545454544,41910.1,22944.2,6688,0,0
-0.2569931935606593,0.04548459717342591,0,0,,-0.08333332986111125,49232.42727272727,42452.6,20458.8,6688,1,0
0.09524567116475888,0.09372878468856341,0,0,,-0.11111110699588492,47090.53333333333,31494.6,34558.8,6688,2,0
0.058908268265416903,-0.046090194590717004,0,0,,0.12499999479166687,43055.03703703704,34637.7,25458.8,6688,3,0
0.13737643120278678,0.07162581994849225,0,0,,0.14285713605442207,45135.333333333336,39637.2,29758.8,6688,4,0
-0.16830472423495973,0.22893733580109668,0,0,,-0.08695651795841226,42118.55714285714,36808.5,12988.800000000001,6688,5,0
-0.14216285285039476,0.5188631678307849,0,0,,-0.17857142219387778,34272.33913043479,28860.3,18958.800000000003,6688,6,0
0.238246582527378,-0.2864444590589193,0,0,,0.3333333174603182,22564.46785714286,16389.6,24958.8,6688,7,0
0.15229887344642726,0.21866525048520702,0,0,,1.6249997968750256,31622.58095238095,15407.6,42939.2,6688,8,0
1.7439650462322265,4.110494829323388,0,0,,2.99999850000075,25948.5375,17355.0,3600.0,6688,9,0
0.03929174464948694,0.03531917430447539,0,0,,-0.2272727169421492,94158.99411764706,58569.9,205329.2,501,0,0
0.5620836573991534,0.09856934781070424,0,0,,0.2222222098765439,90946.82727272727,61720.3,165146.80000000002,501,1,0
-0.6347584592349261,-0.1028297885331288,0,0,,-0.3999999866666671,82786.60555555556,58906.7,123420.8,501,2,0
4.362059254535239,0.3531052600077187,0,0,,1.4999998750000105,92275.24999999999,60458.2,309397.8,501,3,0
0.9928931334090048,0.42105551051340717,0,0,,0.33333329629630043,68195.175,56078.2,33443.799999999996,501,4,0
-0.500857428511497,0.4738703289051735,0,0,,-0.39999997333333515,47989.1,44283.3,43.8,501,5,0
1.2389640271385316,-0.2033838578263212,0,0,,0.15384614201183525,32559.919999999995,21917.3,43008.799999999996,501,6,0
-0.6828150400062122,-0.17428668886374707,0,0,,-0.23529410380622917,40872.78461538461,20664.6,43000.8,501,7,0
5.0,0.33435883271985056,0,0,,0.3076922840236705,49499.970588235294,20230.0,60097.799999999996,501,8,0
-0.9056857649712015,-0.003493739888302355,0,0,,-0.23529410380622917,37096.44615384615,24213.6,48143.799999999996,501,9,0
5.0,-0.010169085200951387,0,0,,0.5454544958677732,37226.50588235294,25659.0,34043.8,501,10,0
-0.9944448134668055,-0.3190892292961455,0,0,,-0.08333332638888948,37608.954545454544,29838.4,44243.799999999996,501,11,0
-0.3759294200246562,0.13726783763486392,0,0,,-0.38095236281179223,87964.5153846154,59145.8,136029.2,7795,0,0
-0.2381373732079539,-0.14369011099931592,0,0,,-0.15999999360000025,77347.22857142857,50209.8,160601.80000000002,7795,1,0
1.767606421584251,0.4880282353768923,0,0,,0.19047618140589612,90326.212,49222.1,261243.8,7795,2,0
0.08448641339619327,-0.12234188391460396,0,0,,0.615384568047341,60701.94761904761,42164.2,94043.8,7795,3,0
-0.3239918613755882,-0.17691183150141368,0,0,,-0.07142856632653098,69163.54615384615,47127.1,48243.799999999996,7795,4,0
0.04473255804861428,0.9998397214906805,0,0,,-0.26315788088642733,84029.32857142856,55851.0,124043.80000000002,7795,5,0
0.4266569024730146,0.18935320255167862,0,0,,0.055555552469135974,42018.03157894737,19850.8,53476.799999999996,7795,6,0
0.6175359317706417,-0.31345619341050934,0,0,,0.3846153550295881,35328.47222222222,20370.7,72495.8,7795,7,0
-0.6387395899242602,-0.1086150784642701,0,0,,-0.4347825897920613,51458.43846153847,21565.9,81043.8,7795,8,0
-0.16015686779149219,-0.2794835932223397,0,0,,0.045454543388429844,57728.63913043479,31197.8,148944.80000000002,7795,9,0
-0.3872200351551387,0.18565234170941192,0,0,,-0.26666665777777804,80121.2,54327.9,211643.80000000002,7795,10,0
0.9700574754200706,0.1483135860321853,0,0,,0.15384614792899431,67575.62666666669,23416.8,250943.8,7795,11,0
-0.18733972549722963,-0.15167227028450744,0,0,,0.0,58847.71153846154,24039.4,166829.8,7795,12,0
-0.060378219761696675,0.0724213422974,0,0,,0.03999999840000006,69369.07692307692,27258.6,232786.8,7795,13,0
0.37142374528764527,0.23491792497217862,0,0,,0.47058820761245834,64684.53600000001,23257.6,205491.8,7795,14,0
-0.14192460181195632,0.09632740739539074,0,0,,-0.045454543388429844,53900.747619047615,28712.4,109628.8,9422,0,0
0.16603005857077086,0.10874463801350197,0,0,,-0.04347825897920613,49164.82727272727,29858.7,143197.80000000002,9422,1,0
-0.14223860835678218,-0.10448792128891152,0,0,,-0.17857142219387778,44342.78695652173,27763.7,64664.799999999996,9422,2,0
0.16385248413799777,-0.11298830470506298,0,0,,0.037037035665294975,49516.68214285713,29277.5,137887.8,9422,3,0
-0.14097848551222625,-0.32196361735482004,0,0,,1.9999997777778027,55824.159259259264,24708.5,185416.8,9422,4,0
0.7448940819854775,0.8361293219191157,0,0,,0.49999991666668053,82332.1,51150.2,128300.0,9422,5,0
-0.1419655416639968,0.10285167862055666,0,0,,-0.045454543388429844,50284.74285714285,25081.1,109628.79999999999,2062,0,0
0.1657996518589326,0.11743021958653795,0,0,,-0.04347825897920613,45595.2,26271.2,143197.80000000002,2062,1,0
-0.14211774740441074,-0.11289097975552662,0,0,,-0.17857142219387778,40803.621739130445,24214.8,64664.799999999996,2062,2,0
0.16355336172283683,-0.1837496107338616,0,0,,0.037037035665294975,45996.174999999996,25760.1,137887.8,2062,3,0
-0.14095670971582602,-0.3155698643580579,0,0,,1.9999997777778027,56350.57037037038,22011.8,188916.8,2062,4,0
0.7448940819854775,0.8361293219191157,0,0,,0.49999991666668053,82332.1,51150.2,128300.0,2062,5,0
5.0,0.5381002042095374,0,0,,0.2499999791666684,45966.07333333333,19201.1,61930.2,4447,0,0
-0.7677877136264127,-0.27571660404739384,0,0,,0.09090908264462885,29884.96666666667,19711.9,32696.799999999996,4447,1,0
-0.5908214148487108,-0.2210010367306859,0,0,,-0.47619045351474026,41261.42727272727,27271.6,39243.799999999996,4447,2,0
0.4442307366164158,0.3922010706920539,0,0,,0.615384568047341,52967.24285714286,29271.8,108398.80000000002,4447,3,0
1.4217822362600672,0.1655553456568123,0,0,,0.299999970000003,38045.68461538461,16117.7,18643.8,4447,4,0
-0.7632460540956012,-0.44706216572753044,0,0,,-0.4117646816609011,32641.68,19624.9,16943.799999999996,4447,5,0
0.2710676351633384,0.1193553802235741,0,0,,-0.19047618140589612,59033.18235294118,19924.9,147543.80000000002,4447,6,0
-0.023052399106749118,-0.050155242166886924,0,0,,0.1666666574074079,52738.55238095237,30356.7,127506.80000000002,4447,7,0
-0.370680349819306,-0.24115259571127481,0,0,,-0.05263157617728546,55523.33888888888,23537.2,108343.8,4447,8,0
5.0,2.6124729014004493,0,0,,5.0,73167.98947368421,35314.7,141656.2,4447,9,0
-0.13907882506087083,0.4413895238199202,0,0,,-0.03999999840000006,63452.25,36730.1,45109.0,3754,0,0
0.16598657010119003,0.10355602182745798,0,0,,-0.03846153698224858,44021.583999999995,26456.9,85112.0,3754,1,0
-0.1800368723269858,-0.173262629716603,0,0,,-0.10344827229488716,39890.665384615386,20215.7,74309.0,3754,2,0
0.21760530327480937,-0.07761361628626023,0,0,,0.035714284438775556,48250.710344827574,24067.9,104133.0,3754,3,0
-0.1405015091474103,-0.09995286537195316,0,0,,0.1666666597222225,52310.73571428573,24471.2,109754.0,3754,4,0
0.1647595380708237,0.32344065488409557,0,0,,-0.07692307396449716,58119.99583333333,29215.8,82779.0,3754,5,0
-0.1516268361352499,0.07664072797712859,0,0,,-0.13333332888888902,43915.83076923077,23454.8,63438.0,3754,6,0
0.1795082988160312,0.10132236220061408,0,0,,0.0,40789.68000000001,18331.5,92843.0,3754,7,0
-0.14423735275027547,-0.4173493109393063,0,0,,0.7647058373702448,37037.003333333334,20224.5,102747.0,3754,8,0
0.729376987640568,0.8895512653237869,0,0,,1.428571224489825,63566.394117647054,37361.7,109289.0,3754,9,0
3.1882278188151827,1.4368116429177165,0,0,,0.19999998666666757,79093.35000000002,12811.7,129900.0,132,0,0
-0.42619445423282964,-0.3446769505106852,0,0,,0.07142856632653098,32457.719999999994,16426.0,72413.0,132,1,0
-0.5696538557196467,-0.10187852682282408,0,0,,-0.5172413614744358,49529.34285714286,20058.3,74918.0,132,2,0
1.003349059176749,-0.055926179237385285,0,0,,0.6111110771604957,55147.71034482759,24854.1,198709.0,132,3,0
-0.3528417122456922,-0.15119490206295405,0,0,,0.3846153550295881,58414.61666666667,35900.5,95433.0,132,4,0
-0.44655584363492556,-0.21978146207707333,0,0,,-0.3333333111111126,22315.02,11505.7,27905.2,5001,0,0
1.7640589632300452,1.069786798732616,0,0,,0.2499999791666684,28600.98666666666,12077.1,61119.799999999996,5001,1,0
-0.8442838417266046,-0.7804301528170621,0,0,,-0.5555555349794246,13818.324999999999,8351.6,27919.8,5001,2,0
0.011832012665936111,-0.06052288935593495,0,0,,0.4210526094182837,62933.618518518524,21494.1,199536.80000000002,5001,3,0
1.654101500182193,0.8359397189798797,0,0,,0.18749998828125072,66987.92105263157,23921.5,149419.8,5001,4,0
-0.16553155320848284,0.04427851219090415,0,0,,0.06666666222222252,36486.99375,17658.4,64046.799999999996,5001,5,0
-0.23356752346068488,-0.4802648925800864,0,0,,-0.34782607183364905,34939.90666666667,15600.1,41571.799999999996,5001,6,0
-0.5912885723769118,-0.21589353130078606,0,0,,-0.20689654458977433,67226.37391304348,18230.5,181092.80000000002,5001,7,0
-0.30260416122338324,0.08329381617887616,0,0,,-0.2368420990304711,85736.2827586207,44595.9,256899.80000000002,5001,8,0
5.0,0.32400113426477756,0,0,,3.749999531250059,79144.0710526316,32875.0,349979.8,5001,9,0
-0.4524384874963015,0.49953613778701944,0,0,,0.1428571224489825,59776.43750000001,35941.1,46314.6,5001,10,0
0.48326541846919685,-0.13222866174720946,0,0,,-0.05882352595155729,43918.8875,29958.4,105516.79999999999,6434,0,0
1.5452714283443658,0.759271374942689,0,0,,0.41666663194444736,50611.129411764705,34528.8,73516.8,6434,1,0
-0.7023541426682672,-0.22084998173831963,0,0,,-0.4285714081632663,28768.233333333334,12608.2,34816.799999999996,6434,2,0
0.18352440818013174,-0.3614264408515786,0,0,,0.1666666574074079,36922.58571428573,19791.5,89016.8,6434,3,0
-0.3815779970019967,-0.011190744196850573,0,0,,0.12499999218750048,57820.41111111111,24829.3,103616.80000000002,6434,4,0
0.4119307495041738,0.1361852058024091,0,0,,-0.05882352595155729,58474.7875,22617.9,97528.79999999999,6434,5,0
-0.3846185270110048,0.002151847017819704,0,0,,-0.37037035665294976,51465.894117647054,30017.3,89216.79999999999,6434,6,0
1.244657990439007,0.3516112872628242,0,0,,0.588235259515573,51355.38518518518,23137.2,149467.80000000002,6434,7,0
-0.5658776669668634,-0.44851165840569845,0,0,,-0.2608695538752368,37995.67647058824,15030.9,83816.8,6434,8,0
1.5274038517397173,0.15180084225194596,0,0,,1.8749997656250295,68896.60869565216,20349.4,180716.80000000002,6434,9,0
0.5616078401777521,0.33401260830252766,0,0,,0.0,59816.425,41733.6,53400.0,6434,10,0
5.0,0.7357216128747466,0,0,,1.6666661111112961,44839.475000000006,34217.4,26800.0,6434,11,0
-0.8945147678947462,0.3913824057239828,0,0,,0.0,25833.333333333332,24400.0,2200.0,6434,12,0
-0.04756348994475557,0.20342249620149674,0,0,,-0.06666666222222252,66271.97142857143,56131.5,19239.2,5263,0,0
-0.26257628767408303,0.04740707554007658,0,0,,-0.1666666574074079,55069.57999999999,40613.3,11893.800000000001,5263,1,0
0.010470380913461344,0.43727094241590414,0,0,,-0.27999998880000043,52577.055555555555,28522.1,47373.799999999996,5263,2,0
0.723372642809247,-0.05874342542067187,0,0,,0.5624999648437522,36581.172,21676.6,34973.8,5263,3,0
0.1861712740182605,-0.031054764375626546,0,0,,0.0,38864.1875,33613.0,14933.800000000001,5263,4,0
-0.24768387901279776,0.07362813316569587,0,0,,0.0,40109.787500000006,35972.0,17873.8,5263,5,0
-0.24752879068140698,0.3289588858752583,0,0,,-0.27272726033057904,37359.10625,31077.4,12613.8,5263,6,0
0.3845182626009702,-0.11631954766330938,0,0,,0.2222222098765439,28111.559090909093,17855.6,32173.8,5263,7,0
0.3642336227663603,0.03926423412144713,0,0,,-0.05263157617728546,31811.905555555553,26762.5,19903.800000000003,5263,8,0
-0.2673123458570983,0.23555853638206672,0,0,,0.0,30610.026315789473,26288.3,24893.8,5263,9,0
0.06417202896522725,0.2159523843299274,0,0,,-0.17391303591682453,24774.242105263154,18293.3,30053.800000000003,5263,10,0
0.44566558157640995,-0.38013211822303944,0,0,,0.4374999726562517,20374.35217391304,13504.3,40713.8,5263,11,0
-0.3147780289965985,0.5969150100097574,0,0,,0.9999998750000157,32868.8625,25199.0,24604.6,5263,12,0
-0.1026515936479814,-0.033264762530123976,0,0,,-0.1666666574074079,41302.94666666666,21754.0,62059.2,4948,0,0
-0.36367854576276976,-0.22020074474016746,0,0,,-0.18181817355371938,42724.15555555556,26538.2,46665.799999999996,4948,1,0
0.845439603544815,0.7464403559470014,0,0,,0.2941176297577865,54788.65909090909,27877.1,149812.80000000002,4948,2,0
0.784828178875473,-0.3402603517080183,0,0,,0.0,31371.617647058825,14745.6,25173.800000000003,4948,3,0
-0.494051326400335,-0.1110673571439463,0,0,,0.0,47551.51176470588,27709.7,68473.79999999999,4948,4,0
-0.15652131678097284,0.08240434175215865,0,0,,-0.14999999250000037,53492.81764705882,27318.1,76873.8,4948,5,0
-0.2818099886362667,0.16415103228330094,0,0,,-0.1666666597222225,49420.365,24266.7,104259.8,4948,6,0
-0.05841614355147133,-0.07299313569995265,0,0,,0.26315788088642733,42451.85,19446.6,94573.79999999999,4948,7,0
0.3287845953891921,0.18268385086234765,0,0,,-0.17391303591682453,45794.53684210526,11599.4,80163.79999999999,4948,8,0
5.0,0.08273367431539662,0,0,,2.28571395918372,38720.860869565215,7710.2,127271.80000000002,4948,9,0
-0.7181870063142014,0.3208558670225898,0,0,,0.16666663888889352,35762.12857142857,26296.9,29000.0,4948,10,0
5.0,0.24578067483531676,0,0,,0.9999996666667778,27074.966666666664,20000.0,5400.0,4948,11,0
-0.7819148935754301,0.8898550723863893,0,0,,0.0,21733.333333333332,19700.0,0.0,4948,12,0
0.16510476371606905,0.18639007065210456,0,0,,-0.19999998666666757,34906.316666666666,14060.8,94998.2,3115,0,0
-0.14265211610166004,-0.140971868920122,0,0,,-0.06249999609375024,29422.29333333333,18378.1,81912.8,3115,1,0
0.16642266589379873,0.18091858747868556,0,0,,-0.05882352595155729,34250.675,21539.0,92551.79999999999,3115,2,0
-0.14343382601740692,-0.2078013605534309,0,0,,-0.055555552469135974,29003.41764705882,17431.4,88112.8,3115,3,0
0.7444730283669773,0.054390202218541815,0,0,,0.12499999218750048,36611.294444444444,24007.4,95112.8,3115,4,0
-0.42876016825209096,-0.24404685203081225,0,0,,0.0,34722.71875,23261.2,81769.79999999999,3115,5,0
0.16203745988510168,0.33973927535205384,0,0,,-0.15789472853185638,45932.36875,29790.5,90400.79999999999,3115,6,0
-0.13612842082932283,0.02236899990061267,0,0,,0.0,34284.557894736834,19692.8,69889.79999999999,3115,7,0
0.1402411533618508,-0.17145795982092782,0,0,,-0.09523809070294806,33534.42631578947,19702.3,93900.8,3115,8,0
-0.12257326332112947,-0.24780821678928652,0,0,,1.3333331851852017,40474.01904761906,19592.2,162786.2,3115,9,0
2.435222425276197,2.210507822726766,0,0,,3.499998250000875,53808.11111111111,25520.0,57000.0,3115,10,0
0.1597047323247129,0.12567738454535798,0,0,,-0.12499999218750048,80432.4,68338.4,38368.2,9548,0,0
-0.13980274436973905,0.08263210378713214,0,0,,-0.11111110493827195,71452.44375,65025.2,46682.8,9548,1,0
0.14282966137215622,0.14075811111831468,0,0,,0.05882352595155729,65998.82222222222,55533.7,50482.799999999996,9548,2,0
0.2230934132679374,0.09206849654985699,0,0,,0.06249999609375024,57855.2294117647,50960.8,53082.799999999996,9548,3,0
-0.16279112184094985,0.20621174733566272,0,0,,0.06666666222222252,52977.65625,40419.2,48882.799999999996,9548,4,0
-0.2297803414256485,0.15542232513702084,0,0,,-0.06249999609375024,43920.69333333333,35594.8,31369.799999999996,9548,5,0
0.2983332907694744,-0.029168856160476896,0,0,,0.0,38012.675,21476.0,70382.8,9548,6,0
-0.14301568395523623,-0.06072939321436992,0,0,,0.0,39154.77500000001,30829.0,54082.799999999996,9548,7,0
0.16966657585879674,0.1284941976146892,0,0,,0.7777776913580343,41686.3625,30585.1,62668.2,9548,8,0
1.8474204798871663,1.8185419738511037,0,0,,1.9999993333335555,36939.81111111111,19273.5,32600.0,9548,9,0
-0.20602008119988643,0.10436710952458932,0,0,,0.0,79235.44666666668,67905.3,46135.2,10297,0,0
0.15219577978161528,0.08566655030818181,0,0,,-0.06249999609375024,71747.37999999999,55899.1,29749.799999999996,10297,1,0
-0.00331598145798376,0.27170739332001553,0,0,,-0.23809522675737013,66086.01875,38001.5,73429.8,10297,2,0
-0.044576200358199244,0.0016718781573878947,0,0,,0.04999999750000012,51966.37142857142,37847.2,51829.799999999996,10297,3,0
0.25672424297029584,0.1338610461294851,0,0,,0.24999998437500096,51879.634999999995,36899.8,44989.799999999996,10297,4,0
-0.1442243478615902,0.04054182231988123,0,0,,-0.11111110493827195,45754.84375,32830.7,43769.799999999996,10297,5,0
0.05557961618701584,0.3544326522935763,0,0,,-0.14285713605442207,43972.13333333333,27326.7,44749.799999999996,10297,6,0
0.41619753793920156,-0.11900814926438591,0,0,,0.1666666574074079,32465.352380952376,17298.4,45509.799999999996,10297,7,0
-0.18624512022909567,0.1252443470257382,0,0,,-0.14285713605442207,36850.91111111111,28528.2,49227.799999999996,10297,8,0
-0.12123359122956658,-0.3394134836011865,0,0,,0.615384568047341,32749.252380952385,21042.4,82129.79999999999,10297,9,0
0.0857233701484613,0.6168693335237836,0,0,,0.6249999218750099,49576.02307692307,38548.6,76818.6,10297,10,0
-0.19871110595420655,0.22002127371693905,0,0,,-0.21052630470914185,74237.45333333335,48755.8,92683.8,7859,0,0
0.24572145586882144,-0.3421809944189294,0,0,,0.2666666488888901,60849.310526315785,31604.8,139385.8,7859,1,0
-0.1405186501658913,0.23760739507482453,0,0,,-0.06249999609375024,92501.6,67090.9,83262.79999999999,7859,2,0
0.16618647990717542,-0.012640416041492592,0,0,,-0.11111110493827195,74742.28125,45600.5,114284.8,7859,3,0
-0.1424489330665122,0.06203508675979758,0,0,,-0.05263157617728546,75699.15,37375.9,97044.8,7859,4,0
0.16385592433215235,-0.18090093931891615,0,0,,0.18749998828125072,71277.44736842105,48253.3,138783.8,7859,5,0
-0.1413021617312927,0.09067572077799176,0,0,,-0.05882352595155729,87019.325,56094.9,108543.79999999999,7859,6,0
0.16511896338359722,0.00951704885079632,0,0,,0.06249999609375024,79784.78235294118,44692.5,117914.8,7859,7,0
-0.14104237395967004,0.020506489097542213,0,0,,0.599999940000006,79032.625,52772.4,101443.79999999999,7859,8,0
0.737172999401252,1.1561786297808678,0,0,,0.6666665555555741,77444.51,37846.8,94074.0,7859,9,0
0.14090312664119023,0.14634663724650476,0,0,,0.16666665277777895,32424.300000000007,23037.0,23269.199999999997,9510,0,0
-0.2552462561542862,0.13444311419936175,0,0,,-0.14285713265306196,28284.899999999998,22929.5,14043.800000000001,9510,1,0
0.3680021709648372,-0.1901352918318637,0,0,,0.07692307100591762,24932.85,4294.5,55703.799999999996,9510,2,0
-0.14268388031536286,-0.07522895983790515,0,0,,-0.23529410380622917,30786.438461538462,18347.3,24423.8,9510,3,0
0.16412112062859918,-0.0811402204239338,0,0,,0.3076922840236705,33290.876470588235,21476.4,37463.799999999996,9510,4,0
-0.14283648320261613,-0.1379926901971505,0,0,,-0.13333332444444504,36230.63846153846,25567.9,29103.8,9510,5,0
0.16322216639043047,-0.08092185058018203,0,0,,0.07142856632653098,42030.54666666666,32356.0,38443.8,9510,6,0
0.1943368643064274,-0.11582749066743653,0,0,,-0.06666666222222252,45731.200000000004,35877.8,32763.8,9510,7,0
-0.16169287638816188,0.10759748023396846,0,0,,0.6666665925926009,51722.03333333334,38848.9,47843.799999999996,9510,8,0
0.17162034091496167,1.1557235909188988,0,0,,0.799999840000032,46697.5,32654.9,23400.0,9510,9,0
0.16419481208288167,-0.034522604945335086,0,0,,-0.11111110493827195,22974.425,12547.6,70342.2,1250,0,0
-0.1417755438853258,0.23915079900647077,0,0,,0.0,23795.92222222222,17130.9,57933.799999999996,1250,1,0
0.16571316386240298,-0.060866045032669465,0,0,,0.05882352595155729,19203.41111111111,10378.3,59433.799999999996,1250,2,0
0.1985157117350711,-0.07629426315511376,0,0,,0.13333332444444504,20448.0,10379.0,59633.799999999996,1250,3,0
-0.1655120654949681,0.1494954420033134,0,0,,-0.2499999875000006,22136.919999999995,12640.1,68572.8,1250,4,0
-0.14359294385348115,-0.29880430059374913,0,0,,0.05263157617728546,19257.945,10541.6,65495.799999999996,1250,5,0
0.1671478790286319,0.2642713611388662,0,0,,-0.04999999750000012,27464.436842105264,20598.5,66233.8,1250,6,0
-0.15340884614864425,-0.3429320145610393,0,0,,-0.1666666597222225,21723.53,14854.1,47433.799999999996,1250,7,0
0.17698126654782748,-0.2533532311173273,0,0,,0.4117646816609011,33061.3125,22998.3,103233.8,1250,8,0
-0.1386661675695468,0.11713825517022107,0,0,,0.8888887901234679,44279.72352941177,33778.5,76689.2,1250,9,0
2.4204686098578607,2.29880108544344,0,0,,3.499998250000875,39636.744444444455,20631.0,39200.0,1250,10,0
-0.1426403164383266,-0.1877029626346895,0,0,,0.0,23751.805,7142.7,80679.0,2153,0,0
0.166249502153106,0.08747905463927934,0,0,,-0.09090908677685969,29240.295000000002,6174.7,79779.0,2153,1,0
-0.1422060054352776,-0.01654452672163103,0,0,,-0.15384614792899431,26888.14545454545,9122.7,81179.0,2153,2,0
0.16588803205320024,0.18224917769276788,0,0,,0.0,27340.480769230773,10676.9,86023.0,2153,3,0
-0.14205355265719335,-0.29874057264565995,0,0,,0.03999999840000006,23125.819230769233,6214.1,101227.0,2153,4,0
0.1598909497515982,-0.3503478947357909,0,0,,0.7857142295918408,32977.552,9900.3,111630.0,2153,5,0
0.5000999049211218,0.49057455541019257,0,0,,1.3333331111111482,50761.864285714284,32123.9,118566.0,2153,6,0
0.164190843107481,-0.08273448532925864,0,0,,0.0,26629.746666666666,12990.7,71999.2,4981,0,0
-0.14222476430543346,0.06187333988718325,0,0,,0.0,29031.66666666666,17202.7,62233.799999999996,4981,1,0
0.16538979212275376,0.05312469836660853,0,0,,-0.34782607183364905,27340.04666666667,14985.3,67133.8,4981,2,0
-0.14363026948262475,-0.31878259859389024,0,0,,0.35294115570934376,25960.882608695654,16110.7,69733.8,4981,3,0
0.7445505536530111,0.17101614862034914,0,0,,0.21428569897959293,38109.54117647059,27579.3,71093.8,4981,4,0
-0.42745407629428867,-0.1887149030459675,0,0,,-0.26315788088642733,32543.992857142854,22805.5,45923.799999999996,4981,5,0
0.16600587819758858,0.05003105310970519,0,0,,-0.09523809070294806,40114.12631578947,19630.9,86153.8,4981,6,0
-0.14279643215753549,-0.21381283119383016,0,0,,0.1666666574074079,38202.799999999996,27151.5,64553.799999999996,4981,7,0
0.16591988732766685,0.13988111929987185,0,0,,-0.18181817355371938,48592.5,36074.7,70153.8,4981,8,0
-0.14270378430311062,-0.17631911298494302,0,0,,0.5714285306122479,42629.445454545465,31463.4,67893.79999999999,4981,9,0
0.1059847537445129,0.5265610111924309,0,0,,0.7499999062500118,51754.80714285715,29444.7,96914.6,4981,10,0
0.16418365590898326,-0.048264262946275845,0,0,,0.0,27257.93846153846,11022.6,74158.2,3021,0,0
-0.14192178039010506,-0.12208670869571762,0,0,,0.08333332638888948,28640.238461538458,15925.7,42994.799999999996,3021,1,0
0.16614985449991124,0.10290780686116797,0,0,,-0.14285713265306196,32623.083333333332,22082.0,57043.799999999996,3021,2,0
-0.14218509858077838,0.08514525913889803,0,0,,-0.06666666222222252,29579.157142857144,19997.0,40443.799999999996,3021,3,0
0.1637707451198116,-0.2478403966764953,0,0,,0.15384614201183525,27258.246666666662,19406.2,61679.799999999996,3021,4,0
0.19890883642138085,0.08329680831619336,0,0,,-0.07142856632653098,36239.97692307692,22402.2,56525.799999999996,3021,5,0
-0.24526828817214058,0.3435813286770818,0,0,,-0.26315788088642733,33453.41428571428,27116.4,47101.799999999996,3021,6,0
-0.05247468844718637,-0.2582305890045782,0,0,,0.055555552469135974,24898.689473684208,18271.0,53970.799999999996,3021,7,0
0.16418861187318887,-0.29478638367820675,0,0,,0.4999999583333368,33566.61666666666,17120.7,82111.79999999999,3021,8,0
-0.16889818137430299,0.5090627209243416,0,0,,0.4999999375000079,47597.799999999996,38377.7,64114.6,3021,9,0
-0.5758453026853803,-0.2713730798960981,0,0,,-0.3571428316326549,33026.72222222222,21583.7,11000.0,10520,0,0
1.6978748584330154,0.45793071244289335,0,0,,0.39999996000000404,45327.34285714285,22378.8,45526.0,10520,1,0
-0.38733350596423344,-0.3223041680884147,0,0,,-0.37499997656250145,31090.190000000002,21847.9,16609.0,10520,2,0
-0.7733159167066181,-0.4398877437019542,0,0,,-0.333333319444445,45876.31875,24240.1,51500.0,10520,3,0
1.5701533657613824,1.217909800732044,0,0,,0.9999999166666736,81905.57916666668,44349.8,173835.0,10520,4,0
-0.7451017111798861,-0.6067262414065683,0,0,,-0.5555555349794246,36929.174999999996,16817.2,21426.0,10520,5,0
0.12463998567793795,0.26153291604070816,0,0,,0.12499999479166687,93901.95555555557,23984.8,295470.0,10520,6,0
5.0,0.8027199067842219,0,0,,0.8461537810650938,74434.80416666665,22429.1,229093.0,10520,7,0
5.0,0.32629837892511204,0,0,,1.1666664722222546,41290.27692307692,26389.0,33195.0,10520,8,0
1.2898470598029783,-0.012102278346200463,0,0,,0.0,31131.966666666664,30246.2,3000.0,10520,9,0
0.0,-0.30014009774714356,0,0,,0.0,31513.350000000002,30760.9,6100.0,10520,10,0
-0.9914972021534194,-0.16952846955632767,0,0,,-0.33333329629630043,45028.083333333336,35775.6,52000.0,10520,11,0
-0.4287383383099572,-0.301470292959359,0,0,,-0.2424242350780535,50647.867999999995,29498.5,90148.0,10411,0,0
0.4170892312806492,0.24334634667591176,0,0,,0.4347825897920613,72506.3909090909,48072.0,161764.0,10411,1,0
-0.43560257641238626,-0.11527449423216832,0,0,,-0.36111110108024724,58315.52173913045,36096.4,47723.0,10411,2,0
0.9917880684694819,-0.1390709860137753,0,0,,0.3846153698224858,65913.68888888888,11295.7,193517.0,10411,3,0
-0.20985850732172237,0.20459257785721588,0,0,,0.03999999840000006,76561.11923076924,52225.8,78546.0,10411,4,0
-0.16174967843771998,0.09153038470028974,0,0,,0.0,63557.68800000001,37573.0,83294.0,10411,5,0
0.08019329561908033,0.5225383547963155,0,0,,-0.21874999316406274,58228.052,28370.9,57539.0,10411,6,0
1.3736892314402849,1.1615041342761867,0,0,,0.4545454338842984,38244.0625,12212.9,110519.0,10411,7,0
0.7204666369404398,-0.30143505647851865,0,0,,-0.15384614792899431,17693.263636363627,5466.5,48846.0,10411,8,0
5.0,-0.2559344717189468,0,0,,3.33333277777787,25328.01538461539,4686.3,58346.0,10411,9,0
-0.9742125946003057,-0.4292406034590505,0,0,,-0.24999996875000394,34040.03333333333,32151.4,12500.0,10411,10,0
-0.379943722678861,0.5665578047692041,0,0,,1.6666661111112961,59639.9,43583.1,64300.0,10411,11,0
0.15678076919219153,0.05107201152303219,0,0,,-0.13636363016528952,56191.389473684205,42740.1,50223.2,9030,0,0
-0.1408878031812513,-0.01936428637255925,0,0,,-0.04347825897920613,53461.02727272727,42303.1,45057.799999999996,9030,1,0
0.16656721411730618,0.18322172527374742,0,0,,-0.07999999680000013,54516.70434782608,40530.3,39877.799999999996,9030,2,0
0.20030925626321375,0.12363500643308291,0,0,,0.08695651795841226,46074.8,36439.7,40377.8,9030,3,0
-0.16311969330840265,-0.014734862819574052,0,0,,0.09523809070294806,41005.130434782615,34044.8,51997.799999999996,9030,4,0
-0.1448493142349486,-0.08170246189035532,0,0,,-0.045454543388429844,41618.37142857143,35157.5,33697.799999999996,9030,5,0
0.16561472213279607,-0.0791729182663555,0,0,,-0.04347825897920613,45321.227272727265,28303.2,70857.8,9030,6,0
-0.14343360585463194,-0.05736940469288124,0,0,,0.0,49217.95652173913,42554.7,50077.799999999996,9030,7,0
0.11177206708465648,0.22752293858775705,0,0,,0.0,52213.40869565217,42652.2,46957.799999999996,9030,8,0
-0.09993091928245515,-0.0868110704706864,0,0,,-0.041666664930555625,42535.58695652175,32796.0,29410.8,9030,9,0
0.1660409861041983,0.0657367892118952,0,0,,-0.11111110699588492,46579.174999999996,18983.2,84626.79999999999,9030,10,0
-0.14011168751585476,-0.07286667240167342,0,0,,0.03846153698224858,43706.077777777784,30697.1,43937.8,9030,11,0
0.16303692623379484,0.08886846292392822,0,0,,0.03999999840000006,47141.09230769231,37660.7,66717.8,9030,12,0
-0.1371939669818676,-0.042072499181450264,0,0,,0.19047618140589612,43293.651999999995,34207.2,53597.799999999996,9030,13,0
0.12731852612986072,0.7591401006073838,0,0,,1.099999890000011,45195.1238095238,36214.0,64050.6,9030,14,0
-0.6356197201624842,-0.18401829607967607,0,0,,-0.14285713265306196,25638.308333333338,17158.2,25872.2,3189,0,1
0.38543254664167426,-0.2218340773524241,0,0,,0.16666665277777895,31420.199999999993,16556.2,40856.799999999996,3189,1,1
-0.6357357940436031,1.7019941779568373,-4,0,,-0.4782608487712674,40377.24999999999,27610.6,34343.799999999996,3189,2,1
1.031329425689106,-0.6144403469956919,4,4,,1.0909089917355463,14943.5,-923.1,109895.8,3189,3,1
1.6503058197224059,2.059010371075249,-3,0,,-0.21428569897959293,38757.94545454545,16646.9,14843.800000000001,3189,4,1
1.5057963110443087,-0.5173148811838776,3,3,,0.5555554938271674,12670.092857142858,-5967.9,40857.399999999994,3189,5,1
-0.7861056389072,0.5543530467248742,0,0,,-0.39999997333333515,26249.18888888889,24775.0,43.8,3189,6,1
-0.6722273422634985,-0.758833884958536,0,0,,-0.3181818037190089,16887.533333333333,393.5,28843.799999999996,3189,7,1
-0.00423765279875219,0.32088733274970416,0,0,,0.2222222098765439,70024.48636363637,28096.3,178543.80000000002,3189,8,1
1.0856451518070733,0.20725422107629826,0,0,,0.3846153550295881,53013.21666666666,14705.7,55043.799999999996,3189,9,1
5.0,0.11436221350740373,0,0,,1.1666664722222546,43912.22307692307,20505.7,67339.6,3189,10,1
-0.9928427368992077,0.3603699394702104,0,0,,0.0,39405.700000000004,29696.7,39800.0,3189,11,1
0.16209338054362468,0.0360406720392754,0,0,,-0.045454543388429844,34730.852380952376,24468.0,68894.2,8972,0,0
-0.14366506582645666,-0.1409286931179126,0,0,,0.0,33522.67272727274,26678.8,52528.799999999996,8972,1,0
0.16404296173464178,-0.06749835484846439,0,0,,-0.04347825897920613,39021.99090909091,18163.3,90308.8,8972,2,0
0.19361685079475163,-0.0786970914308497,0,0,,0.09523809070294806,41846.5652173913,29841.6,64168.799999999996,8972,3,0
-0.16566442067955278,-0.02340141003014977,0,0,,-0.12499999479166687,45421.071428571435,37584.5,67348.8,8972,4,0
-0.13854465633180774,0.10534410350897068,0,0,,0.09090908677685969,46509.458333333336,34914.9,66208.8,8972,5,0
0.166329525589143,0.18383344247822142,0,0,,-0.04347825897920613,42076.90454545455,30543.6,56968.799999999996,8972,6,0
-0.1448518421036798,-0.1940590929938513,0,0,,0.0,35542.92608695652,24850.0,74888.8,8972,7,0
0.17167943530763422,-0.014841309992850375,0,0,,0.6428570969387788,44101.15652173915,32022.8,71572.8,8972,8,0
0.19174052851903722,0.5553786961148832,0,0,,1.3333331111111482,44765.53571428572,34913.6,58056.0,8972,9,0
-0.28914137829847864,-0.41211929946407033,0,0,,-0.05882352595155729,55244.03125,32305.2,77607.2,10963,0,0
0.08715300436565007,0.10423725767375447,0,0,,0.0,93971.5,63352.7,142243.8,10963,1,0
0.7575569566232995,0.3916357029773347,0,0,,0.0,85100.82352941176,32928.0,113144.79999999999,10963,2,0
-0.335003026205425,0.08763230557640955,0,0,,0.0,61151.65294117648,32163.3,55276.799999999996,10963,3,0
-0.2198860645591615,-0.30006616954673043,0,0,,-0.10526315235457093,56224.56470588235,31715.2,91743.8,10963,4,0
0.7027508977349559,0.5829659772672852,0,0,,0.3571428316326549,80328.4,36504.3,139235.80000000002,10963,5,0
1.5874948597763876,0.3840594039047835,0,0,,0.16666665277777895,50745.50000000001,33511.8,71541.79999999999,10963,6,0
-0.5162992051054663,-0.24305669722787498,0,0,,-0.36842103324099823,36664.24999999999,24592.4,18243.800000000003,10963,7,0
-0.5450420028242865,-0.22035718380292688,0,0,,-0.04999999750000012,48437.24736842105,28378.1,85339.8,10963,8,0
-0.17394086067805178,-0.10991722083536713,0,0,,-0.1666666597222225,62127.484999999986,30292.9,153845.80000000002,10963,9,0
0.6574450291101765,0.3704035112609793,0,0,,0.26315788088642733,69799.67083333334,27690.7,160843.8,10963,10,0
-0.18830034170943924,-0.08287665987014585,0,0,,-0.09523809070294806,50933.66315789474,30843.4,127023.8,10963,11,0
0.48567947511749,0.3190130812129787,0,0,,0.3124999804687512,55536.32857142857,30740.2,126901.80000000002,10963,12,0
-0.2643585265360332,-0.23649610935693366,0,0,,0.4545454132231443,42104.456249999996,27772.5,92785.8,10963,13,0
0.1639152077319661,-0.07008475060220415,0,0,,0.0,37179.22800000001,25741.9,33088.8,11362,0,0
-0.15933217292917648,0.1656866433543083,0,0,,0.0,39981.308000000005,28045.5,36508.8,11362,1,0
0.15034624668294996,0.23823231918302107,0,0,,-0.19354838085327802,34298.504,21095.6,29228.800000000003,11362,2,0
-0.11034991401134031,-0.05417138161695547,0,0,,0.23999999040000036,27699.57096774193,16000.6,39008.8,11362,3,0
0.09503763456221448,0.07440634802821357,0,0,,-0.03846153698224858,29286.035999999996,14781.2,38228.8,11362,4,0
-0.08548064685429026,0.05885620494627941,0,0,,0.03999999840000006,27257.876923076918,14140.8,28228.800000000003,11362,5,0
0.16495950452257727,0.008666807002906141,0,0,,-0.13793102972651622,25742.755999999998,16366.5,38028.8,11362,6,0
-0.14188392644489495,-0.044510026424774134,0,0,,0.0,25521.565517241375,14385.2,39788.8,11362,7,0
0.16483401445941362,0.15753634559953006,0,0,,-0.033333332222222255,26710.44827586207,14716.8,48468.8,11362,8,0
-0.1415781692957462,-0.39641566408061696,0,0,,0.15384614792899431,23075.25666666667,14067.2,51948.799999999996,11362,9,0
0.16069715741546403,-0.1427028672142216,0,0,,0.7333332844444478,38230.37692307692,19150.6,71314.2,11362,10,0
0.1006199128407805,0.8012102369545899,0,0,,1.14285697959186,44594.079999999994,33560.6,50609.6,11362,11,0
0.1605917933782629,-0.17104643497318153,0,0,,-0.055555552469135974,45309.717647058824,28910.0,65428.2,4473,0,0
-0.14190759354353946,-0.046500770378568416,0,0,,-0.09999999500000024,54658.933333333334,44479.7,74902.8,4473,1,0
0.16508595299247894,-0.0001291600367833552,0,0,,-0.1666666597222225,57324.57000000001,44468.1,81862.8,4473,2,0
-0.14233670525089706,-0.06594813567616006,0,0,,0.0,57331.975,43922.2,69462.8,4473,3,0
0.7392031599375425,0.10751616359132653,0,0,,0.3333333148148158,61379.862499999996,48224.9,75774.8,4473,4,0
-0.4243797300320589,-0.02500951943053662,0,0,,-0.09999999500000024,55421.18888888889,44942.0,69422.79999999999,4473,5,0
0.16628919789691332,0.1595370804615987,0,0,,-0.23076922189349144,56842.80000000001,37192.4,71382.79999999999,4473,6,0
-0.14271895558091177,-0.12243333876585186,0,0,,0.23809522675737013,49021.976923076916,30598.1,78342.79999999999,4473,7,0
0.164356681668208,0.014052128520263595,0,0,,-0.08695651795841226,55861.25714285714,36997.6,73477.79999999999,4473,8,0
-0.1411845346603713,-0.0613285096508817,0,0,,0.045454543388429844,55087.16521739131,35018.4,87422.79999999999,4473,9,0
0.16546791763485133,0.057350962798539136,0,0,,0.37499997656250145,58686.30909090908,35041.7,71982.79999999999,4473,10,0
-0.14210288285198303,0.2880615078216156,0,0,,0.9999998750000157,55503.149999999994,35541.3,69572.6,4473,11,0
-0.24812413982582374,0.04952320866652615,0,0,,-0.11428571102040827,67051.04516129031,39365.0,144059.2,10365,0,1
0.8762678842802082,0.04489290617684299,0,0,,0.16666666111111128,63887.14857142857,27566.1,189080.80000000002,10365,1,1
-0.614363396825776,-0.06619233971696555,0,0,,-0.3333333259259261,61142.293333333335,25144.7,139852.80000000002,10365,2,1
3.255318254220146,0.2500647548488214,0,0,,0.7307692026627229,65476.32444444445,36355.9,281478.8,10365,3,1
-0.6136839893341531,0.3772402448527966,0,0,,-0.10344827229488716,52378.34615384614,23425.3,84912.8,10365,4,1
0.46184534373959196,-0.16363220041072518,0,0,,0.035714284438775556,38031.37931034483,9410.3,95886.8,10365,5,1
0.41913219492436954,1.0123848736807097,-5,0,,0.1666666597222225,45472.07499999999,4596.1,116498.8,10365,6,1
2.839633352137124,1.242718702569936,1,5,,0.04347825897920613,22596.1125,-1608.3,58452.299999999996,10365,7,1
-0.6855838345463858,-0.6705475547673231,4,4,,-0.17857142219387778,10075.321739130435,-718.6,48225.399999999994,10365,8,1
0.07100830414320272,-0.3848665598399032,0,0,,1.1538460650887643,30582.02142857144,5928.5,84170.8,10365,9,1
0.1452478264555569,-0.1907732912421773,0,0,,0.6249999218750099,49716.07692307692,32076.5,75043.6,10365,10,1
1.1455150166763768,0.7765155019930106,0,0,,0.1428571224489825,61436.525,26854.4,51700.0,10365,11,1
1.0830503596343128,3.64195973105477,0,0,,2.499998750000625,34582.6,30579.4,12000.0,10365,12,1
0.16519873067866123,0.41437761817970126,0,0,,-0.03999999840000006,38578.71666666667,29656.5,63966.0,5724,0,0
-0.14345802205010955,-0.25533756355105286,0,0,,-0.07407407133058995,27276.107999999997,13740.6,55587.0,5724,1,0
0.16667541189861293,0.12377760596516374,0,0,,0.03846153698224858,36628.82222222222,21044.6,100558.0,5724,2,0
-0.1482027753634558,0.019256654852090577,0,0,,-0.10344827229488716,32594.36923076923,19235.2,63262.0,5724,3,0
0.17339939893179196,0.014372992742951193,0,0,,0.11538461094674572,31978.568965517232,14031.4,83181.0,5724,4,0
-0.14164365276038046,-0.00974796520935502,0,0,,0.03999999840000006,31525.453846153847,16882.0,91580.0,5724,5,0
0.1656512261126329,0.13132481950722708,0,0,,-0.21874999316406274,31835.787999999997,15320.9,71981.0,5724,6,0
-0.1440914030395681,-0.37499965774437377,0,0,,0.10344827229488716,28140.271875,17034.7,83761.0,5724,7,0
0.16669077786333758,0.2215346478727599,0,0,,0.035714284438775556,45024.410344827586,20619.9,107100.0,5724,8,0
0.19842926433438382,-0.20735004377307115,0,0,,-0.12499999609375013,36858.88928571429,11450.4,76057.0,5724,9,0
-0.2839875315081146,0.6099500359070296,0,0,,-0.030303029384756687,46500.840625,25102.2,102178.0,5724,10,0
0.00035103158306094796,-0.1938574551695983,0,0,,0.06451612695109267,28883.406060606063,8393.8,89502.0,5724,11,0
0.16437537357852305,-0.34784686163816114,0,0,,0.9374999414062536,35829.15483870968,21054.0,98162.0,5724,12,0
-0.1383682534561567,0.18232939051249455,0,0,,0.9999998750000157,54939.7875,37115.9,100554.0,5724,13,0
0.16032697531249682,-0.07095361004867747,0,0,,0.11999999520000018,56433.049999999996,40598.1,63555.2,5591,0,0
-0.14213124847642308,-0.03577525715425931,0,0,,-0.07407407133058995,60742.984000000004,44377.9,52029.8,5591,1,0
0.1662357742287237,0.11166553507251162,0,0,,0.07999999680000013,62996.70740740741,42383.4,72655.8,5591,2,0
-0.14065953439941728,0.16177027626984963,0,0,,-0.10714285331632667,56668.76,40340.4,47969.8,5591,3,0
0.7397529733494015,-0.03736425264434747,0,0,,0.11999999520000018,48777.93928571428,30481.7,45879.799999999996,5591,4,0
-0.42384326460655647,0.20526070120152895,0,0,,-0.03846153698224858,50671.23199999999,31881.7,70053.8,5591,5,0
0.16499276432342735,-0.0022901007500668,0,0,,0.03999999840000006,42041.71923076923,23492.1,59475.8,5591,6,0
-0.14248870045834627,-0.014667818739127226,0,0,,-0.13793102972651622,42138.22,29313.4,53769.8,5591,7,0
0.1636567991817657,-0.12562004390046394,0,0,,0.11538461094674572,42765.49655172413,23872.3,71613.8,5591,8,0
-0.15209705249918154,0.06956663602401661,0,0,,1.8888886790123691,48909.511538461535,25917.4,90881.2,5591,9,0
2.41670332503486,2.7812332609801302,0,0,,3.499998250000875,45728.34444444444,24387.0,30600.0,5591,10,0
0.09893582972616054,-0.26911723954541844,0,0,,-0.07692307100591762,10354.466666666665,8287.2,9388.8,2018,0,0
-0.22064883571139393,-0.1039451500855646,0,0,,-0.13333332444444504,14167.069230769233,10824.6,9388.8,2018,1,0
-0.05878066077822595,-0.11107454483426914,0,0,,0.0,15810.49333333333,13217.8,9388.8,2018,2,0
0.005968254592753024,-0.09933029099605907,0,0,,-0.3181818037190089,17786.073333333337,14621.0,10188.8,2018,3,0
-0.07181871323335738,-0.1361313876345366,0,0,,0.15789472853185638,19747.60909090909,13342.4,30888.800000000003,2018,4,0
-0.04334833325862433,0.16161925214676962,0,0,,0.055555552469135974,22859.5052631579,18387.8,19688.800000000003,2018,5,0
-0.054798480341311594,0.04393047536323631,0,0,,0.0,19679.0,14734.4,19468.800000000003,2018,6,0
0.41239049538579486,-0.037649241839327,0,0,,-0.18181817355371938,18850.87222222222,15320.1,17788.8,2018,7,0
0.19071892881613434,-0.24146013184168907,0,0,,1.199999880000012,19588.359090909085,10945.6,32828.8,2018,8,0
-0.3272282131157031,1.3530745874653676,0,0,,0.99999980000004,25823.77,21470.2,7615.0,2018,9,0
0.1608272885784937,-0.04013201874182944,0,0,,-0.18749998828125072,49780.769230769234,34790.1,58122.2,5358,0,0
-0.14206291914886757,-0.1459121168993675,0,0,,-0.11111110493827195,51862.1,39252.1,79576.8,5358,1,0
0.16454515378259504,-0.008395357687597995,0,0,,0.12499999218750048,60722.205555555556,40887.2,85356.8,5358,2,0
-0.14112664213989207,0.0241646096037042,0,0,,0.0,61236.306249999994,43112.7,70756.79999999999,5358,3,0
0.7385312463787603,0.0420424113384109,0,0,,0.0,59791.46875,38640.3,66505.79999999999,5358,4,0
-0.44565206411556274,0.21922956979485975,0,0,,-0.15789472853185638,57379.1125,40647.2,69256.79999999999,5358,5,0
0.2109506342108316,-0.11012593503247425,0,0,,0.2666666488888901,47061.77894736841,32497.1,73396.8,5358,6,0
-0.1402399125025094,0.3002553554502015,0,0,,-0.28571427210884415,52885.886666666665,34842.3,65816.79999999999,5358,7,0
0.16621856411637193,0.08534313495979245,0,0,,0.04999999750000012,40673.4619047619,24220.1,79376.79999999999,5358,8,0
-0.1429013589336078,-0.024325539634606333,0,0,,-0.04761904535147403,37475.20999999999,25578.8,69456.79999999999,5358,9,0
0.16495838486527703,-0.13833171822928375,0,0,,0.23529410380622917,38409.54285714286,16416.5,94936.8,5358,10,0
-0.14219436073122563,-0.0384140436022166,0,0,,-0.14999999250000037,44575.788235294116,32454.7,70516.8,5358,11,0
0.16680353263787967,-0.10364042814464197,0,0,,1.2222220864197684,46356.52999999999,31250.7,89676.79999999999,5358,12,0
0.19718367266761697,0.5733343609143463,0,0,,0.49999991666668053,51716.444444444445,38682.3,65600.0,5358,13,0
0.17121012565247687,0.1807865622301115,0,0,,0.2666666488888901,42787.98947368422,35027.3,30303.800000000003,9242,0,0
-0.21942971679104395,-0.12436777056593966,0,0,,-0.2499999875000006,36236.85333333334,29581.6,5943.799999999999,9242,1,0
0.07215894516945616,-0.0476988538087853,0,0,,0.24999998437500096,41383.645000000004,25734.2,45343.8,9242,2,0
0.006390623364621567,0.015606559084540946,0,0,,-0.3846153698224858,43456.46875,34501.4,14043.8,9242,3,0
0.17720734075332695,0.14044428329559966,0,0,,0.5294117335640156,42788.684615384605,35829.4,23903.8,9242,4,0
-0.18401997084175725,0.26814982934771997,0,0,,0.41666663194444736,37519.31176470588,29906.0,28889.199999999997,9242,5,0
0.7836182165441301,2.5554238099797195,0,0,,2.9999990000003334,29585.86666666667,16771.5,4300.0,9242,6,0
0.2980956214022978,0.14723059456185203,0,0,,0.06666666222222252,59477.0,41224.9,47320.2,7637,0,0
-0.21084832112909668,0.05915003629732438,0,0,,-0.11764705190311459,51843.98,29361.1,32134.799999999996,7637,1,0
0.28155459558639234,-0.012301727946173556,0,0,,0.0,48948.66470588235,38200.6,79654.79999999999,7637,2,0
-0.14180127919966642,0.010319151385397782,0,0,,0.0,49558.31764705882,35291.8,45814.799999999996,7637,3,0
0.6031776261216408,0.23017280731401552,0,0,,0.06249999609375024,49052.1411764706,35466.8,49317.8,7637,4,0
-0.3757270273439301,0.02345090722102369,0,0,,-0.11111110493827195,39874.1875,26775.8,33334.8,7637,5,0
0.16518467617492597,-0.0736880564223143,0,0,,0.05882352595155729,38960.52777777777,15755.2,72634.79999999999,7637,6,0
-0.1412048788802695,-0.20307764381535082,0,0,,0.8888887901234679,42059.83529411764,26075.2,80394.79999999999,7637,7,0
0.726187692511896,1.1545138604929222,0,0,,0.799999840000032,52777.833333333336,37381.5,57500.0,7637,8,0
0.19140615643757,0.47300357975884244,0,0,,-0.035714284438775556,87963.77037037036,53703.8,165825.0,8931,0,0
-0.24378325449635496,-0.13380022352383675,0,0,,-0.034482757431629055,59717.28214285713,32599.5,88975.0,8931,1,0
-0.19832037193562774,0.16824430155950776,0,0,,-0.12121211753902675,68941.69655172415,25303.6,184861.0,8931,2,0
2.7291154236359185,0.2182904126837488,0,0,,0.4347825897920613,59013.08181818182,16739.4,201474.0,8931,3,0
-0.6239511742983623,-0.3237238801021668,0,0,,-0.20689654458977433,48439.256521739124,27887.0,64140.0,8931,4,0
0.41432563432233255,0.6533678549224539,0,0,,0.15999999360000025,71626.44827586207,33514.1,194722.0,8931,5,0
-0.08319158162831344,-0.10625132770948587,0,0,,-0.07407407133058995,43321.544,18882.2,76854.0,8931,6,0
-0.7005287909386464,-0.4658962145155501,0,0,,-0.38636362758264486,48471.729629629626,20241.5,105034.0,8931,7,0
1.2732119387209437,0.9721009585563266,0,0,,0.4666666511111116,90753.39090909091,40213.0,428970.0,8931,8,0
0.8683760074811895,-0.19109614239096823,0,0,,0.11111110699588492,46018.633333333346,12681.2,148905.0,8931,9,0
1.2574583147342793,0.5800148383001729,0,0,,1.4545453223140616,56890.11481481483,17145.6,138959.0,8931,10,0
0.3946110470205494,1.2925037332911706,0,0,,4.499997750001125,36006.06363636363,27050.5,16900.0,8931,11,0
0.09392936552858487,0.2987426817067969,0,0,,-0.09090908677685969,24476.139999999996,14654.1,34793.2,11271,0,0
0.0791168376579429,0.12831094498343418,0,0,,0.04761904535147403,18846.027272727275,10448.0,33129.799999999996,11271,1,0
0.1427672901245252,-0.28022528709270944,0,0,,-0.08695651795841226,16702.86666666666,8241.6,37707.799999999996,11271,2,0
0.18966159320187656,-0.014469438562081167,0,0,,0.14999999250000037,23205.68695652173,13328.6,36907.799999999996,11271,3,0
-0.2188285364053704,-0.036050681621318616,0,0,,-0.04761904535147403,23546.390000000003,15978.7,28491.8,11271,4,0
-0.2780045624837755,0.10565842549864371,0,0,,-0.045454543388429844,24427.000000000004,15955.2,33507.799999999996,11271,5,0
0.4636529768617949,-0.07064191149966383,0,0,,0.04761904535147403,22092.718181818178,14717.2,43500.799999999996,11271,6,0
-0.22100683626391132,-0.14839787800229828,0,0,,-0.22222221399176983,23772.019047619047,17936.1,29407.8,11271,7,0
0.21759309256831855,0.1781735815003796,0,0,,0.12499999479166687,27914.466666666667,19152.7,43099.8,11271,8,0
-0.0845810492161613,-0.0859179159939577,0,0,,0.0,23693.0,18148.6,37207.8,11271,9,0
0.1890314503797136,-0.10627980704449874,0,0,,0.04347825897920613,25919.99166666667,19593.0,37307.8,11271,10,0
-0.30166333178797067,-0.06509019285429445,0,0,,1.5555553827160686,29002.356521739144,19067.4,58593.2,11271,11,0
3.266109262540176,4.338419471901073,0,0,,3.499998250000875,31021.555555555555,20622.0,16200.0,11271,12,0
0.16534716666803478,0.5745439827398823,0,0,,-0.29999998500000075,33042.28571428571,10564.0,25468.2,5269,0,0
-0.1426950460709168,0.11349456392726008,0,0,,0.17647057785467188,20985.305,6101.0,55102.799999999996,5269,1,0
0.16684772592531244,-0.017836264300607696,0,0,,-0.2608695538752368,18846.34705882353,5065.5,71402.8,5269,2,0
-0.14399108816838393,-0.2891366863058383,0,0,,0.14999999250000037,19188.600000000006,5408.7,57202.799999999996,5269,3,0
0.16446037948411618,-0.12689466096572646,0,0,,0.05263157617728546,26993.375,15839.5,61882.799999999996,5269,4,0
0.19794954355631328,-0.005841145872137791,0,0,,0.11764705190311459,30916.515789473688,19512.0,64089.799999999996,5269,5,0
-0.2020102592510127,0.047207594414960856,0,0,,-0.3928571288265311,31098.164705882355,21310.6,59302.8,5269,6,0
-0.10576978706494111,-0.40790868048144646,0,0,,0.399999980000001,29696.275000000005,16486.8,64062.8,5269,7,0
0.13756295383744094,0.246056017497425,0,0,,1.2222220864197684,50154.890000000014,23316.8,86495.2,5269,8,0
2.034694944979091,2.7392271920081637,0,0,,3.499998250000875,40250.911111111105,21094.0,27100.0,5269,9,0
0.1587861951464275,0.08819299892104694,0,0,,0.5714285306122479,35838.61818181817,24119.0,46088.8,825,0,0
-0.1690522686920434,0.11524790015257043,0,0,,-0.17647057785467188,32934.06428571429,20929.0,32994.2,825,1,0
0.22508458062200415,0.25790994182594773,0,0,,0.21428569897959293,29530.71176470588,17157.7,42308.8,825,2,0
-0.23496174405655157,-0.052309045939330404,0,0,,-0.48148146364883465,23476.014285714282,11830.7,29848.8,825,3,0
0.3147147733152834,-0.31633512473367315,0,0,,0.34999998250000086,24771.803703703703,14151.1,70268.8,825,4,0
-0.14404629043582023,-0.3395329645821264,0,0,,0.8181817438016598,36233.83999999999,17217.6,68048.8,825,5,0
0.5745148788960219,1.4550140484554894,0,0,,0.57142848979593,54860.936363636356,41304.6,40414.6,825,6,0
0.25108538091722366,0.8044466650651881,0,0,,-0.055555552469135974,68532.79411764705,17506.2,134685.2,2246,0,0
0.21856169757175672,-0.43779442122385664,0,0,,0.05882352595155729,37979.950000000004,18582.4,142722.80000000002,2246,1,0
1.1097803322306887,1.1777843754541804,0,0,,0.41666663194444736,67555.27058823529,15164.3,167243.80000000002,2246,2,0
-0.6478175180401852,-0.49244058718085587,0,0,,-0.4545454338842984,31020.18333333333,7122.0,31543.8,2246,3,0
1.0778104789792393,0.7164791142176116,0,0,,0.15789472853185638,61116.35909090908,28526.7,162481.80000000002,2246,4,0
0.05237034942564523,0.21453846785614814,0,0,,0.5833332847222263,35605.652631578945,14049.8,80889.8,2246,5,0
-0.019974137532674758,-0.0017794600056735212,0,0,,-0.19999998666666757,29316.199999999997,9401.2,17243.8,2246,6,0
1.506185021065063,0.12399945871512705,0,0,,0.07142856632653098,29368.46,9735.0,72255.8,2246,7,0
-0.6940739796444064,-0.6532184180811813,0,0,,0.07692307100591762,26128.535714285706,14935.6,61543.799999999996,2246,8,0
0.3171136088014516,0.865188955266013,0,0,,1.1666664722222546,75345.79999999999,41706.0,156714.6,2246,9,0
-0.6159282697167329,-0.2299823359296331,0,0,,-0.47368418559556913,58234.75,36572.1,46570.2,6158,0,1
1.7793317634950212,1.4389167013303052,-4,0,,0.3571428316326549,75627.81052631578,49720.0,119944.2,6158,1,1
-0.5737302729140998,-0.4928999401889693,4,4,,-0.2222222098765439,31008.771428571436,-1163.6,58350.7,6158,2,1
5.0,1.4829514000607873,0,0,,1.9999996666667221,61149.21666666666,40136.0,103343.8,6158,3,1
-0.9781847045506483,-0.40113949939003074,0,0,,-0.1428571224489825,24627.63333333333,21844.4,7800.0,6158,4,1
5.0,0.23734146337604237,0,0,,0.16666663888889352,41124.15714285714,26232.3,33100.0,6158,5,1
-0.9902946060399705,-0.18801101678444607,0,0,,0.0,33235.899999999994,27600.8,17200.0,6158,6,1
5.0,0.5037907892802267,0,0,,-0.1428571224489825,40931.46666666667,23990.1,20300.0,6158,7,1
0.17427272724104131,0.0786865446279441,0,0,,1.333332888889037,27218.85714285714,23327.0,8400.0,6158,8,1
-0.76086956518431,0.9164556961329274,0,0,,0.0,25233.333333333332,22100.0,2500.0,6158,9,1
-0.14764255054940648,-0.10284727161106194,0,0,,-0.09523809070294806,27736.44210526316,14125.1,44393.2,3353,0,0
0.5009675313922723,0.8143887900710852,0,0,,0.1666666574074079,30916.076190476197,11564.9,46907.799999999996,3353,1,0
0.2733683581210697,-0.2091074151578498,0,0,,-0.18181817355371938,17039.38888888889,8908.4,33307.799999999996,3353,2,0
-0.6597945132946341,-0.6990215869678031,0,0,,-0.21428570663265334,21544.504545454543,8363.1,53407.799999999996,3353,3,0
-0.387026581084694,0.1858747635507519,0,0,,0.0,71581.56071428573,37768.0,147660.80000000002,3353,4,0
0.644861137385213,0.5613049650123318,0,0,,0.07692307396449716,60361.821428571435,27986.6,136893.8,3353,5,0
-0.4365215422718323,-0.38455513748723197,0,0,,-0.1874999941406252,38661.13461538462,10395.9,99592.79999999999,3353,6,0
2.95870085820556,0.18472503314812952,0,0,,2.999999625000047,62818.19375,29805.9,193455.8,3353,7,0
-0.150797836224089,0.6787048627781395,0,0,,0.599999880000024,53023.4375,37033.8,64500.0,3353,8,0
0.2047847063553805,-0.013798042172167922,0,0,,0.39999997333333515,25260.971428571425,14810.0,28841.8,9494,0,0
-0.2281418349281014,-0.05800898065745364,0,0,,-0.1666666574074079,25614.4,22209.6,15781.800000000001,9494,1,0
0.048955582408368725,0.5135936491172411,0,0,,0.12499999218750048,27191.76666666667,16659.1,24241.800000000003,9494,2,0
0.06528492949021636,0.05594135760910257,0,0,,-0.27272726033057904,17965.0375,12041.0,19921.800000000003,9494,3,0
0.47150235199959994,-0.4772747772220807,0,0,,0.5714285306122479,17013.29090909091,8187.5,52961.799999999996,9494,4,0
-0.006046212175233041,0.11349313056251882,0,0,,0.7499999062500118,32547.292857142864,22586.4,41321.2,9494,5,0
1.9556410688467827,3.782378926082726,0,0,,2.99999850000075,29229.9,11852.6,17600.0,9494,6,0
0.16347411614805035,0.16805100815245388,0,0,,0.0,62906.75600000001,47486.1,73915.2,5072,0,0
-0.1415790881085448,0.0953858887978726,0,0,,0.0,53856.172,37069.0,42809.799999999996,5072,1,0
0.16770936382346047,0.2574262347234394,0,0,,-0.19354838085327802,49166.392,30440.1,62009.8,5072,2,0
-0.142825335163404,-0.07938816943561273,0,0,,0.06896551486325811,39100.81612903227,25023.3,54029.799999999996,5072,3,0
0.1676026091129921,0.2282413269140537,0,0,,0.20833332465277812,42472.641379310364,25819.4,70829.79999999999,5072,4,0
-0.21565465060048886,-0.15130434189868974,0,0,,-0.07692307396449716,34580.04583333333,15589.4,40724.8,5072,5,0
0.27161462678905385,-0.1527885272383306,0,0,,-0.1874999941406252,40744.93076923077,16692.7,93444.8,5072,6,0
-0.14283366750356039,-0.1355234213218403,0,0,,0.06666666444444451,48092.9875,30718.7,71789.8,5072,7,0
0.1614621808562966,-0.1845986143982854,0,0,,0.5789473379501401,55632.49333333333,40723.5,82349.8,5072,8,0
0.20805300104489194,0.2877652275761023,0,0,,1.71428546938779,68227.12631578946,48302.4,79370.2,5072,9,0
1.4057464383492662,3.050692195296294,0,0,,2.499998750000625,52981.02857142857,25118.2,30500.0,5072,10,0
0.11045321569762641,-0.005867064545823151,0,0,,-0.05263157617728546,35540.022222222215,25173.2,51794.2,7262,0,0
-0.10599015226844313,0.15350641900054038,0,0,,0.0,35749.76842105263,23817.4,47128.799999999996,7262,1,0
0.14940645192821256,0.021419841347563754,0,0,,-0.04999999750000012,30992.257894736842,7743.9,59768.799999999996,7262,2,0
-0.12621682625649688,-0.13372153940953924,0,0,,0.0,30342.329999999998,18133.1,50628.799999999996,7262,3,0
0.16641183008425245,0.10571959372442773,0,0,,0.11111110493827195,35026.07,25159.3,55088.799999999996,7262,4,0
-0.14071038704964292,0.3434515004814658,0,0,,-0.05263157617728546,31677.17222222222,20642.7,40188.799999999996,7262,5,0
0.16338767930086395,-0.22443527461524004,0,0,,0.0,23578.94736842105,10980.1,51508.799999999996,7262,6,0
0.20007838389558524,-0.21176180227464209,0,0,,1.1111109876543348,30402.294736842112,17893.4,62853.799999999996,7262,7,0
0.11968248774743169,0.924132733580699,0,0,,0.799999840000032,38569.933333333334,31611.9,45600.0,7262,8,0
-0.12089905636548072,0.26824434909983724,0,0,,0.0,81605.7375,58782.4,67412.2,6950,0,0
0.14266672269054914,0.13272467436298846,0,0,,0.0,64345.4375,47140.9,28846.8,6950,1,0
0.008267361164135281,0.24125489539598496,0,0,,-0.1999999900000005,56805.89375,30316.9,75906.8,6950,2,0
0.45377727135080886,0.49963819685810396,0,0,,0.24999998437500096,45764.88999999999,26748.6,34386.799999999996,6950,3,0
-0.16717344283640048,0.11410538923050756,0,0,,-0.15789472853185638,30517.2875,14742.9,33286.8,6950,4,0
-0.12078272688969065,-0.005027140971016417,0,0,,0.2666666488888901,27391.742105263158,14360.9,51006.8,6950,5,0
0.1614627211817029,-0.3701264602464579,0,0,,0.2499999791666684,27530.140000000003,15169.6,53326.799999999996,6950,6,0
-0.14604849852205692,0.2591880357964839,0,0,,0.4999999375000079,43707.40833333333,25142.2,75995.6,6950,7,0
0.15823830714751783,0.13151823381212044,0,0,,-0.15789472853185638,75233.9625,66506.5,27051.199999999997,10215,0,0
-0.14098320099621878,-0.03656032913916168,0,0,,-0.04999999750000012,66489.3947368421,58768.8,30665.8,10215,1,0
0.12099942553894544,0.22674347294887034,0,0,,-0.19999999200000032,69012.515,56220.1,48165.799999999996,10215,2,0
-0.1062366970507049,-0.07728692153388249,0,0,,0.31578945706371275,56256.68,44862.1,35465.8,10215,3,0
0.16433423881547027,0.06052516247213374,0,0,,-0.09523809070294806,60968.768421052635,48872.0,40165.799999999996,10215,4,0
-0.14025217546851648,-0.0006818572458583828,0,0,,0.1666666574074079,57489.22380952382,47329.8,42265.799999999996,10215,5,0
0.16692709649460838,0.20800510042171472,0,0,,-0.27999998880000043,57528.450000000004,44692.5,36865.8,10215,6,0
0.19754754520069173,0.03445051448009005,0,0,,0.0,47622.68800000001,36409.1,38565.8,10215,7,0
-0.16338751265854623,0.09301892145457409,0,0,,0.7857142295918408,46036.7,34816.1,45365.8,10215,8,0
-0.24942500729649875,0.335167177818401,0,0,,0.7499999062500118,42118.84999999999,30016.0,28188.6,10215,9,0
0.7354016008536327,0.24367431445798396,0,0,,-0.03846153698224858,60426.38,28273.9,122750.20000000001,2247,0,0
-0.36410875885135635,-0.026391835826174458,0,0,,0.03999999840000006,48586.980769230766,33718.6,53860.799999999996,2247,1,0
0.6428108944334937,0.2498609047421403,0,0,,0.041666664930555625,49904.04,28291.4,70481.8,2247,2,0
-0.04130383259127939,-0.004587118681948951,0,0,,-0.03999999840000006,39927.675,23029.6,51481.8,2247,3,0
2.1172500099454563,1.2803245076753609,0,0,,0.2499999875000006,40111.672,20672.9,38837.8,2247,4,0
-0.09576440646719853,0.008381962538402208,0,0,,-0.04761904535147403,17590.335000000003,12933.7,10322.800000000001,2247,5,0
0.545767474496258,-0.037979363733169694,0,0,,-0.045454543388429844,17444.11904761905,13492.0,10981.800000000001,2247,6,0
-0.7552428915425072,-0.5126319061456777,0,0,,-0.29032257127991706,18132.790909090905,14708.1,13881.800000000001,2247,7,0
0.5841114113104363,0.10699883008120328,0,0,,0.23999999040000036,37205.53548387095,22116.9,74714.8,2247,8,0
-0.8691539756569702,-0.533890819313796,0,0,,-0.21874999316406274,33609.372,24223.1,35213.8,2247,9,0
-0.1547766182598698,0.08285289957664145,0,0,,-0.08333332638888948,34322.84545454546,32183.5,10129.2,4803,0,0
-0.3590215204748072,0.36451893879121167,0,0,,-0.19999998666666757,31696.683333333334,26345.9,3143.7999999999997,4803,1,0
0.23310850986930637,0.456258674479328,0,0,,-0.34782607183364905,23229.2,13850.6,21943.8,4803,2,0
0.4884373695813406,-0.4546637810761143,0,0,,0.6428570969387788,15951.286956521739,7916.2,28843.8,4803,3,0
0.4084534631767308,0.14073003566172052,0,0,,0.2727272479338866,29250.371428571434,26432.4,11243.800000000001,4803,4,0
-0.35861911422525805,-0.03092737864380132,0,0,,-0.21428569897959293,25641.8,23010.7,5043.8,4803,5,0
-0.08394410701048165,0.23465047126668478,0,0,,-0.17647057785467188,26460.14285714286,17953.5,20643.8,4803,6,0
0.0611246808004262,-0.18057907557714475,0,0,,-0.14999999250000037,21431.282352941176,16155.9,8143.8,4803,7,0
-0.10510785004793365,-0.04919441648047298,0,0,,0.99999990000001,26154.180000000004,21255.9,28843.8,4803,8,0
0.1942145573297376,1.773185160511864,0,0,,0.99999980000004,27507.389999999996,16917.2,4900.0,4803,9,0
1.624973950695792,0.43762283848613187,0,0,,0.07142856632653098,35024.73333333333,5077.5,77005.1,9052,0,1
-0.48042026900579204,-0.27599103319430807,0,0,,-0.2222222098765439,24362.95,3570.6,41816.899999999994,9052,1,1
-0.21384379043124416,0.09294303400358878,0,0,,-0.18181817355371938,33650.06666666667,13597.4,98700.0,9052,2,1
-0.3003445180824676,-0.343346088461541,0,0,,-0.08333332986111125,30788.49090909091,9260.7,67825.0,9052,3,1
0.4707026178091451,-0.17590222688183452,0,0,,0.3333333148148158,46886.9375,7738.2,136000.0,9052,4,1
-0.4941305933186185,-0.34340507634262024,0,0,,-0.21739129489603065,56894.87222222222,22037.6,122800.0,9052,5,1
-0.2915527521358016,0.30533715336848993,0,0,,-0.2333333255555558,86651.4043478261,56249.3,188200.0,9052,6,1
1.6969658940548242,0.5650006979208636,0,0,,0.24999998958333375,66382.39333333334,15276.1,235700.0,9052,7,1
3.5714734525549465,5.0,-6,0,,0.4999999687500019,42416.84583333333,22869.5,73500.0,9052,8,1
-0.8407168023054009,-0.979178835652129,6,6,,-0.333333319444445,1154.925,-8245.1,25574.300000000003,9052,9,1
0.3501393374046018,0.5592549736957034,0,0,,0.0,55468.80000000001,6785.8,194630.0,9052,10,1
-0.25804049434622206,-0.3339006181450406,0,0,,0.09090908677685969,35573.9125,4753.5,84300.0,9052,11,1
1.1165239186087597,0.6041167553543434,0,0,,2.6666662222222963,53406.31363636362,30397.9,146572.0,9052,12,1
0.15988110306122552,-0.018517486074337227,0,0,,-0.20833332465277812,14863.415789473682,10548.7,10484.2,1244,0,0
-0.14133455901469022,0.004605686958924003,0,0,,0.09090908677685969,15143.841666666667,11009.7,16898.8,1244,1,0
0.12424236896863443,0.16694623855777335,0,0,,-0.04347825897920613,15074.413636363635,10562.0,12998.800000000001,1244,2,0
0.2389039940169384,-0.15045153423291477,0,0,,0.14999999250000037,12917.830434782607,8555.5,12198.800000000001,1244,3,0
-0.2856904602915014,-0.052526961881284834,0,0,,-0.1666666597222225,15205.525,11023.2,18170.8,1244,4,0
-0.10605164311965001,0.08675862087836964,0,0,,0.0,16048.504166666668,11493.0,13775.800000000001,1244,5,0
-0.010949964086260732,-0.1775865570277845,0,0,,-0.17241378715814526,14767.3125,9521.9,18698.8,1244,6,0
0.038547419795947925,-0.2777019713159586,0,0,,-0.033333332222222255,17956.068965517246,11478.4,25718.800000000003,1244,7,0
0.044041116730670786,-0.1300615334609191,0,0,,1.99999980000002,24859.640000000007,16922.3,30398.800000000003,1244,8,0
-0.03624153734323619,1.195099693414997,0,0,,0.6666665555555741,28576.32,20197.0,8103.0,1244,9,0
0.16334659362689155,0.14062326715247891,0,0,,0.0,16798.833333333332,13827.3,16259.2,10351,0,0
-0.14151364337817418,0.021419441086753897,0,0,,-0.14285713265306196,14727.766666666668,12589.7,13273.800000000001,10351,1,0
0.005361525554360941,0.2138283599428227,0,0,,-0.06666666222222252,14418.92142857143,11999.5,17573.8,10351,2,0
0.18031860460646273,-0.2897140931501906,0,0,,-0.11764705190311459,11878.880000000003,8033.7,19153.8,10351,3,0
-0.08850485634720208,-0.019999416774711707,0,0,,0.13333332444444504,16724.082352941175,13508.6,22873.8,10351,4,0
-0.11921179446657117,-0.046570000444351965,0,0,,0.0,17065.380000000005,14342.3,17273.8,10351,5,0
-0.04095944430781865,0.20644921481354397,0,0,,-0.06249999609375024,17898.933333333334,14894.4,18073.8,10351,6,0
0.09274632261204566,-0.030137089122887522,0,0,,-0.23809522675737013,14836.043749999999,9953.6,15273.800000000001,10351,7,0
0.06621421655190032,-0.23547655075903048,0,0,,0.1666666574074079,15297.052380952377,12052.4,29373.799999999996,10351,8,0
-0.1731549909492067,0.06059704762301539,0,0,,0.0,20008.61111111111,15912.7,21763.800000000003,10351,9,0
0.07384893632252303,0.10439422110735068,0,0,,-0.09999999500000024,18865.42222222222,13720.6,23653.8,10351,10,0
0.00541034202961568,-0.1691007550682561,0,0,,-0.04761904535147403,17082.145,13704.8,21373.800000000003,10351,11,0
0.21299987140517904,-0.16884704267250897,0,0,,0.39999997333333515,20558.623809523804,14147.1,30233.800000000003,10351,12,0
-0.43657960949845553,0.31483305047897286,0,0,,0.8749998906250137,24735.066666666673,17647.9,32254.6,10351,13,0
0.10840593381277562,-0.039490292290733954,0,0,,-0.27777776234567986,75542.73846153845,45441.2,67329.2,11069,0,0
-0.5666596440950018,-0.059864907501924636,0,0,,-0.05263157617728546,78648.59444444445,59072.3,136759.80000000002,11069,1,0
0.5463796339485212,0.24532907966620918,0,0,,-0.09523809070294806,83656.69473684211,25129.0,209495.80000000002,11069,2,0
4.862631978246941,0.5046858612645768,0,0,,0.615384568047341,67176.3761904762,33926.5,134383.80000000002,11069,3,0
-0.04443241328905297,-0.2214587779990449,0,0,,0.08333332638888948,44644.78461538461,37091.6,23143.8,11069,4,0
-0.5709201310173351,0.5724841457331373,0,0,,-0.14285713265306196,57344.15,45602.4,61443.799999999996,11069,5,0
1.7785847382249518,0.043475360258680956,0,0,,-0.17647057785467188,36467.23571428571,26652.8,10243.800000000001,11069,6,0
-0.4000944928582364,-0.2557328940282746,0,0,,0.21428569897959293,34947.864705882355,26808.1,33741.8,11069,7,0
0.5193876757908673,0.29600910735321123,0,0,,-0.12499999218750048,46956.07857142857,35000.2,38843.8,11069,8,0
-0.5222074891177433,-0.08765309638173212,0,0,,0.3333333055555579,36231.2875,21861.2,39914.8,11069,9,0
0.722975134085647,0.12450667762931678,0,0,,-0.4545454338842984,39712.183333333334,26205.1,21843.8,11069,10,0
-0.4428360488723212,-0.17834165001645222,0,0,,0.2941176297577865,35315.20454545454,20817.2,77743.8,11069,11,0
-0.18911219345441896,-0.2727975480363673,0,0,,-0.055555552469135974,42980.4,26765.4,41894.8,11069,12,0
-0.3423430191271349,0.2683552706998206,0,0,,1.5714283469388075,59103.76111111111,35461.4,119340.2,11069,13,0
-0.06364672991960652,-0.07445500516704544,0,0,,-0.13333332888888902,77152.85384615386,47491.3,183746.0,4969,0,0
0.19460582074336946,0.5364478460022594,0,0,,0.3043478128544429,83359.37666666666,33716.2,236959.0,4969,1,0
0.7246586460921398,0.8284630759908207,0,0,,0.21052630470914185,54254.60869565216,9602.0,103914.0,4969,2,0
-0.0314109979077151,-0.47914033649163257,0,0,,-0.04999999750000012,29672.247368421056,3451.8,112895.0,4969,3,0
-0.2700332341444137,-0.13869607682207416,0,0,,-0.04761904535147403,56967.835,29011.6,167238.0,4969,4,0
-0.28944965779387416,0.0036725346786637874,0,0,,-0.15999999360000025,66141.3857142857,35228.3,113747.0,4969,5,0
0.449270123580893,-0.15190498413230658,0,0,,0.5624999648437522,65899.368,15801.2,261947.0,4969,6,0
1.432318066668296,1.055194998385125,0,0,,1.666666388888935,77702.8125,42187.0,105158.0,4969,7,0
3.9989516125807296,5.0,0,0,,1.9999990000005,37808.0,21100.0,10000.0,4969,8,0
0.16480483927576817,0.23621157735621925,0,0,,-0.07142856632653098,23074.869230769233,9555.7,43022.2,5317,0,0
-0.14267652391551913,-0.2066908197357273,0,0,,-0.06666666222222252,18665.792857142857,9396.3,37436.799999999996,5317,1,0
0.15402610167304037,-0.07099624803027008,0,0,,-0.2499999875000006,23529.02666666667,16360.9,43036.799999999996,5317,2,0
-0.13636826656549955,-0.28441710457524305,0,0,,0.17647057785467188,25327.16,14949.7,48336.799999999996,5317,3,0
0.16553839388411956,0.04478412824714227,0,0,,0.06249999609375024,35393.74705882353,25080.7,49736.799999999996,5317,4,0
0.19650171388669363,-0.07891329491039316,0,0,,0.23076921301775286,33876.6125,27582.3,42036.8,5317,5,0
-0.165202973500561,-0.09003388250959632,0,0,,0.0,36778.96153846154,30115.3,40005.799999999996,5317,6,0
-0.21951273858772502,0.5288690315782073,0,0,,0.6249999218750099,40417.94615384615,32059.1,47376.6,5317,7,0
0.16367968020324244,0.508336378490236,0,0,,0.24999998437500096,60754.21499999999,32677.4,94143.8,3455,0,0
-0.1370465848570742,0.2961443091906826,0,0,,0.0,40278.956249999996,15214.4,48634.8,3455,1,0
0.7456355572221849,-0.14503465147966824,0,0,,0.14285713265306196,31075.981249999997,14814.4,101383.79999999999,3455,2,0
-0.3327252960213627,-0.052351232217221336,0,0,,-0.36363634710743875,36347.649999999994,14675.3,95588.8,3455,3,0
-0.14274834012456858,-0.14059697336665164,0,0,,0.37499997656250145,38355.61363636364,20037.8,132043.80000000002,3455,4,0
0.1637203102761728,-0.3276833408102099,0,0,,0.4545454132231443,44630.53125,30496.8,113722.79999999999,3455,5,0
-0.14317659831833285,0.5862359208942701,0,0,,0.3749999531250059,66383.20000000001,50930.2,109414.6,3455,6,0
0.1635785079002515,0.45008226737262114,0,0,,0.24999998437500096,66159.79499999998,38055.3,94143.8,10807,0,0
-0.136972770909457,0.22051192108926135,0,0,,0.0,45624.85625,20528.3,48634.799999999996,10807,1,0
0.7449347863765131,-0.10069811567893612,0,0,,0.14285713265306196,37381.7375,20128.3,101383.79999999999,10807,2,0
-0.33253757171114107,-0.05408991252072526,0,0,,-0.36363634710743875,41567.50714285713,19925.5,95588.8,10807,3,0
-0.14230477314772894,-0.05432077271203771,0,0,,0.46666663555555765,43944.459090909084,23859.8,129443.80000000002,10807,4,0
0.16385664677997192,-0.2750280303412886,0,0,,0.2499999791666684,46468.67333333333,29599.4,105922.8,10807,5,0
-0.14315557360756997,0.5316116286771174,0,0,,0.4999999375000079,64097.200000000004,45843.4,114714.6,10807,6,0
0.16422223038131223,-0.06221324822316293,0,0,,-0.15384614201183525,35359.96363636363,17672.0,117229.2,9504,0,0
-0.1426931487988848,-0.06500601043682767,0,0,,0.0,37705.76153846154,21884.9,104398.80000000002,9504,1,0
0.16594223074784242,0.06265564385889617,0,0,,-0.18749998828125072,40327.276923076926,25110.0,111943.80000000002,9504,2,0
0.19844443562027358,0.02308829605077788,0,0,,0.3333333055555579,37949.524999999994,17982.0,95043.79999999999,9504,3,0
-0.16543931315812407,0.07146102855779435,0,0,,-0.14285713265306196,37093.10833333333,27360.0,104543.8,9504,4,0
-0.14264349911488267,-0.10076516909769449,0,0,,0.0,34619.18571428571,22035.1,81243.8,9504,5,0
0.16550867620291101,-0.10535490781429377,0,0,,-0.29999998500000075,38498.49285714286,16199.4,133789.8,9504,6,0
-0.1433294342544713,-0.17008432973862353,0,0,,0.0,43032.14,21392.1,116243.8,9504,7,0
0.16550257743323693,0.0713989379666221,0,0,,0.05263157617728546,51851.219999999994,30815.6,108502.8,9504,8,0
-0.14168786892981336,-0.1752485455994502,0,0,,0.2666666488888901,48395.81052631578,28745.3,116450.8,9504,9,0
0.16341845937944682,0.4070893482630919,0,0,,0.8749998906250137,58679.266666666656,34920.6,152248.6,9504,10,0
0.15396910622513715,0.0710962679563069,0,0,,0.0,61970.76666666667,48193.5,36929.2,9235,0,0
-0.13418644028160426,0.21600737007762028,0,0,,-0.06249999609375024,57857.32666666666,45618.3,44243.799999999996,9235,1,0
0.0649857853103144,0.45345439066541804,0,0,,-0.333333319444445,47579.75,38648.3,25343.800000000003,9235,2,0
-0.0549525101754017,-0.038951626649771455,0,0,,0.1999999900000005,32735.63333333333,22859.9,38323.8,9235,3,0
0.1597506433193623,-0.18547331334845366,0,0,,0.3333333111111126,34062.41999999999,27451.2,57123.799999999996,9235,4,0
0.19711634553393026,0.023655850807739968,0,0,,0.07142856632653098,41818.666666666664,34143.3,51143.799999999996,9235,5,0
-0.16216057807097475,0.28086701446417855,0,0,,-0.41666664930555625,40852.271428571425,35631.9,42743.799999999996,9235,6,0
-0.1428607312833321,-0.15138270077511673,0,0,,0.04347825897920613,31894.233333333337,19798.4,44103.8,9235,7,0
0.15653032808501652,-0.1696236340709079,0,0,,0.21052630470914185,37583.76521739131,26164.5,62023.799999999996,9235,8,0
-0.13786767994200366,-0.08803520608975461,0,0,,-0.09523809070294806,45261.12105263158,37489.5,55703.799999999996,9235,9,0
0.16546987589727044,0.3749958607687817,0,0,,-0.08695651795841226,49630.3380952381,43746.1,49243.799999999996,9235,10,0
-0.13994598839898378,-0.22987894482284726,0,0,,0.14999999250000037,36094.9,26148.3,33743.799999999996,9235,11,0
0.04481599586229918,0.3148624025564171,0,0,,0.6666666111111158,46869.125000000015,39080.4,70109.2,9235,12,0
2.2548969385135447,3.1695695399263575,0,0,,4.99999750000125,35645.65,22298.0,15600.0,9235,13,0
0.16303924381613347,-0.002027972324877615,0,0,,-0.07142856632653098,60435.16153846153,33323.6,150029.2,4715,0,0
-0.14171563698128795,0.008054336690639237,0,0,,0.0,60557.97142857143,34339.6,137980.80000000002,4715,1,0
0.16646225025802436,0.33621761784981885,0,0,,-0.12499999218750048,60074.11428571429,33623.3,153243.80000000002,4715,2,0
-0.14210716467187304,-0.07011435811208251,0,0,,-0.15789472853185638,44958.33125,21133.9,104443.79999999999,4715,3,0
0.1638394976178966,-0.20366946610293535,0,0,,0.2666666488888901,48348.23684210527,27844.3,152669.80000000002,4715,4,0
0.20067644525156175,0.3135797477147757,0,0,,-0.1666666574074079,60713.78000000001,32660.3,141098.80000000002,4715,5,0
-0.16707898794273068,-0.3381237060610661,0,0,,0.3846153550295881,46220.09444444444,23921.0,146867.80000000002,4715,6,0
-0.1408280996928979,0.16984807432003962,0,0,,0.44444439506173394,69831.92307692308,45099.4,136463.6,4715,7,0
0.3386078936093645,0.08518813342655951,0,0,,0.0,41844.831578947356,28257.8,57186.2,4681,0,0
-0.14227291633318714,-0.06311244945614079,0,0,,0.0,38559.97894736842,28084.0,48036.799999999996,4681,1,0
0.16717304430708504,0.2807100237202501,0,0,,-0.09523809070294806,41157.53157894737,27894.0,57991.799999999996,4681,2,0
-0.14149151612939945,0.10989324060206844,0,0,,0.23529410380622917,32136.495238095238,21745.6,50436.799999999996,4681,3,0
0.7427135482243262,0.08939342523395925,0,0,,-0.055555552469135974,28954.582352941175,15904.3,44221.8,4681,4,0
-0.42707726766248905,-0.21819823988465606,0,0,,0.0,26578.627777777772,14511.5,62036.799999999996,4681,5,0
0.1665222334773347,0.07723771968771113,0,0,,-0.18181817355371938,33996.63333333333,22534.3,59311.8,4681,6,0
-0.14246601748969498,-0.08741548841307806,0,0,,-0.15384614792899431,31559.081818181825,16399.9,52936.799999999996,4681,7,0
0.164266465431991,-0.08053749605442471,0,0,,0.18181817355371938,34582.09230769231,17845.5,75969.79999999999,4681,8,0
-0.1418896099345211,-0.060002953654501055,0,0,,0.0,37611.20454545456,24164.8,65836.79999999999,4681,9,0
0.10208620434925182,0.3423570689411194,0,0,,-0.08333332986111125,40012.04545454544,24935.3,69136.8,4681,10,0
-0.09549665354663416,-0.4641250348680459,0,0,,0.4117646816609011,29807.30416666667,17268.9,71336.8,4681,11,0
0.13546698427428186,0.6982554139281189,0,0,,1.1249998593750177,55623.617647058825,35314.6,80561.6,4681,12,0
0.16161471762035232,0.2206659174089249,0,0,,-0.055555552469135974,52607.18823529412,44584.1,28006.2,2134,0,0
-0.139908790124745,0.12641073016011403,0,0,,-0.09999999500000024,43097.12222222222,35801.8,24420.8,2134,1,0
0.1653237256345344,0.11545967698382435,0,0,,-0.04761904535147403,38260.575000000004,30512.6,41520.799999999996,2134,2,0
-0.1423314363820276,-0.07594446361696276,0,0,,0.04999999750000012,34300.2761904762,25087.0,40320.799999999996,2134,3,0
0.16557807396790536,0.0233972286994362,0,0,,0.05263157617728546,37119.28,28462.4,38820.799999999996,2134,4,0
0.1961646174057534,0.025439378708356525,0,0,,0.11764705190311459,36270.64736842105,27087.0,34520.799999999996,2134,5,0
-0.16728232052650643,-0.20224408466824156,0,0,,-0.2916666545138894,35370.83529411765,17797.9,45161.799999999996,2134,6,0
-0.14073899058840758,-0.0859085027130748,0,0,,0.3333333148148158,44337.916666666664,33277.6,43520.8,2134,7,0
0.0011738110699494263,1.1133513276338145,0,0,,1.2499998437500197,48504.899999999994,35779.4,40932.6,2134,8,0
0.23363124663396143,-0.2736896702940247,0,0,,0.4999999750000012,29341.143333333344,19796.5,50339.799999999996,6792,0,0
0.24096373048998854,0.1433632888432754,0,0,,-0.09090908677685969,40397.530000000006,31925.8,31596.8,6792,1,0
-0.307584800716323,-0.09703864183480855,0,0,,-0.04347825897920613,35332.190909090896,30481.2,24819.8,6792,2,0
0.03566029037718255,0.4017857396628648,0,0,,-0.2580645078043707,39129.23913043477,12974.2,47599.8,6792,3,0
-0.033914538427204585,-0.14582917334010043,0,0,,0.23999999040000036,27913.851612903214,17164.6,38799.799999999996,6792,4,0
0.16627059148313825,-0.12567444431886984,0,0,,1.7777775802469358,32679.472,21536.1,46859.8,6792,5,0
0.05908257423225229,1.5001189148011813,0,0,,0.799999840000032,37376.77777777778,27713.8,25300.0,6792,6,0
-0.7395743261559677,-0.6572156178343285,1,1,,-0.2941176297577865,19047.241666666665,-3069.6,98929.2,4618,0,1
2.3111171553548666,3.013800188951713,-4,0,,0.699999930000007,55566.24705882353,2224.6,109844.59999999999,4618,1,1
-0.3426499253855828,-0.005785104791078868,3,4,,-0.23076921301775286,13843.8,-51.4,42443.8,4618,2,1
5.0,5.0,-7,1,,0.6249999218750099,13924.353846153846,-469.7,53747.1,4618,3,1
-0.9987524932892,-1.15620017423676,3,8,,-0.2727272479338866,-429.275,-455.1,9448.7,4618,4,1
2.1293243898638066,-0.42363433623472124,1,5,,-0.08333332638888948,2748.2363636363634,-7914.0,19302.300000000003,4618,5,1
-0.8597461179363034,-0.8460519787455253,4,4,,-0.399999980000001,4768.216666666666,-2269.2,36210.9,4618,6,1
-0.6384918829810963,-0.5888957834825259,0,0,,-0.09090908677685969,30972.899999999994,11651.9,103643.8,4618,7,1
1.4998451200554106,1.7763635568536895,0,0,,2.1428568367347376,75340.75,49788.9,185414.6,4618,8,1
-0.14183571169132297,0.06419835711949443,0,0,,0.17391303591682453,60409.73333333334,35196.0,105051.8,4863,0,0
0.16268493240971557,-0.25024804263840844,0,0,,0.27777776234567986,56765.482608695645,30849.1,101331.8,4863,1,0
-0.139743110764692,0.29682235364641213,0,0,,-0.18181817355371938,75712.34999999999,46451.2,111426.8,4863,2,0
0.14302112460611896,0.13478932200900487,0,0,,-0.18518517832647488,58382.97727272727,31883.2,98299.8,4863,3,0
-0.12389744725462559,0.07779590866863988,0,0,,0.0,51448.29629629631,26746.7,115928.79999999999,4863,4,0
0.1644399214424113,-0.13028823002669132,0,0,,0.49999997222222375,47734.729629629626,19843.0,107399.8,4863,5,0
-0.13970787753118802,0.011425526152166313,0,0,,1.2499998437500197,54885.688888888886,31088.6,136159.6,4863,6,0
0.17534379950093354,0.10707438973114317,0,0,,0.0,38548.12631578948,28512.3,33735.2,4033,0,0
-0.14123206766321897,-0.06777277754232243,0,0,,0.055555552469135974,34819.81578947369,26343.9,32609.8,4033,1,0
0.16684095061564888,0.213846018378995,0,0,,-0.05263157617728546,37351.211111111115,30247.0,35649.799999999996,4033,2,0
-0.1417501688515615,-0.03606844041028293,0,0,,0.0,30770.963157894734,23055.9,33609.799999999996,4033,3,0
0.14615821036002277,0.3432280807912226,0,0,,-0.04999999750000012,31922.352631578946,21226.1,27169.8,4033,4,0
-0.12863066704871773,-0.2856841333187797,0,0,,0.11111110493827195,23765.399999999998,14269.1,33509.799999999996,4033,5,0
0.1658111325324038,-0.10265061916031458,0,0,,0.9999998888889013,33270.15555555555,15775.1,51775.799999999996,4033,6,0
0.7934032389336703,1.4020714791152757,0,0,,1.249999687500078,37076.03333333333,30549.1,20300.0,4033,7,0
-0.13870205358917462,0.039539181274801986,0,0,,0.2941176297577865,45450.87272727272,33338.7,45643.799999999996,8688,0,0
0.16303516109318392,0.116283386502545,0,0,,-0.10526315235457093,43722.135294117645,38543.0,30903.8,8688,1,0
-0.13872977533709124,-0.09183370257010817,0,0,,0.18749998828125072,39167.594736842104,29978.1,43983.8,8688,2,0
0.17177425400787646,0.12497905086351764,0,0,,0.3333333055555579,43128.21875,35242.2,48649.2,8688,3,0
0.9867431294784113,1.813305080466723,0,0,,4.99999750000125,38336.90833333334,26754.0,24500.0,8688,4,0
-0.6699593700957592,-0.3997486867801845,0,0,,-0.39999998400000064,26124.64666666667,16528.5,50874.2,7674,0,0
0.30629261754439646,-0.24290979882318647,0,0,,0.19047618140589612,43522.848,25578.2,99004.8,7674,1,0
0.6510716816535338,0.06301106026747678,0,0,,-0.12499999479166687,57487.004761904755,26901.7,108911.8,7674,2,0
-0.7647161530121873,-0.3487817126567902,0,0,,-0.03999999840000006,54079.404166666674,31018.5,97141.79999999999,7674,3,0
0.8285815162658003,0.1412675249902674,0,0,,-0.03846153698224858,83043.436,21186.3,172934.80000000002,7674,4,0
-0.488264754150856,-0.11146145915099534,0,0,,-0.1612903173777317,72764.21538461538,28569.3,181323.80000000002,7674,5,0
0.7485047046421811,0.18703260611943073,0,0,,0.2916666545138894,81892.01935483872,50700.4,246823.80000000002,7674,6,0
1.2003680946682849,0.36476427195988076,0,0,,-0.11111110699588492,68988.85416666667,9340.7,102623.79999999999,7674,7,0
-0.6362432227517868,-0.22331940617652857,0,0,,0.49999997222222375,50550.0148148148,16723.7,101614.8,7674,8,0
-0.11682812674888755,-0.22385470485594341,0,0,,0.14999999250000037,16928.22173913044,11508.7,17953.800000000003,10049,0,0
-0.012541107989766515,0.44072297577214714,0,0,,0.05263157617728546,21810.635000000006,13713.7,17913.800000000003,10049,1,0
0.4540168601340625,0.1069365747355892,0,0,,0.055555552469135974,15138.673684210526,11553.1,12553.8,10049,2,0
-0.1569451708155273,0.06391300560646838,0,0,,-0.27999998880000043,13676.188888888888,9545.0,8713.8,10049,3,0
0.15073568879044066,-0.2985735321352426,0,0,,0.19047618140589612,12854.612,4358.5,42233.8,10049,4,0
0.575015883396439,-0.2820116593163016,0,0,,0.49999996428571686,18326.38571428571,9969.3,32313.800000000003,10049,5,0
-0.3062425797719996,0.3519647377023092,0,0,,0.5555554938271674,25524.628571428573,18764.2,20985.6,10049,6,0
-0.1285435102841954,-0.022687006687187327,0,0,,0.13333332444444504,83754.27058823529,61057.6,125873.8,4361,0,0
0.16577142378737844,0.13718487857757905,0,0,,-0.11764705190311459,85698.51333333332,60684.9,119643.8,4361,1,0
-0.15065493060853108,0.39012341872400447,0,0,,-0.10526315235457093,75360.2294117647,37543.7,115440.79999999999,4361,2,0
0.17675828905208169,-0.3068418662164177,0,0,,0.0,54211.178947368426,27902.3,139057.8,4361,3,0
-0.14206019229614358,-0.10867306142950992,0,0,,0.11764705190311459,78208.96315789474,42463.3,146834.8,4361,4,0
0.1689695852820579,0.25385776235461543,0,0,,0.06249999609375024,87744.41764705881,54591.9,154243.8,4361,5,0
-0.14462222020685556,-0.17619881891062616,0,0,,0.599999940000006,69979.5625,37064.6,160129.2,4361,6,0
2.4618266294490163,1.7591381585285248,0,0,,2.3333325555558146,84947.15,35986.7,96400.0,4361,7,0
0.11073796837958298,0.10921899851330791,0,0,,0.0,97706.54210526314,56672.5,207168.2,3967,0,1
0.06194474616592079,0.3874684046959548,0,0,,-0.09523809070294806,88085.8894736842,47513.0,127343.8,3967,1,1
-0.2605619693247022,-0.03461574805662663,0,0,,-0.24999999107142887,63486.77142857144,29143.0,157143.8,3967,2,1
0.9222623089726446,0.16285999197044052,0,0,,0.6470587854671302,65763.21428571429,18937.7,240839.80000000002,3967,3,1
1.062140913195935,1.7539229515764159,0,0,,0.3076922840236705,56552.99411764706,31393.2,78409.79999999999,3967,4,1
-0.44474336829283956,-0.35103810332083324,0,0,,0.0,20535.430769230767,7217.3,31375.8,3967,5,1
3.575562502049752,0.47190992849821517,-1,0,,-0.4090908904958686,31643.507692307696,8280.4,77443.8,3967,6,1
-0.8602901307737605,-0.6541490827343639,1,1,,0.46666663555555765,21498.26363636364,-2919.6,101166.8,3967,7,1
-0.09634641344097927,-0.1502039877570693,0,0,,0.23076922189349144,53555.2625,36637.0,67032.8,4415,0,0
0.11766867136941357,0.3848410965196635,0,0,,0.03999999840000006,63021.31538461537,47879.1,59692.8,4415,1,0
-0.14334377280917918,-0.09810994597895893,0,0,,0.0,45507.976,25252.6,35652.8,4415,2,0
0.21925589243618676,0.11137181320025319,0,0,,-0.3243243155588023,50458.452000000005,20997.7,81298.2,4415,3,0
-0.14220243994235504,-0.07150002931345506,0,0,,0.32142855994898,45401.95405405405,28140.0,79792.8,4415,4,0
0.16584444410951807,0.10587627694790688,0,0,,0.037037035665294975,48898.175,32686.9,76592.8,4415,5,0
-0.14228066960112293,0.015209922883768042,0,0,,-0.035714284438775556,44216.67777777777,32390.3,75692.8,4415,6,0
0.14846790421001632,0.2539247746531019,0,0,,-0.17647058304498286,43554.22142857143,18401.7,83852.8,4415,7,0
0.21244762155192243,-0.34430286732251764,0,0,,0.35999998560000057,34734.31764705883,14415.1,72632.8,4415,8,0
-0.1626040051754173,0.15884110543580415,0,0,,1.7777775802469358,52973.112,30982.1,97335.2,4415,9,0
1.9477571817546235,2.5818950354068764,0,0,,3.499998250000875,45712.14444444445,23104.4,31600.0,4415,10,0
0.3463025195630815,0.0806261413897852,0,0,,-0.06666666222222252,59946.95714285716,47985.3,22003.2,675,0,0
-0.22468839935075213,-0.0440823203271761,0,0,,0.0,55474.28,49099.7,29717.799999999996,675,1,0
-0.37409375149421786,0.5280958028969529,0,0,,-0.2499999875000006,58032.48666666666,47929.6,27117.8,675,2,0
0.6618681678301965,-0.15766648351305448,0,0,,0.11111110493827195,37976.994999999995,22576.4,45197.799999999996,675,3,0
0.089711146954369,0.058259549378610394,0,0,,0.05882352595155729,45085.46111111112,36944.4,30337.800000000003,675,4,0
-0.10151666172512823,0.2003423204655697,0,0,,0.13333332444444504,42603.40588235294,32681.6,25897.800000000003,675,5,0
-0.13682732128047415,0.14538583667769459,0,0,,-0.34782607183364905,35492.71333333333,26608.1,19459.8,675,6,0
0.06145302414973405,-0.09762299076640384,0,0,,0.045454543388429844,30987.56086956522,20182.9,38137.8,675,7,0
0.25640365674364274,0.03761573305630962,0,0,,0.04761904535147403,34339.92727272728,23542.9,38037.8,675,8,0
0.3299404877148219,0.06559086508498835,0,0,,0.23529410380622917,33095.033333333326,21065.1,38217.8,675,9,0
-0.44145906037705535,0.32449384266046083,0,0,,-0.2272727169421492,31057.91764705882,19474.9,30537.799999999996,675,10,0
0.28266001671499513,-0.254631275157774,0,0,,0.5714285306122479,23448.895454545458,13432.7,31077.8,675,11,0
-0.06300023532168708,0.6315971629233399,0,0,,0.7499999062500118,31459.457142857147,11454.7,48972.6,675,12,0
0.19848144282734625,-0.0064264565702971885,0,0,,-0.19999998666666757,50414.68333333333,33976.0,50531.0,1252,0,0
-0.1452704093518538,0.09758618945446802,0,0,,0.07142856632653098,50740.76666666667,35452.8,80318.0,1252,1,0
0.17385246099462978,0.20871763510696026,0,0,,0.07692307100591762,46229.41428571428,25403.8,61072.0,1252,2,0
-0.1418015506360172,0.15188746419361554,0,0,,-0.23529410380622917,38246.661538461536,21828.2,49890.0,1252,3,0
0.1640144236227219,-0.23553045904350853,0,0,,0.13333332444444504,33203.470588235294,24235.3,71110.0,1252,4,0
-0.1416032700329143,-0.003293762872972705,0,0,,0.07142856632653098,43433.346666666665,23924.1,74700.0,1252,5,0
0.16575976468187195,0.18597965836428496,0,0,,-0.39130433081285515,43576.87857142857,36095.6,64356.0,1252,6,0
0.1963554401069131,-0.2005615768580325,0,0,,0.35294115570934376,36743.360869565215,23599.0,87866.0,1252,7,0
-0.16474894906351525,0.043736498193778915,0,0,,0.0,45961.46470588235,28349.8,89290.0,1252,8,0
-0.14223489466474243,0.04561709618922096,0,0,,0.0,44035.50588235294,24809.2,59490.0,1252,9,0
0.16692346924855825,0.34640765073698093,0,0,,-0.2272727169421492,42114.370588235295,23095.1,84463.0,1252,10,0
-0.14292057641550032,-0.4195026400814407,0,0,,0.5714285306122479,31279.063636363633,17427.7,86590.0,1252,11,0
0.13024376988286415,0.6100726412327678,0,0,,0.7499999062500118,53883.214285714275,41259.1,87058.0,1252,12,0
0.1585312037863509,-0.18330368510461256,0,0,,-0.19999998666666757,32495.349999999995,25962.0,29889.199999999997,10954,0,0
-0.1420135506123903,-0.06172938623570736,0,0,,0.15384614201183525,39788.780000000006,28790.4,47743.799999999996,10954,1,0
0.16831749759635772,0.31257123450444513,0,0,,-0.27777776234567986,42406.50769230769,36491.0,43023.799999999996,10954,2,0
0.1920081158360055,-0.15236108487089411,0,0,,0.05882352595155729,32307.96666666666,20510.1,31823.8,10954,3,0
-0.165839718704821,-0.19038980499568436,0,0,,0.41666663194444736,38115.24705882353,29662.6,57003.799999999996,10954,4,0
-0.14232106456451193,-0.09553967384682088,0,0,,-0.14285713265306196,47078.51666666666,42780.1,38043.799999999996,10954,5,0
0.1665855987274498,0.18916010705127304,0,0,,-0.29999998500000075,52051.5,44374.3,44103.799999999996,10954,6,0
-0.13933053651572133,-0.05203832592022594,0,0,,0.3333333111111126,43771.64999999999,34253.7,31083.8,10954,7,0
-0.04515700577506396,0.8428682941354023,0,0,,0.8749998906250137,46174.493333333325,34781.7,40834.6,10954,8,0
-0.22914112817352708,-0.12115627610835442,0,0,,0.0,48681.62068965518,15962.3,138126.0,176,0,0
-0.25330798749487754,-0.03405828657174647,0,0,,0.0,55392.806896551716,18703.5,166881.0,176,1,0
0.943952707822908,0.08910437193250012,0,0,,0.20833332465277812,57345.91034482759,27460.2,224781.0,176,2,0
-0.5139255242161518,-0.002802624047822162,0,0,,-0.36842104293628836,52654.19166666667,23137.8,116981.0,176,3,0
0.47807771164052065,0.10322761528903665,0,0,,0.26666665777777804,52802.17631578945,21468.4,248281.0,176,4,0
2.1960466516364288,0.549789957218095,0,0,,3.2857138163265978,47861.543333333335,12449.8,152990.0,176,5,0
0.5446565271759061,0.04313813653498764,0,0,,0.09523809070294806,77204.7695652174,37431.1,224229.2,9225,0,0
-0.39053771704069584,-0.09249912818640953,0,0,,-0.15999999360000025,74012.02857142857,42271.6,159514.80000000002,9225,1,0
0.7492759579502405,0.48062890387973445,0,0,,-0.03846153698224858,81555.87599999999,47155.1,184143.8,9225,2,0
2.7306924091962967,0.46719133418039027,0,0,,0.8571427959183717,55081.915384615386,37270.2,158043.80000000002,9225,3,0
-0.27252429954669716,0.23139735948103357,0,0,,-0.26315788088642733,37542.42142857143,26475.6,10243.800000000001,9225,4,0
0.7915309119443569,0.04577925187483768,0,0,,0.11764705190311459,30487.657894736843,23338.1,28942.8,9225,5,0
-0.2102246185704158,0.0015197907191947923,0,0,,-0.2272727169421492,29153.05294117647,20321.1,22843.800000000003,9225,6,0
-0.6363762864177787,-0.34301606787946076,0,0,,-0.11999999520000018,29108.813636363633,20970.1,49543.799999999996,9225,7,0
0.19539844855724983,-0.10881933759330639,0,0,,0.08695651795841226,44306.736,21869.4,89998.79999999999,9225,8,0
-0.37045620486450154,-0.16421592974941998,0,0,,0.35294115570934376,49716.89565217392,24769.4,123663.8,9225,9,0
2.5223385879610394,1.4044431303750364,0,0,,0.8888887901234679,59485.33529411765,33221.5,103414.6,9225,10,0
1.0402384101547475,0.06096651556095662,0,0,,0.615384568047341,73105.05714285714,39196.4,224509.0,2051,0,1
-0.09762517394761627,-0.15800687886848327,0,0,,-0.27777776234567986,68904.20769230771,45569.6,124290.0,2051,1,1
-0.45403785279529485,0.09273180552677354,0,0,,-0.3333333209876548,81834.64444444445,53156.1,165690.0,2051,2,1
2.8275636169398255,1.8014140980200488,0,0,,0.9285713622449028,74889.96296296296,34072.5,197290.0,2051,3,1
0.7231285396766475,1.1995446940649814,0,0,,0.39999996000000404,26732.91428571428,12572.3,45182.0,2051,4,1
-0.004032491044161615,0.07521375838112351,-4,0,,-0.2857142653061239,12153.84,2187.0,13390.0,2051,5,1
1.4871771841008352,2.4044182903880578,-2,4,,-0.17647057785467188,11303.65,-2213.0,43545.8,2051,6,1
-0.836562635470327,-0.9383903452648815,6,6,,-0.2272727169421492,3320.288235294118,-2804.8,35270.0,2051,7,1
-0.4238108046058111,-0.37592730976541117,0,0,,-0.11999999520000018,53892.33636363636,18364.5,120763.0,2051,8,1
0.5255615541792642,0.3346845953338823,0,0,,0.6666666222222252,86355.864,36943.4,214956.0,2051,9,1
0.5094737498115967,0.3318161506945802,0,0,,0.8749998906250137,64701.32666666666,34048.3,90007.0,2051,10,1
3.1854782606964416,3.810027227345542,0,0,,1.6666661111112961,48581.275,27468.0,47100.0,2051,11,1
-0.15164992098064137,0.0690449604129395,0,0,,-0.3333333174603182,73007.70714285715,47941.6,69943.8,11079,0,0
0.18001761896212304,-0.22857260657385767,0,0,,0.1666666574074079,68292.45714285717,31684.1,186230.8,11079,1,0
-0.1404052055870494,0.18026274500700393,0,0,,0.2857142653061239,88527.39444444445,53501.8,145594.8,11079,2,0
0.14613027769927045,-0.00517165809043127,0,0,,-0.2222222098765439,75006.51428571428,43762.9,88143.8,11079,3,0
-0.12886203444833438,0.0705848166695701,0,0,,-0.3999999866666671,75396.43888888888,41314.3,147597.8,11079,4,0
0.1315841245701329,0.07523818581701913,0,0,,0.7647058373702448,70425.46999999999,31273.4,237367.8,11079,5,0
-0.13055137717779944,0.26578115893669096,0,0,,-0.10526315235457093,65497.552941176466,32601.0,122923.8,11079,6,0
0.18520721178104124,-0.21824006276964572,0,0,,0.055555552469135974,51744.76842105263,27907.7,151195.2,11079,7,0
-0.14292138359796097,-0.023800074599879584,0,0,,0.636363578512402,66190.09999999999,32665.7,166298.2,11079,8,0
-0.9937732132017141,0.08888183091492341,0,0,,-0.3333333055555579,51139.925,23959.0,39063.2,5181,0,0
1.4757364319080135,0.21817690573791454,0,0,,0.0,46965.541666666664,29075.8,18043.8,5181,1,0
-0.5721348522417385,-0.15545252217053548,0,0,,0.0,38553.958333333336,29801.5,24043.8,5181,2,0
1.9250906503666574,0.5325529488303652,0,0,,0.09090908264462885,45650.43333333334,24534.8,31143.8,5181,3,0
0.2699237120759774,-0.003697655401339649,0,0,,0.22222219753086697,29787.18181818182,27387.3,7543.800000000001,5181,4,0
-0.1301588928261163,0.13716000838276635,0,0,,-0.09999999000000101,29897.73333333333,28911.0,43.8,5181,5,0
0.1244526178252386,0.11128966946883248,0,0,,-0.3333333111111126,26291.579999999998,18581.6,4743.800000000001,5181,6,0
-0.7526191505548013,-0.5380645268258059,0,0,,-0.37499998437500065,23658.62,16207.8,31943.799999999996,5181,7,0
-0.040533733283333345,-0.23937276079525344,0,0,,1.399999860000014,51216.2875,34256.6,116721.8,5181,8,0
0.6558977446096087,0.9719348801781762,0,0,,0.4285713673469475,67334.27999999998,42027.4,84200.0,5181,9,0
1.818558510541566,2.2938553052449655,0,0,,1.333332888889037,34146.299999999996,19200.0,8400.0,5181,10,0
0.1647531557415116,0.10515412623042292,0,0,,0.0,61399.52142857144,29228.2,154129.2,472,0,1
-0.15426018018587467,-0.20734361687135164,0,0,,-0.06666666222222252,55557.42857142858,28016.3,104043.8,472,1,1
0.1814132082715781,0.1299563165202811,0,0,,-0.11764705190311459,70090.18,14385.0,185343.80000000002,472,2,1
-0.14277474468857654,-0.1700010221619452,0,0,,-0.2272727169421492,62029.105882352946,31696.6,112312.79999999999,472,3,1
0.7537776418608814,1.3642855789012525,0,0,,0.2941176297577865,74733.95454545457,39796.6,143283.8,472,4,1
-0.42798287169336335,-0.2516254227853265,-4,0,,-0.055555552469135974,31609.529411764706,4001.5,78503.7,472,5,1
0.16431050725821886,-0.3466627549377002,4,4,,0.4999999583333368,42237.57777777778,-2756.1,173790.3,472,6,1
-0.14035480304645087,0.08725823603890204,0,0,,0.33333329629630043,64648.96666666665,36988.0,159114.6,472,7,1
-0.40545602676602976,-0.2055283248135449,0,0,,-0.12499999479166687,61663.538095238095,30597.4,111831.20000000001,9377,0,0
0.6622811297428512,0.2265551511730742,0,0,,0.14285713605442207,77615.77916666666,42339.6,79574.8,9377,1,0
0.04974743524541812,0.132929314268447,0,0,,-0.22222221399176983,63279.485714285714,50210.9,71666.8,9377,2,0
-0.6152149028694985,-0.34549499615003115,0,0,,-0.12903225390218534,55854.75185185185,35599.3,54966.799999999996,9377,3,0
-0.021793353407462048,0.05434789739390394,0,0,,0.10714285331632667,85338.92258064514,55620.0,179966.80000000002,9377,4,0
1.1164797257905998,0.2244614710251055,0,0,,0.11999999520000018,80940.00357142858,44069.0,167483.80000000002,9377,5,0
-0.47892557162915794,-0.06609611533376873,0,0,,-0.2424242350780535,66102.532,27269.4,99419.8,9377,6,0
0.9264495388671758,0.05403134679871963,0,0,,0.13793102972651622,70780.87272727273,27450.4,133395.8,9377,7,0
-0.17434747200941833,0.09610525232197742,0,0,,0.07407407133058995,67152.53103448277,31020.6,113066.8,9377,8,0
-0.006679389312916563,0.48763449179926827,0,0,,0.07999999680000013,61264.67407407407,40617.2,115092.8,9377,9,0
5.0,0.5464566249801218,0,0,,0.31578945706371275,41182.611999999994,17150.3,67066.8,9377,10,0
-0.8405231717216962,-0.5021775174624401,0,0,,0.4615384260355057,26630.305263157898,11259.2,31994.2,9377,11,0
5.0,5.0,0,0,,5.0,53493.57692307692,19267.0,63400.0,9377,12,0
-0.39048419691773967,-0.36930751021562863,0,0,,-0.20833332465277812,32087.526315789473,21521.5,47303.2,6856,0,0
1.2344664643106003,0.5348272501859884,0,0,,0.3333333148148158,50876.658333333326,23766.4,99767.8,6856,1,0
-0.03787264309790583,0.17019121553458297,0,0,,-0.24999998958333375,33148.13333333333,25176.3,30991.799999999996,6856,2,0
-0.2741049389664002,-0.24178672634372295,0,0,,0.04347825897920613,28327.108333333326,7084.2,64265.799999999996,6856,3,0
0.810467824087353,-0.029933222535389485,0,0,,0.09523809070294806,37360.34347826087,25820.6,37591.799999999996,6856,4,0
-0.6661297814283996,-0.15899247195496008,0,0,,-0.1923076849112429,38513.16666666668,26105.0,48334.799999999996,6856,5,0
0.06539401982309935,0.3445126449674724,0,0,,-0.037037035665294975,45794.08076923077,19675.9,76726.8,6856,6,0
0.9316935477637773,0.7906096877613578,0,0,,0.12499999479166687,34059.985185185185,17963.0,80491.8,6856,7,0
0.5359328937117889,0.494091642164369,0,0,,0.26315788088642733,19021.44583333333,1977.0,50191.8,6856,8,0
-0.1513820756065519,0.12689993746890946,0,0,,0.0,12731.110526315788,4525.8,33891.799999999996,6856,9,0
1.0799991852893553,-0.08350127484792443,0,0,,-0.13636363016528952,11297.463157894737,1637.7,37197.8,6856,10,0
-0.8588402884626912,-0.7526033874051632,0,0,,-0.15384614792899431,12326.76363636364,321.0,45291.799999999996,6856,11,0
1.3751009294667151,0.3062435295616656,0,0,,3.33333277777787,49825.91923076923,25972.7,154742.2,6856,12,0
2.3442156285459763,-0.39991935067808515,0,0,,-0.11111110493827195,26228.175,17373.2,39760.8,3229,0,0
-0.6759327894258389,-0.26369896186041075,0,0,,-0.09999999500000024,43707.74999999999,22320.2,62464.8,3229,1,0
-0.2547430472373412,-0.003375829126820311,0,0,,0.11111110493827195,59361.25,38201.2,75925.8,3229,2,0
0.8803490747908993,0.511811680315416,0,0,,-0.18181817355371938,59562.32222222221,28594.1,78146.2,3229,3,0
-0.18500054404263971,-0.25714641792213894,0,0,,-0.21428570663265334,39397.97727272728,16703.5,58575.4,3229,4,0
-0.5580824088250635,-0.20981484077040485,0,0,,0.037037035665294975,53035.99285714286,29312.6,98202.2,3229,5,0
0.6596581856975635,0.2956934070283459,0,0,,0.07999999680000013,67118.43703703705,41386.0,162921.80000000002,3229,6,0
-0.20152356884539094,-0.3982147799282456,0,0,,0.08695651795841226,51801.172,31499.6,105860.79999999999,3229,7,0
-0.28861426367914395,0.24486307624964798,0,0,,1.0909089917355463,86079.1695652174,50615.3,182260.80000000002,3229,8,0
-0.5412621531864639,-0.8991489439684484,5,5,,-0.5652173667296797,3840.62,-11549.2,44813.0,3859,0,1
0.6535435479164386,0.06904367654195612,0,0,,0.6428570969387788,38082.1,604.0,147323.80000000002,3859,1,1
-0.4051416411039817,0.028366336925875514,-1,0,,-0.17647057785467188,35622.585714285706,11.8,123549.8,3859,2,1
5.0,5.0,1,1,,0.5454544958677732,34639.97647058823,-2103.0,66429.4,3859,3,1
-0.26218385670440725,-0.8006562428845844,0,0,,0.0,1502.809090909091,197.0,2244.7,3859,4,1
-0.923508744550211,-0.21448930236667532,-1,0,,0.0,7538.781818181818,113.0,22443.899999999994,3859,5,1
0.37990787747100463,0.1295186099198631,1,1,,-0.3888888672839518,9597.300000000001,-152.2,9043.800000000001,3859,6,1
-0.8775201274548478,-0.8733425024643565,0,0,,-0.30769229585798863,8496.805555555557,512.5,65083.799999999996,3859,7,1
3.3798893663842837,0.1265655720106993,0,0,,0.9999999230769291,67084.9,30936.6,250326.80000000002,3859,8,1
-0.4537012221752739,0.4724712312591811,0,0,,0.6249999218750099,59548.153846153844,36312.2,96295.6,3859,9,1
0.17968397290385174,0.18199599239651978,0,0,,-0.09523809070294806,22755.989473684207,17946.1,19483.2,9031,0,0
1.29099221152726,-0.1422335649314046,0,0,,0.0,19252.17142857143,15277.7,15097.800000000001,9031,1,0
-0.7652419258702936,-0.45008792473740084,0,0,,-0.27586205945303244,22444.538095238095,16652.7,19497.8,9031,2,0
-0.36118573714803265,0.04254953362354796,0,0,,0.15999999360000025,40814.775862068964,17876.4,80955.8,9031,3,0
0.06697295230670862,-0.04795692716125647,0,0,,0.19047618140589612,39149.004,21065.6,24397.8,9031,4,0
-0.44925394900739896,-0.30970378397783604,0,0,,-0.045454543388429844,41121.042857142864,15929.5,31952.8,9031,5,0
0.9535504043648029,0.9876530536979786,0,0,,1.199999880000012,59570.140909090915,22890.5,140892.2,9031,6,0
0.16434585155514683,0.22000187556000173,0,0,,0.1304347769376184,42691.79615384616,26061.8,75193.2,10233,0,0
-0.1400497050088633,0.6053944994109999,0,0,,0.045454543388429844,34993.22173913044,13460.4,74608.8,10233,1,0
0.16695793622424338,0.12671690312986125,0,0,,-0.08333332986111125,21797.272727272728,3379.3,40308.799999999996,10233,2,0
-0.1433272630023556,-0.22206517194352296,0,0,,0.0,19345.829166666666,5638.7,67408.8,10233,3,0
0.165149174917948,-0.1503318917053371,0,0,,-0.07692307396449716,24868.1875,11688.6,64008.8,10233,4,0
-0.14329074735718136,-0.2359166172211303,0,0,,0.03999999840000006,29268.119230769225,12142.8,83317.8,10233,5,0
0.16583019048141606,0.13339367126700272,0,0,,-0.13793102972651622,38304.876000000004,27589.4,65808.8,10233,6,0
0.1969490597463864,-0.18056403915345412,0,0,,0.035714284438775556,33796.62068965517,20959.7,73430.8,10233,7,0
-0.1646513935504149,0.2718587956562721,0,0,,0.11999999520000018,41243.76071428571,26310.7,86708.8,10233,8,0
-0.14253001138254934,-0.35345662489544905,0,0,,0.9230768520710114,32427.94,20361.8,63631.8,10233,9,0
0.732897319032458,1.043238324855189,0,0,,1.599999680000064,50155.86153846153,34061.1,88495.0,10233,10,0
0.1651816158167134,0.15752893349401204,0,0,,-0.12499999218750048,39986.17142857142,22085.1,117673.0,314,0,0
-0.14220903411154362,0.08667856805540672,0,0,,0.0,34544.425,21940.6,106128.0,314,1,0
0.1649823374981095,-0.11889905087345665,0,0,,-0.15789472853185638,31789.0,13442.0,111645.0,314,2,0
0.19794236907732374,-0.20787478894949207,0,0,,0.2666666488888901,36078.72631578947,16008.0,124673.0,314,3,0
-0.1662155819337759,-0.00999201515816679,0,0,,-0.06249999609375024,45546.74666666666,30877.1,118473.0,314,4,0
-0.14164540333836811,0.1892195224352525,0,0,,-0.11111110493827195,46006.44375,32851.9,101973.0,314,5,0
0.1597897863207163,0.02825093615313516,0,0,,-0.09999999500000024,38686.24999999999,18149.2,125417.0,314,6,0
-0.15582827741544236,0.05611654422124374,0,0,,-0.09090908677685969,37623.355,18756.1,90273.0,314,7,0
0.14768908419214719,0.0755230325342296,0,0,,-0.04347825897920613,35624.245454545446,16180.2,125142.0,314,8,0
-0.11136466100139603,-0.3853313076061174,0,0,,0.5333332977777802,33122.71739130435,15580.3,118280.0,314,9,0
0.16322381283924758,0.2696261256010637,0,0,,0.8749998906250137,53887.10666666668,26325.3,165682.0,314,10,0
0.1666490889858791,0.22425433279993376,0,0,,0.05882352595155729,39223.92777777778,18267.5,97984.0,2754,0,0
-0.14264667689989138,-0.08181938195185426,0,0,,-0.055555552469135974,32039.035294117646,11985.1,94614.0,2754,1,0
0.16661246904655067,0.14145996965665092,0,0,,0.0,34894.044444444444,14578.8,108536.0,2754,2,0
-0.14330773077536543,-0.2287194025284033,0,0,,0.05882352595155729,30569.661111111105,17213.1,121614.0,2754,3,0
0.1671016351152601,0.34287021343372676,0,0,,-0.055555552469135974,39634.94117647059,24084.5,132688.0,2754,4,0
-0.1432051187092665,-0.1264889364131675,0,0,,-0.14285713605442207,29515.094444444447,14443.2,85797.0,2754,5,0
0.16607891715571432,-0.0666892997222382,0,0,,-0.045454543388429844,33789.03333333333,21613.8,135181.0,2754,6,0
-0.14248337327003202,-0.031026609825730567,0,0,,0.0,36203.41363636364,18760.3,135716.0,2754,7,0
0.742604559082515,-0.006894172839829853,0,0,,0.0,37362.65,19287.6,131632.0,2754,8,0
-0.4271854338964632,-0.4707001988498788,0,0,,0.2941176297577865,37622.02272727272,15111.6,146744.0,2754,9,0
0.16651477538153575,0.5432889257653819,0,0,,1.1249998593750177,71078.85294117648,45108.0,157041.0,2754,10,0
0.15407252115249342,-0.1852274046614372,0,0,,-0.05263157617728546,35444.53333333334,28613.8,35052.2,5118,0,0
-0.13858892853215704,0.1160100501578888,0,0,,0.055555552469135974,43502.36315789473,39854.9,24666.8,5118,1,0
0.10572012823582665,0.12156630118628427,0,0,,-0.3333333209876548,38980.26111111112,32897.6,17366.8,5118,2,0
-0.09636750637060165,-0.13348774473417663,0,0,,0.4210526094182837,34755.200000000004,27788.0,31746.8,5118,3,0
0.16360476373137678,0.005537670785333015,0,0,,0.055555552469135974,40109.3,34609.8,23360.8,5118,4,0
0.13942876382173428,0.08577011734549517,0,0,,-0.05263157617728546,39888.41111111111,36826.0,20666.8,5118,5,0
-0.39894925759967015,0.3917635807458577,0,0,,-0.23999999040000036,36737.43684210526,31728.1,19731.8,5118,6,0
0.25411253964755015,-0.3156712686064527,0,0,,-0.03846153698224858,26396.319999999996,15939.6,26406.8,5118,7,0
0.16562411200557325,0.04958211559744486,0,0,,0.29999998500000075,38572.57307692308,19325.6,46426.8,5118,8,0
-0.2661648765920314,0.19845095649630556,0,0,,-0.1304347769376184,36750.41,32727.2,21506.8,5118,9,0
0.25775136703368745,0.26959470016122955,0,0,,-0.11538461094674572,30664.92608695652,21637.0,26486.8,5118,10,0
-0.0681843290179882,-0.2846264761762187,0,0,,0.4444444197530878,24153.319230769233,17850.1,29146.8,5118,11,0
-0.16446621277183152,0.7486448276332562,0,0,,1.2499998437500197,33763.22777777777,27486.6,34790.6,5118,12,0
-0.7325621325569623,0.07154972533351982,0,0,,-0.19999998666666757,63585.87499999999,43506.8,37636.2,6510,0,0
0.9337452729307952,2.4463425358412123,0,0,,0.15384614201183525,59340.106666666674,15672.0,46543.799999999996,6510,1,0
0.18860920657182356,-0.3910849177959986,0,0,,-0.23529410380622917,17218.28461538461,8721.7,42454.799999999996,6510,2,0
-0.6862352918107457,-0.47940713475723534,0,0,,-0.2272727169421492,28276.988235294113,8237.9,80010.8,6510,3,0
0.006201197734853924,0.19487052960510645,0,0,,0.2941176297577865,54316.89545454546,31148.0,151732.80000000002,6510,4,0
0.36595038623897647,-0.10513416176031565,0,0,,-0.055555552469135974,45458.394117647054,13887.5,80909.80000000002,6510,5,0
-0.34022899039515425,-0.17830607478780716,0,0,,-0.18181817355371938,50799.11666666667,7848.3,165262.80000000002,6510,6,0
0.5526854851682865,-0.029912457655369366,0,0,,2.1428568367347376,61822.43181818181,27024.0,176066.80000000002,6510,7,0
-0.1433205877450139,-0.09034891098738541,0,0,,-0.08695651795841226,22900.79047619048,12148.2,47651.799999999996,9263,0,0
0.167485026435875,0.13557009666664613,0,0,,0.09523809070294806,25175.35652173913,14425.1,63051.799999999996,9263,1,0
-0.14333047087242992,-0.05435246327561687,0,0,,-0.045454543388429844,22169.795238095237,12195.8,46151.799999999996,9263,2,0
0.16769949661793818,0.14730716487526752,0,0,,-0.08333332986111125,23444.03636363636,12702.7,60481.799999999996,9263,3,0
-0.1438015488237309,-0.2589510916741341,0,0,,0.0,20433.966666666667,4518.9,55051.8,9263,4,0
0.1541371947015018,-0.40360218636353706,0,0,,0.3333333148148158,27574.383333333335,15511.0,63015.8,9263,5,0
0.1732954325231299,0.30217629203971763,0,0,,0.9999998888889013,46234.88333333333,10985.7,91174.6,9263,6,0
0.16465898808262477,0.08511801584178368,0,0,,0.11764705190311459,61347.77894736841,29415.9,155848.2,8094,0,0
-0.14215926289214725,0.042184239328827866,0,0,,-0.10526315235457093,56535.58235294118,32167.0,110629.79999999999,8094,1,0
0.16688034728095777,0.22496064585509506,0,0,,0.055555552469135974,54247.20526315789,32303.0,147706.80000000002,8094,2,0
-0.14347060009834736,-0.271627603693428,0,0,,0.0,44284.85555555556,20250.3,103568.8,8094,3,0
0.16526424457968247,0.01337845143565144,0,0,,0.05882352595155729,60799.74444444444,20545.7,169387.80000000002,8094,4,0
-0.14257668832919046,-0.07691424707664792,0,0,,-0.055555552469135974,59997.07647058823,34995.8,126084.8,8094,5,0
0.16582532891322352,-0.019056006547501062,0,0,,0.7999999200000081,64996.211111111115,33544.3,134638.80000000002,8094,6,0
0.992025701487167,0.6371799045216044,0,0,,1.4999996250000938,66258.84,37324.2,147000.0,8094,7,0
0.7470536207780815,0.48362200752985335,0,0,,0.04761904535147403,61510.05000000002,28635.1,167243.2,2350,0,0
-0.3590905628514678,-0.3547748387314029,0,0,,-0.12499999479166687,41459.380952380954,27796.4,72957.8,2350,1,0
-0.07430664459068652,-0.005449892003086197,0,0,,-0.07692307396449716,64255.67916666666,37731.0,174057.8,2350,2,0
0.10706797237398304,0.27703794101327195,0,0,,-0.10344827229488716,64607.78461538461,31311.5,163057.80000000002,2350,3,0
0.9583233592427326,1.4604227306437492,0,0,,0.7058823114186875,50591.90689655173,26905.5,191069.80000000002,2350,4,0
5.0,-0.5132696558213845,0,0,,0.06249999609375024,20562.282352941176,6469.8,16982.800000000003,2350,5,0
-0.9140819015561161,-0.3803866728325864,0,0,,0.3333333055555579,42245.7375,12688.7,65917.8,2350,6,0
0.11466227922402779,0.4119551574513532,0,0,,0.4999999375000079,68180.80833333333,39875.3,111289.6,2350,7,0
4.535772727015013,3.927369897558432,0,0,,1.6666661111112961,48288.225000000006,23100.0,28200.0,2350,8,0
0.0069434052039379175,0.3078893718769059,0,0,,-0.2608695538752368,83194.72352941177,64790.7,74094.2,4999,0,0
-0.055411529214896206,0.003704978974245266,0,0,,0.21052630470914185,63609.90869565219,45263.6,82590.8,4999,1,0
-0.08741198311326594,0.7728658284910348,0,0,,-0.26923075887574005,63375.10526315791,39706.2,89108.80000000002,4999,2,0
0.5636402897345976,-0.28062664097440926,0,0,,0.23809522675737013,35747.265384615384,18748.4,99699.8,4999,3,0
-0.20244738261233805,0.3065899392911754,0,0,,0.10526315235457093,49692.22857142858,30362.9,87202.79999999999,4999,4,0
0.0024707975506799307,0.051088342945191885,0,0,,-0.09523809070294806,38032.00000000001,19429.4,65647.8,4999,5,0
0.16770101607877935,0.5457466114386302,0,0,,0.0,36183.44761904763,19985.3,89708.8,4999,6,0
-0.1436571233619479,-0.37764948500426215,0,0,,-0.15999999360000025,23408.395238095236,2206.7,71024.79999999999,4999,7,0
0.16443072181999976,0.031564159364224346,0,0,,0.0,37612.88,22196.2,106526.8,4999,8,0
-0.14273552341542894,-0.41797125674770985,0,0,,1.4999998500000151,36461.988,16821.5,106390.79999999999,4999,9,0
0.7482838560559217,1.1699532673456523,0,0,,0.6666665555555741,62646.369999999995,38270.5,77728.0,4999,10,0
0.16377839240947392,-0.009458132806250522,0,0,,-0.18749998828125072,18656.484615384616,11316.0,24326.2,2872,0,0
-0.14169443702007217,0.12061280424808409,0,0,,0.06666666222222252,18834.625,12087.7,26500.800000000003,2872,1,0
0.16595851651426308,-0.005629259341290092,0,0,,-0.11764705190311459,16807.43333333333,9679.9,24340.8,2872,2,0
0.19892221256985387,0.018496500759096878,0,0,,0.21428569897959293,16902.58235294118,10464.8,28300.8,2872,3,0
-0.1661408181338212,0.055839469327124844,0,0,,-0.06666666222222252,16595.621428571427,9883.3,24340.8,2872,4,0
-0.14341771825752994,-0.11147070932432168,0,0,,-0.1666666574074079,15717.939999999999,10666.3,20900.8,2872,5,0
0.00644561147336626,-0.1834512615223556,0,0,,-0.3333333209876548,17689.838888888884,8602.9,34781.8,2872,6,0
-0.012396501999897747,-0.4443262377183539,0,0,,1.0769229940828466,21664.15555555555,12991.7,58200.8,2872,7,0
0.4603329868809028,1.7195757053455858,0,0,,1.599999680000064,38987.184615384605,27956.1,39659.0,2872,8,0
0.5178254070136471,0.5378071016270329,0,0,,-0.3076922840236705,41776.23333333333,17965.1,6629.2,6649,0,0
-0.43192622198984315,-0.5152937019091939,0,0,,0.08333332638888948,27166.107692307683,12561.6,48595.799999999996,6649,1,0
-0.47668296788018166,-0.03532721482282296,0,0,,-0.4285714081632663,56046.53333333335,27635.5,89188.8,6649,2,0
0.231971608575064,-0.048759180404060146,0,0,,0.1666666574074079,58099.00952380953,29637.1,119643.8,6649,3,0
-0.21315557808288615,-0.18654232277506533,0,0,,0.0,61077.07777777777,43583.0,104698.8,6649,4,0
-0.32208692027357555,-0.04296173175892235,0,0,,-0.09999999500000024,75083.2888888889,54232.1,161884.80000000002,6649,5,0
0.1292601160707378,0.6874307884082661,0,0,,-0.04761904535147403,78453.8,48243.7,187929.80000000002,6649,6,0
2.149011476843793,0.45713970437079476,0,0,,1.6249997968750256,46493.04761904761,2491.6,161000.80000000002,6649,7,0
5.0,0.2238456109445175,0,0,,0.9999997500000625,31907.0625,21521.7,12600.0,6649,8,0
-0.8364996497301008,-0.04145250123015713,0,0,,-0.33333327777778704,26071.149999999998,25021.7,3100.0,6649,9,0
-0.8406691876246006,-0.20464720485761434,0,0,,-0.1428571224489825,27198.600000000002,26265.3,3000.0,6649,10,0
-0.6962896601473434,-0.2138542473141297,0,0,,0.399999920000016,34196.9,25707.3,27100.0,6649,11,0
0.7533378995089799,1.3726967271978532,0,0,,0.6666664444445185,43499.44,24200.0,16900.0,6649,12,0
-0.5209336792975344,0.030245707778369067,0,0,,-0.14285713605442207,63156.333333333336,50717.2,128991.0,4293,0,0
0.3433089081079112,0.30659176401197247,0,0,,0.10526315235457093,61302.20476190477,8950.0,170691.0,4293,1,0
1.3518571108104183,0.14324380364085684,0,0,,-0.17391303591682453,46917.642105263156,15852.3,153391.0,4293,2,0
-0.615571256340769,-0.42731568191297803,0,0,,-0.041666664930555625,41039.052173913034,17938.1,97470.0,4293,3,0
0.18380892958728473,0.19919235856060127,0,0,,0.04347825897920613,71660.8625,44735.0,174241.0,4293,4,0
-0.2575353484514377,-0.1475716544931199,0,0,,-0.1481481426611799,59757.60434782609,40380.6,126791.0,4293,5,0
0.16652902476608114,0.31493381512412955,0,0,,0.49999997222222375,70102.7888888889,40649.6,246684.0,4293,6,0
5.0,1.9722243901943837,0,0,,1.9999996666667221,53312.788888888885,22073.1,126297.0,4293,7,0
-0.9606666664379365,-0.2825199999886992,0,0,,0.9999996666667778,17937.0,13583.9,11500.0,4293,8,0
-0.19230769227071004,0.17187499999194342,0,0,,0.0,25000.0,24200.0,1600.0,4293,9,0
-0.6976744185640886,1.2535211266281492,0,0,,0.0,21333.333333333332,19600.0,0.0,4293,10,0
0.16330664496857455,-0.15256125220137653,0,0,,-0.045454543388429844,28286.238095238095,6529.3,74389.2,4660,0,0
-0.14257895098169068,-0.09585136310231047,0,0,,0.0,33378.50454545454,12305.2,98042.8,4660,1,0
0.16578440326689461,-0.03031035314320959,0,0,,-0.08333332986111125,36917.05454545456,16809.5,85642.8,4660,2,0
-0.14349093605983715,-0.2186016834724085,0,0,,0.04347825897920613,38071.0,17177.1,107863.8,4660,3,0
0.16832135101338452,0.2789102012286616,0,0,,0.045454543388429844,48721.630434782615,30457.9,85110.8,4660,4,0
-0.1555354171790035,-0.17034266226373432,0,0,,-0.08333332986111125,38096.209090909084,22117.5,50312.799999999996,4660,5,0
0.18185749184962358,-0.09884103866117822,0,0,,1.6666664814815022,45918.00416666667,58.3,155868.2,4660,6,0
-0.14209159627808324,0.16336256257857884,0,0,,-0.13333332444444504,39261.376923076925,23726.7,104043.8,10361,0,0
0.1643997272934272,-0.18432033860912703,0,0,,0.07142856632653098,33748.18666666667,13897.0,124209.8,10361,1,0
-0.14176356798808146,-0.27791902508700533,0,0,,0.2727272479338866,41374.31428571429,17239.4,132033.8,10361,2,0
0.16379336010703002,-0.07020619615613377,0,0,,-0.35294115570934376,57298.718181818185,39877.7,125148.20000000001,10361,3,0
-0.141953854335772,0.18981698405490618,0,0,,-0.19047618140589612,61625.18823529412,34356.5,142655.80000000002,10361,4,0
0.1648115876554222,-0.21837084735832255,0,0,,0.615384568047341,51793.8380952381,25137.4,143864.80000000002,10361,5,0
0.49634088142519117,0.6441782538429965,0,0,,0.857142734693895,66263.95384615386,37168.8,141514.6,10361,6,0
0.1776369031515832,0.060347403646026726,0,0,,-0.06249999609375024,30792.81333333333,19397.3,43759.2,1447,0,0
-0.18655540199418585,0.05203063499551593,0,0,,0.0,29040.30625,23916.9,34789.8,1447,1,0
0.2333003721087382,0.07672673364204817,0,0,,0.0,27604.05,20345.9,35122.799999999996,1447,2,0
-0.13377768861317926,-0.2142326068559813,0,0,,-0.05882352595155729,25637.00625,20394.4,32619.8,1447,3,0
0.6858275256429286,0.008956021557187773,0,0,,0.3076922840236705,32626.711764705888,20829.5,47716.799999999996,1447,4,0
-0.4033753667060391,-0.10096931094263586,0,0,,0.299999970000003,32337.099999999995,27197.6,29763.8,1447,5,0
0.5137396484862282,1.382529019072596,0,0,,0.99999980000004,35968.84999999999,26038.3,33010.0,1447,6,0
-0.743055115148628,-0.5921478189303175,0,0,,-0.27999998880000043,29810.26666666667,12622.5,81984.2,9138,0,1
0.46488860458981346,0.624728335223008,0,0,,-0.03846153698224858,73090.86,20221.5,168698.80000000002,9138,1,1
0.5233387204050318,0.38677669856457025,0,0,,0.1304347769376184,44986.51153846155,24193.0,118134.8,9138,2,1
1.1515997442930654,2.2700352547841853,0,0,,0.27777776234567986,32439.621739130438,15864.8,52898.799999999996,9138,3,1
-0.04169348892750994,-0.2917285435371432,0,0,,0.05882352595155729,9920.266666666668,786.8,36598.799999999996,9138,4,1
2.111868189611566,1.9356896678517932,-7,0,,-0.055555552469135974,14006.305882352943,4236.4,24450.399999999998,9138,5,1
-0.3371407567213976,-0.747044044013282,7,7,,-0.14285713605442207,4771.044444444444,-1095.2,17562.799999999996,9138,6,1
-0.8175771951518962,-0.7318397160202812,0,0,,-0.08695651795841226,18861.16666666667,2040.9,84598.8,9138,7,1
0.6056977587603485,1.2484783360833691,0,0,,2.28571395918372,70335.42173913043,51639.7,128735.6,9138,8,1
0.16118639815794264,0.023150000612997636,0,0,,-0.09999999500000024,38675.044444444444,22960.8,78460.2,8320,0,0
-0.14191039744857237,-0.1065675476780322,0,0,,0.05263157617728546,37799.975,21327.4,96759.8,8320,1,0
0.1683677783003825,0.5026882671905087,0,0,,-0.09523809070294806,42308.71052631579,30347.2,76758.8,8320,2,0
-0.1417040828311082,0.012313887254119714,0,0,,0.10526315235457093,28155.34761904763,15561.8,75769.8,8320,3,0
0.16540490545177822,-0.030413752267541443,0,0,,-0.09523809070294806,27812.86315789474,18138.4,84158.8,8320,4,0
0.19414371745604628,-0.4156787427122652,0,0,,0.49999996428571686,28685.290476190476,11639.3,103517.8,8320,5,0
-0.1702525080011049,0.3720514139222585,0,0,,0.39999996000000404,49091.64285714285,36992.3,103419.6,8320,6,0
-0.36774740823407037,-0.0037809170348897052,0,0,,-0.04761904535147403,56834.829999999994,30803.1,108630.2,9353,0,0
0.6298936417292715,0.3154263725836372,0,0,,0.10526315235457093,57050.53333333332,32959.1,100361.8,9353,1,0
-0.5062104571579955,-0.18802987087495138,0,0,,-0.3448275743162905,43370.37368421053,25805.8,56563.799999999996,9353,2,0
0.2979478172929991,-0.10678205340896887,0,0,,0.3181818037190089,53413.75517241379,27892.6,162504.80000000002,9353,3,0
-0.04571135079577988,-0.05081984912422271,0,0,,-0.04347825897920613,59799.24090909091,26506.2,140663.80000000002,9353,4,0
-0.3899836917647014,-0.15133655123172818,0,0,,-0.11538461094674572,63000.93913043477,35693.2,128777.8,9353,5,0
0.9087373453608123,0.1638172640644365,0,0,,0.29999998500000075,74235.48076923077,18913.4,178863.8,9353,6,0
4.184922335122149,0.7963243420276668,0,0,,1.2222220864197684,63786.19999999999,32011.1,123975.6,9353,7,0
0.38048639591124234,0.33315216978730483,0,0,,0.285714244897965,35509.288888888885,28846.5,26300.0,9353,8,0
5.0,0.04600421096387102,0,0,,0.0,26635.58571428571,22518.3,3400.0,9353,9,0
-0.9517999998535691,-0.019353200072608927,0,0,,1.333332888889037,25464.12857142857,25206.8,1800.0,9353,10,0
-0.6829268292349792,1.2844574778928632,0,0,,0.0,25966.666666666668,24600.0,0.0,9353,11,0
0.16444348539604886,0.3080100414464705,0,0,,-0.11764705190311459,49936.453333333346,38573.4,43912.2,11096,0,0
-0.17588671001207803,0.022033182297253047,0,0,,0.06249999609375024,38177.42352941176,26232.2,49466.8,11096,1,0
0.18691863455099983,0.20045582601232828,0,0,,-0.27272726033057904,37354.3875,17345.0,83206.8,11096,2,0
0.22821631909317563,0.08295686029096215,0,0,,0.37499997656250145,31116.83636363636,15640.2,64146.799999999996,11096,3,0
-0.1653862692071207,0.017645671481736576,0,0,,0.06666666222222252,28733.21875,19816.3,56906.8,11096,4,0
-0.14411893976073595,-0.19952801389215805,0,0,,-0.06249999609375024,28234.993333333332,19207.7,59226.799999999996,11096,5,0
0.16710325629520614,-0.17836469973811417,0,0,,0.7777776913580343,35272.931249999994,18548.7,95891.2,11096,6,0
1.9073175580868038,1.5257985224963577,0,0,,1.9999993333335555,42930.15555555556,25222.7,54700.0,11096,7,0
0.1966438988212205,0.19300028388514817,0,0,,0.18749998828125072,58700.14736842106,18634.2,167851.0,3418,0,0
-0.2027140679360307,0.13973711630621502,0,0,,-0.11111110493827195,49203.8,12088.2,113502.0,3418,1,0
1.7337978859197838,1.1420534547113161,0,0,,0.0,43171.183333333334,10936.4,112207.0,3418,2,0
-0.09404339478930028,-0.46903882229574617,0,0,,0.19999998666666757,20154.111111111113,5976.3,63572.0,3418,3,0
-0.2400867223466473,-0.4050797387421821,0,0,,-0.1666666574074079,37957.78666666666,10344.3,66106.0,3418,4,0
-0.44909245395592085,-0.06338485332132038,0,0,,0.0,63803.149999999994,43545.0,96371.0,3418,5,0
0.01293655037816467,0.21547103170034157,0,0,,-0.3999999866666671,68120.9888888889,36663.9,132583.0,3418,6,0
0.021522053466129027,-0.20282688980078015,0,0,,1.4999998750000105,56044.93,23364.9,174611.0,3418,7,0
5.0,5.0,0,0,,4.99999750000125,70304.59166666667,19200.0,97800.0,3418,8,0
0.0006529318383938351,0.1259425406300235,0,0,,0.19999998666666757,53767.494444444455,22903.4,88086.2,6265,0,0
3.821124340460818,0.4865380618128754,0,0,,0.15384614201183525,47753.32,19156.2,44265.799999999996,6265,1,0
-0.8101556280799997,0.05631721048860847,0,0,,-0.31578945706371275,32123.84615384616,24706.2,24065.799999999996,6265,2,0
0.4095672596906471,-0.49214244663036766,0,0,,0.18749998828125072,30411.173684210527,14040.2,59529.799999999996,6265,3,0
-0.5945998258600277,-0.12081497036775932,0,0,,-0.15789472853185638,59881.306249999994,28846.0,116175.79999999999,6265,4,0
-0.13606617649052175,0.13826673931227187,0,0,,-0.2962962853223598,68110.01578947369,27717.0,120491.8,6265,5,0
-0.3095886800611322,-0.14051362986015115,0,0,,-0.22857142204081654,59836.6037037037,26354.3,173989.8,6265,6,0
0.17195755023121426,-0.07769595349514975,0,0,,1.1874999257812546,69619.0257142857,36566.6,237029.8,6265,7,0
0.15938940151491,-0.09215113450977824,0,0,,0.0,46661.54615384615,39245.5,26509.2,2516,0,0
-0.1697148546900871,0.01178301896188077,0,0,,-0.13333332444444504,51397.92307692308,43843.2,16283.800000000001,2516,1,0
0.06995747718709182,0.0993425767194116,0,0,,-0.21052630470914185,50799.35333333335,41832.3,30203.8,2516,2,0
-0.0358808513047587,-0.26878113622634797,0,0,,0.4615384260355057,46208.847368421055,35676.5,35383.8,2516,3,0
-0.05390740125249803,0.3428184742454028,0,0,,0.0,63194.27692307693,54634.1,25103.800000000003,2516,4,0
-0.21251739665148264,0.03643545994772164,0,0,,-0.31578945706371275,47060.92307692308,34832.4,5923.800000000001,2516,5,0
0.13510322447840029,0.5252128584367476,0,0,,-0.13636363016528952,45406.515789473684,18375.8,89283.8,2516,6,0
0.4920735474402534,0.0017462597313843134,0,0,,0.37499997656250145,29770.609090909085,9070.2,61523.799999999996,2516,7,0
-0.07155594165641602,-0.10358829063949408,0,0,,-0.11111110493827195,29718.7125,16009.4,35343.8,2516,8,0
-0.14198642619213062,-0.19952586185672533,0,0,,0.12499999218750048,33152.97222222222,18124.8,65603.8,2516,9,0
0.16601828498368784,0.0164774566577763,0,0,,0.599999940000006,41416.66875,28898.5,47543.8,2516,10,0
0.20020712975056565,0.673426677271687,0,0,,0.6666665555555741,40745.28999999999,33718.6,45300.0,2516,11,0
0.16509004598037494,0.3006504677352546,0,0,,-0.11111110493827195,59175.64375,35075.3,135927.2,1093,0,0
-0.14232264894624486,-0.07213072966686733,0,0,,-0.05263157617728546,45496.96111111111,18883.5,113636.79999999999,1093,1,0
0.16672164043451776,0.2938653870797622,0,0,,-0.20833332465277812,49033.8052631579,17933.3,133880.80000000002,1093,2,0
-0.14297356196339314,-0.22485382616685917,0,0,,0.04347825897920613,37897.145833333336,12108.3,134420.8,1093,3,0
0.7460328113887224,0.10046587426697366,0,0,,0.4374999726562517,48890.32173913044,16027.7,147953.8,1093,4,0
-0.4267744089224348,-0.04301790955949126,0,0,,-0.11111110493827195,44426.931249999994,21743.6,90678.79999999999,1093,5,0
0.16677463331510028,0.16658723119160546,0,0,,-0.14285713605442207,46423.99444444445,19222.0,152750.8,1093,6,0
-0.1429202240744645,-0.09547565573412589,0,0,,-0.045454543388429844,39794.70476190475,18331.2,151106.8,1093,7,0
0.1660197337532922,0.03540112503029612,0,0,,0.0,43995.17272727272,15730.6,170125.80000000002,1093,8,0
-0.14356122828284906,-0.3896204683767149,0,0,,0.37499997656250145,42490.945454545465,13583.2,148508.8,1093,9,0
0.16924139151136125,0.17503666504822066,0,0,,0.9999998750000157,69613.975,41427.8,190836.6,1093,10,0
-0.6254547545250827,-0.4189162464462295,0,0,,-0.4333333188888894,32413.394117647054,18579.8,37300.8,7957,0,0
0.8698304209994955,0.04308235676510483,0,0,,0.3043478128544429,55780.933333333334,26783.2,120209.8,7957,1,0
-0.691335379931072,-0.25188715607298023,0,0,,-0.2580645078043707,53477.01739130436,27280.1,121313.80000000002,7957,2,0
-0.0156739952702591,-0.061710145732960804,0,0,,-0.060606058769513374,71482.55483870968,30299.4,246176.80000000002,7957,3,0
0.76886593842543,1.626076910749296,0,0,,0.4347825897920613,76183.87272727273,37672.7,243113.8,7957,4,0
0.0230178555726497,-0.5168623138276031,0,0,,-0.07999999680000013,29010.52608695652,5139.9,58218.799999999996,7957,5,0
0.9555607891047495,1.305229514465967,0,0,,0.13636363016528952,60046.084,15097.8,164100.8,7957,6,0
-0.3411751043252425,-0.40211567314138,0,0,,-0.11999999520000018,26047.768181818177,13310.1,50100.8,7957,7,0
-0.4315918305045436,-0.19862847156439828,0,0,,-0.2424242350780535,43566.568,17802.4,124100.8,7957,8,0
0.20273150326257136,-0.06698455653800567,0,0,,1.749999854166679,54365.00606060606,19080.8,225500.8,7957,9,0
5.0,5.0,0,0,,4.99999750000125,58268.06666666666,14924.7,84100.0,7957,10,0
-0.04531968843427499,0.22948392524121974,0,0,,0.0,74623.45,25369.7,148646.2,6461,0,0
-0.0006150590325098486,0.2996575177404561,0,0,,-0.11111110493827195,60694.93750000001,32474.9,59751.8,6461,1,0
-0.2917672092602471,-0.2842738318808824,0,0,,-0.14285713605442207,46700.71666666667,24579.8,50137.799999999996,6461,2,0
1.4157626191401491,0.5408285759279929,0,0,,0.10526315235457093,65249.41904761904,29679.8,120182.8,6461,3,0
-0.45017295933718576,-0.34671623332347334,0,0,,0.18749998828125072,42346.96842105263,22864.1,65917.79999999999,6461,4,0
0.11537865503781486,0.39001202387074696,0,0,,-0.05882352595155729,64821.706249999996,43582.1,108743.8,6461,5,0
4.796402027563344,0.7078613489055328,0,0,,0.0,46633.91764705883,27973.3,55899.799999999996,6461,6,0
-0.7803514139427669,-0.5670448386174821,0,0,,-0.19047618140589612,27305.44705882353,19653.7,44051.799999999996,6461,7,0
-0.662348886040605,-0.06169349771276154,0,0,,0.1666666574074079,63067.60952380954,43063.8,122732.8,6461,8,0
0.1628612193014597,0.14684919493635698,0,0,,-0.17647057785467188,63412.92142857141,45876.6,100262.2,7045,0,0
-0.14218487315477737,-0.12331498921687754,0,0,,0.06249999609375024,55293.16470588235,33966.2,108079.8,7045,1,0
0.16577053367778696,0.08900754802652909,0,0,,-0.11111110493827195,63070.73125,41189.1,110546.79999999999,7045,2,0
-0.14308785199458202,-0.10552711324457971,0,0,,0.12499999218750048,57915.78888888889,31910.0,86543.8,7045,3,0
0.7421096174764732,0.03251242263287017,0,0,,0.23076921301775286,64748.512500000004,47539.8,100280.79999999999,7045,4,0
-0.42558993661269073,-0.05294736122582776,0,0,,-0.27777776234567986,62709.66923076923,44020.7,95681.8,7045,5,0
0.1698321255945204,0.19379082656084368,0,0,,0.9999998888889013,66215.61111111111,48050.4,130695.2,7045,6,0
1.9772744710627732,2.006975917584886,0,0,,3.499998250000875,55466.67777777778,33092.0,56800.0,7045,7,0
0.159087392158326,-0.13262956533271342,0,0,,-0.06249999609375024,32412.32666666666,25717.9,39361.2,9677,0,0
-0.16464215165149845,-0.14114876557099265,0,0,,0.0,37368.49375000001,26842.3,58675.799999999996,9677,1,0
0.09961176951147785,0.20762689224485467,0,0,,-0.15789472853185638,43509.85625,31963.4,37275.8,9677,2,0
-0.06418250444654681,0.008519304692307097,0,0,,-0.04999999750000012,36029.22105263158,28177.6,39875.799999999996,9677,3,0
0.012332015477356387,0.17030957216240886,0,0,,0.17647057785467188,35724.87,27939.5,42075.799999999996,9677,4,0
0.3845766158287768,0.19993131355812552,0,0,,-0.10526315235457093,30526.0,23662.2,41475.799999999996,9677,5,0
-0.16776658730021382,-0.2243537022962584,0,0,,0.5833332847222263,25439.78947368421,16275.7,46375.799999999996,9677,6,0
-0.21784313018594,0.3569348260985041,0,0,,0.4999999375000079,32798.183333333334,24292.3,46558.6,9677,7,0
1.9153282550286046,0.26378998955562327,0,0,,-0.23529410380622917,42686.47692307693,24701.4,24544.799999999996,6440,0,0
-0.7636196498904503,-0.49951093988173934,0,0,,0.21428569897959293,33776.55882352942,19882.4,63824.8,6440,1,0
0.3441781480508165,0.06476120267309872,0,0,,-0.12499999218750048,67487.10714285714,32726.1,103443.8,6440,2,0
0.2911341486089622,0.19690214021984045,0,0,,-0.15789472853185638,63382.387500000004,31607.1,150286.8,6440,3,0
-0.609171999738902,-0.3113341382865803,0,0,,0.055555552469135974,52955.36315789474,22824.5,76879.8,6440,4,0
5.0,5.0,0,0,,4.999998333333888,76895.58333333333,45526.6,148485.6,6440,5,0
-0.46421321690891354,-0.2312651028131134,0,0,,-0.05882352595155729,54388.25625,23071.3,121943.8,4626,0,0
5.0,2.79720200822303,0,0,,0.699999930000007,70750.34117647058,35830.3,177965.8,4626,1,0
0.4550396118073587,0.6604545205846136,0,0,,0.24999996875000394,18632.23,10573.9,18943.8,4626,2,0
-0.7348323415741631,-0.5527976908676795,0,0,,-0.3846153550295881,11221.1625,5659.0,6143.800000000001,4626,3,0
-0.45546537874126214,-0.3318323907417727,0,0,,-0.18749998828125072,25091.915384615386,12656.7,51843.799999999996,4626,4,0
-0.3408433468024295,-0.4520580475156817,0,0,,-0.1999999900000005,37553.325,19271.5,116336.79999999999,4626,5,0
0.42397284975382515,0.5167936651096487,0,0,,0.5384614970414233,68535.22499999998,20174.7,118638.8,4626,6,0
0.16219590803087763,-0.06975079516884103,0,0,,-0.09999999500000024,32323.43888888889,18268.3,88281.2,9241,0,0
-0.14506316617725126,-0.19239730933157045,0,0,,-0.04761904535147403,34747.075,24229.8,70928.8,9241,1,0
0.16954960343483846,0.2511301710519205,0,0,,-0.045454543388429844,43024.961904761905,27898.8,93700.8,9241,2,0
-0.1429440032731609,0.012279289833878604,0,0,,0.04761904535147403,34388.87727272727,21423.4,61728.799999999996,9241,3,0
0.16312293587122503,-0.030716136028094785,0,0,,0.0,33971.72857142857,21015.1,86408.8,9241,4,0
-0.14276487643729457,-0.24801119343244396,0,0,,-0.15999999360000025,35048.27619047619,20706.1,90591.8,9241,5,0
0.16490555543184732,-0.18070468066038195,0,0,,0.19047618140589612,46607.443999999996,21279.7,99522.8,9241,6,0
0.20762344586264206,0.19461348122805724,0,0,,0.9090908264462886,56887.23333333334,37811.6,104619.20000000001,9241,7,0
1.422530551569019,2.1000443861780984,0,0,,4.499997750001125,47619.781818181815,25822.0,41500.0,9241,8,0
0.1657261951546232,0.5141363987820403,0,0,,-0.13333332444444504,19206.96153846154,14602.1,29600.2,8772,0,0
-0.14340360399389307,-0.03924735916167991,0,0,,-0.06249999609375024,12685.093333333334,8936.2,22114.8,8772,1,0
0.1680493499184799,0.21185490461123663,0,0,,-0.05882352595155729,13203.2875,7036.4,35314.8,8772,2,0
0.19693220643060833,-0.12619403222213182,0,0,,0.21428569897959293,10895.10588235294,5247.7,35214.8,8772,3,0
-0.16486454015243393,0.14895273022329364,0,0,,-0.12499999218750048,12468.564285714285,7139.5,22114.8,8772,4,0
-0.14244429390504293,0.07595632670433664,0,0,,-0.15789472853185638,10852.1125,5264.3,29614.8,8772,5,0
0.12729273554158085,-0.06205152186316992,0,0,,-0.13636363016528952,10086.015789473682,4608.3,39614.799999999996,8772,6,0
-0.11859231922550947,-0.5271785587640154,0,0,,0.0,10753.272727272726,6546.8,37214.799999999996,8772,7,0
0.16297453754890912,-0.2122829163929957,0,0,,0.8333332638888947,22742.777272727275,16572.1,55214.799999999996,8772,8,0
0.034372883442079526,0.5085261981563771,0,0,,0.9999998333333611,28871.758333333335,25581.9,28200.0,8772,9,0
-0.4433037626131135,-0.30328441392292665,0,0,,-0.10526315235457093,36811.94705882353,26602.1,46628.2,10202,0,0
1.6253316799673192,0.35708470879433335,0,0,,0.18749998828125072,52836.40526315789,31357.3,46326.799999999996,10202,1,0
-0.5718820225413084,-0.19001349673498524,0,0,,-0.11111110493827195,38933.75625,31481.4,22426.800000000003,10202,2,0
0.43848112383623283,0.6745697247455713,0,0,,-0.05263157617728546,48067.16666666667,18608.4,30485.799999999996,10202,3,0
-0.1616443399907844,-0.2612485015070012,0,0,,0.11764705190311459,28704.189473684215,14384.4,32245.8,10202,4,0
-0.1681966172754988,0.6923468040088552,0,0,,-0.10526315235457093,38854.99999999999,16238.2,57426.8,10202,5,0
1.5065528759515832,-0.10779199576844137,0,0,,-0.04999999750000012,22959.242105263158,7619.1,51426.799999999996,10202,6,0
-0.7150534349871114,-0.5868797734736624,0,0,,-0.2592592496570648,25733.059999999998,15066.2,41326.799999999996,10202,7,0
-0.5945748796338087,-0.13568991330046412,0,0,,0.34999998250000086,62289.518518518526,28910.6,157584.8,10202,8,0
5.0,5.0,0,0,,5.0,72068.48500000002,14542.9,175600.6,10202,9,0
0.16420359708042517,0.13085273800576547,0,0,,-0.13333332888888902,58719.03461538462,24571.7,92964.0,10063,0,0
-0.15116005612213404,0.16579953524992422,0,0,,0.15384614792899431,51924.563333333324,25578.7,127027.0,10063,1,0
0.13589281193482394,0.0004420638862990807,0,0,,0.0,44539.87307692307,14912.7,93060.0,10063,2,0
0.24600506132848177,0.02507330227151846,0,0,,0.03999999840000006,44520.192307692305,19009.0,94607.0,10063,3,0
-0.16669184283442123,-0.05744741560229091,0,0,,-0.03846153698224858,43431.227999999996,18679.8,113738.0,10063,4,0
-0.1431827505029553,-0.22436628647783266,0,0,,0.0,46078.30769230768,19724.4,122695.0,10063,5,0
0.12457506278360328,0.12562247599352352,0,0,,0.29999998500000075,59407.30384615385,36304.8,110979.0,10063,6,0
-0.11011996668893591,0.010626484637121384,0,0,,1.4999998125000236,52777.29,21665.8,165465.0,10063,7,0
-0.684791210213907,-0.3427396163323532,0,0,,-0.37037035665294976,49717.81176470588,6839.3,139731.2,9633,0,1
3.1005976131347257,0.9968644669924351,0,0,,0.4210526094182837,75644.0111111111,25395.9,172043.80000000002,9633,1,1
-0.5608462221608362,-0.28254492594652053,0,0,,-0.32142855994898,37881.3947368421,14464.0,43333.799999999996,9633,2,1
0.2262003575197726,0.34145562226207327,0,0,,0.27272726033057904,52799.674999999996,23564.7,142811.80000000002,9633,3,1
1.2200445647480862,-0.1750008070701961,0,0,,0.15789472853185638,39359.986363636366,13850.9,85237.8,9633,4,1
-0.6135622352225072,-0.027082991744151342,0,0,,-0.04999999750000012,47709.12105263158,34241.9,75737.8,9633,5,1
0.35944201097167006,0.6924097011338147,0,0,,-0.2592592496570648,49037.195,15457.1,84981.8,9633,6,1
-0.2642919920372947,-0.4923356183568774,0,0,,-0.035714284438775556,28974.77777777778,1670.3,62675.0,9633,7,1
-0.2890747129033567,-0.09015590964482896,0,0,,0.3333333174603182,57074.67142857144,22513.3,179570.8,9633,8,1
1.1904595849067252,1.146692259170934,-7,0,,0.10526315235457093,62730.16666666666,26279.4,106379.2,9633,9,1
-0.4631603987009446,-0.4239583716433152,7,7,,1.1111109876543348,29221.778947368424,-5525.0,144293.9,9633,10,1
0.16167705983384173,-0.24131738115699392,0,0,,-0.18749998828125072,16595.46153846154,6784.9,31786.0,1270,0,0
-0.14201540433211032,-0.03910604492007132,0,0,,-0.05882352595155729,21874.05,14532.0,35065.0,1270,1,0
0.16574790923634544,0.10613947891061239,0,0,,-0.055555552469135974,22764.270588235293,14699.2,31786.0,1270,2,0
-0.14277296202437217,-0.1279893610696402,0,0,,0.19999998666666757,20579.927777777782,15094.2,36886.0,1270,3,0
0.16395096644596927,-0.11503474118645135,0,0,,-0.06249999609375024,23600.546666666665,16011.9,34986.0,1270,4,0
-0.14056202048480781,0.152498611079178,0,0,,-0.11111110493827195,26668.331250000003,16299.5,36686.0,1270,5,0
0.10712179929479676,0.023034740610412312,0,0,,-0.09999999500000024,23139.57777777778,12368.7,33886.0,1270,6,0
-0.16832708145249636,-0.10096873158911188,0,0,,-0.04761904535147403,22618.564999999995,14160.0,45286.0,1270,7,0
0.2608163772102185,-0.32630717410169124,0,0,,1.3333331851852017,25158.819047619047,12002.6,57083.0,1270,8,0
0.7734486652278235,1.478136150671469,0,0,,1.249999687500078,37344.64444444444,28520.6,26600.0,1270,9,0
-0.2818399186234621,-0.003981071771765591,0,0,,0.11111110493827195,60163.13999999998,25358.4,147981.2,6678,0,0
0.4295296062076319,-0.044411468415169957,0,0,,0.05882352595155729,60403.61111111111,21536.5,133245.80000000002,6678,1,0
-0.26495469098276686,-0.07862264427777398,0,0,,-0.14999999250000037,63210.89999999999,44020.9,131876.80000000002,6678,2,0
-0.4335405735431528,-0.17470974757716085,0,0,,-0.28571427551020445,68604.79,37916.4,152040.8,6678,3,0
0.2916767862665529,0.09709379236024976,0,0,,0.21739129489603065,83128.075,50830.0,237932.80000000002,6678,4,0
0.11196593073450943,0.0018009008166081238,0,0,,-0.041666664930555625,75771.16521739133,41078.6,213886.80000000002,6678,5,0
0.43443346922140286,0.41994452071322486,0,0,,0.14285713605442207,75634.95416666666,39304.5,241485.8,6678,6,0
-0.4860995786022404,-0.318946093925412,0,0,,-0.3225806347554634,53266.133333333324,23293.1,113243.8,6678,7,0
1.419293596752414,0.8222908626470194,0,0,,0.4090908904958686,78211.33225806452,26631.7,257641.80000000002,6678,8,0
-0.16606248794929235,-0.22310832394348518,0,0,,0.04761904535147403,42919.23636363636,17802.0,114953.80000000002,6678,9,0
2.329035143961894,-0.01705893265743307,0,0,,1.6249997968750256,55244.81428571429,16914.6,129135.8,6678,10,0
-0.08196223719854571,1.4486379775432996,0,0,,2.99999850000075,56203.587499999994,30539.7,55400.0,6678,11,0
-0.5991513179160282,-0.5532575813059212,1,1,,-0.36363634710743875,19110.592857142856,-542.6,38351.2,442,0,1
1.0910578423677706,0.4921587448492719,0,0,,0.6923076390532585,42777.654545454534,19889.0,124965.8,442,1,1
5.0,0.24154014384119818,0,0,,1.1666664722222546,28668.299999999996,11681.5,60303.2,442,2,1
-0.9887882379833833,0.01779875465205608,0,0,,-0.1428571224489825,23090.916666666668,12495.5,42300.0,442,3,1
-0.39748816453347924,-0.419763506096717,0,0,,0.0,22687.114285714284,16648.7,15500.0,442,4,1
-0.16209549983238677,0.23900549933700296,0,0,,-0.11428571102040827,99342.08387096776,64697.1,253078.0,319,0,0
1.0286878244045914,0.3569438744115533,0,0,,0.2962962853223598,80178.88857142856,36304.4,236886.0,319,1,0
-0.4622579642840947,-0.24624986621852032,0,0,,-0.3414634063057706,59087.84444444444,28360.4,132702.0,319,2,0
0.7308563450154434,-0.023293522424437996,0,0,,0.36666665444444485,78391.81951219513,42622.5,254582.0,319,3,0
1.1645944743240597,0.3828950698021821,0,0,,0.3043478128544429,80261.38999999998,58537.0,115652.0,319,4,0
-0.09252717839729944,-0.10525819392988413,0,0,,-0.11538461094674572,58038.669565217395,42671.2,52781.0,319,5,0
0.01909375816791143,0.6388080349190811,0,0,,0.03999999840000006,64866.38846153847,40907.3,83384.0,319,6,0
0.7520324281508409,-0.10728145770551108,0,0,,-0.07407407133058995,39581.444,23033.5,52597.0,319,7,0
-0.607552185736868,-0.23037028586407057,0,0,,0.07999999680000013,44338.100000000006,26771.8,72399.0,319,8,0
0.4776777145198366,0.18443696756431466,0,0,,0.13636363016528952,57609.652,36811.9,95440.0,319,9,0
0.3536196240347232,0.46580095540329763,0,0,,-0.15384614792899431,48638.85,23400.3,53901.0,319,10,0
-0.44896976566778946,-0.41003258853817115,0,0,,0.4444444197530878,33182.438461538455,9674.8,72397.0,319,11,0
1.9146141022142396,0.42706751511093943,0,0,,0.588235259515573,70621.24814814815,26542.9,247277.2,525,0,0
1.4800939495341319,0.40695931446157846,0,0,,0.13333332444444504,49486.970588235294,20894.9,56243.799999999996,525,1,0
-0.7151506438739228,-0.32507519128099205,0,0,,-0.34782607183364905,35172.99333333333,21667.4,60705.799999999996,525,2,0
0.3181588762709779,0.26630072709681285,0,0,,0.35294115570934376,52113.943478260866,18641.7,148397.80000000002,525,3,0
5.0,0.204937742771089,0,0,,0.21428569897959293,41154.47647058824,12829.8,33705.8,525,4,0
-0.9648647305067873,-0.4656278511181452,0,0,,-0.26315788088642733,34154.85714285715,14714.1,41505.799999999996,525,5,0
3.3060434014798106,0.6243209363764421,0,0,,0.11764705190311459,63915.86315789473,24348.2,97005.8,525,6,0
-0.2676596390497011,-0.08548554014070284,0,0,,1.1249998593750177,39349.28235294117,30802.2,39851.799999999996,525,7,0
0.14346723874094985,0.1129518244774479,0,0,,0.1428571224489825,43027.5125,26232.8,31600.0,525,8,0
0.5770540645788195,0.7606552415165232,0,0,,0.399999920000016,38660.71428571428,20386.3,25100.0,525,9,0
0.16567541143611414,-0.08567767312372561,0,0,,0.0,28418.735294117647,15719.0,58700.799999999996,9513,0,0
-0.14217502033588691,0.02930999821464945,0,0,,0.0,31081.747058823526,20384.4,53980.8,9513,1,0
0.7447504865221086,0.10138736631316707,0,0,,0.21428569897959293,30196.682352941174,16190.6,66340.79999999999,9513,2,0
-0.4263389546846088,0.04050271511321827,0,0,,-0.29999998500000075,27416.95,16091.5,51621.799999999996,9513,3,0
0.16553935061107347,0.08339921453481788,0,0,,-0.1304347769376184,26349.715000000004,11342.8,66120.79999999999,9513,4,0
-0.14383082569579952,-0.3387155500327927,0,0,,0.0,24321.334782608694,13873.1,70140.79999999999,9513,5,0
0.16213782517997777,-0.1500524488137207,0,0,,0.9166665902777842,36778.930434782626,22511.9,77360.79999999999,9513,6,0
-0.14451282648988426,0.39008641458478954,0,0,,0.4999999375000079,43272.0,28421.2,75752.6,9513,7,0
0.10522889093576908,0.2616264321488067,0,0,,-0.13333332444444504,51885.16923076923,39275.3,33929.2,1528,0,0
-0.1985938558737254,0.23898121259797322,0,0,,-0.11764705190311459,41125.619999999995,32845.7,29643.799999999996,1528,1,0
0.28860787181948816,0.16686449313376034,0,0,,-0.14999999250000037,33193.094117647066,19625.6,59063.799999999996,1528,2,0
-0.12330059087135664,-0.12216761005354321,0,0,,0.24999998437500096,28446.4,16437.8,44683.799999999996,1528,3,0
0.16609691674870275,0.24288144303264042,0,0,,-0.11111110493827195,32405.275,24980.0,36603.8,1528,4,0
-0.14241812619832026,-0.06479299787591829,0,0,,-0.05263157617728546,26072.699999999997,11535.5,57703.8,1528,5,0
0.15028143979737263,-0.005461065387123521,0,0,,-0.26923075887574005,27879.068421052634,12325.4,61823.799999999996,1528,6,0
-0.13385798408610758,-0.29469040101728544,0,0,,0.4444444197530878,28032.153846153848,17164.7,64783.8,1528,7,0
0.16518248174881053,-0.13532380376764133,0,0,,0.9999998888889013,39744.466666666674,19763.6,70323.8,1528,8,0
0.9800406124764223,1.2906862487946427,0,0,,1.249999687500078,45964.566666666666,33901.4,39800.0,1528,9,0
-0.8470154705031362,-0.4858364089341553,0,0,,-0.3939393820018369,38844.045,10945.1,72214.2,8381,0,1
1.6321852854651262,3.19085678729987,-6,0,,0.26923075887574005,75548.02727272728,22817.5,262320.8,8381,1,1
5.0,0.17333332664635667,6,6,,0.18181817355371938,18026.869230769233,-1073.6,51440.09999999999,8381,2,1
-0.9549958380314867,-0.7316339442275738,0,0,,-0.3124999902343753,15363.80909090909,1352.5,68467.20000000001,8381,3,1
0.8579373041232795,0.09087482120105587,0,0,,0.18518517832647488,57249.45,23560.5,156146.8,8381,4,1
-0.5617966031910788,-0.18797929344370948,0,0,,-0.3076922998027616,52480.311111111114,24807.6,153101.80000000002,8381,5,1
0.6326921696605533,0.15424413260187944,0,0,,0.18181817630854014,64629.27692307693,24693.2,254614.80000000002,8381,6,1
-0.14144824919664217,-0.15198988876429398,0,0,,0.8333332870370396,55992.72727272727,20197.3,153591.80000000002,8381,7,1
0.7466448658303354,0.05926306284455744,0,0,,-0.13333332444444504,36883.46923076923,13843.4,25129.800000000003,10068,0,0
-0.6762477907797584,-0.4333286262869038,0,0,,-0.4230769068047343,34819.933333333334,14259.9,57421.799999999996,10068,1,0
-0.28456640774092196,-0.06432929650385864,0,0,,0.29999998500000075,61446.43076923077,31491.4,172039.8,10068,2,0
2.1390979669593237,-0.13268136199383243,0,0,,0.17647057785467188,65671.0,39715.1,152143.8,10068,3,0
-0.33055294012378417,0.5300282008124326,0,0,,1.8333330277778286,75717.27058823529,51089.4,110743.79999999999,10068,4,0
0.16612574867616742,0.04110265056825261,0,0,,0.08333332986111125,21591.623076923075,12262.7,51479.8,8742,0,0
-0.1589095827152853,-0.1791734815874087,0,0,,-0.24999999218750027,20739.1875,9792.4,29619.8,8742,1,0
0.1816759388000889,-0.16497725833650476,0,0,,0.27999998880000043,25266.225,14918.1,58319.8,8742,2,0
-0.16518004682519943,-0.15759468100364968,0,0,,0.19047618140589612,30258.128000000004,21741.8,45139.8,8742,3,0
0.18926647076656827,0.2743853169135999,0,0,,1.099999890000011,35918.72857142856,18064.2,64781.6,8742,4,0
0.16568387435626755,0.4864269790063828,0,0,,0.0,29192.608333333334,14921.6,38636.2,6138,0,0
-0.1433843051563876,-0.21340450846949638,0,0,,-0.07692307100591762,19639.45,5047.2,32650.8,6138,1,0
0.16779927431670122,0.3743452554274214,0,0,,0.08333332638888948,24967.66153846154,13440.0,59450.799999999996,6138,2,0
-0.1425458559272809,-0.055809686867391156,0,0,,-0.14285713265306196,18166.95,3583.8,32650.8,6138,3,0
0.16627516547712548,0.14327149282620913,0,0,,-0.06666666222222252,19240.77142857143,5173.9,52568.799999999996,6138,4,0
-0.14432307627481084,-0.5416500969297545,0,0,,0.2499999791666684,16829.57333333333,1909.0,60150.799999999996,6138,5,0
0.5335578851815456,0.6408739075948112,0,0,,0.7142856122449125,36717.74166666667,29302.1,57214.6,6138,6,0
0.16221832042717552,0.13720248029232363,0,0,,-0.12499999479166687,52154.219047619044,43883.7,52710.2,4099,0,0
-0.14159493832781844,-0.06439204918191245,0,0,,0.04347825897920613,45861.85833333334,33150.6,46324.8,4099,1,0
0.16898602904889112,0.5910195599744936,0,0,,-0.07999999680000013,49018.24347826086,36578.0,61304.799999999996,4099,2,0
-0.1428830757459502,-0.19777711975556436,0,0,,0.0,30809.327999999998,16060.2,42364.799999999996,4099,3,0
0.16328882334974848,-0.15336428935882165,0,0,,0.19047618140589612,38404.948,26855.2,66644.8,4099,4,0
-0.14116122213280816,0.11653576125454551,0,0,,-0.22222221399176983,45361.833333333336,32074.0,58124.799999999996,4099,5,0
0.16618440460845274,0.1592818511416662,0,0,,0.03846153698224858,40627.3,28657.9,55504.799999999996,4099,6,0
0.19594545973488825,-0.10565697853463915,0,0,,-0.13333332888888902,35045.230769230766,24218.8,54204.799999999996,4099,7,0
-0.16374083454754473,-0.04790600832335756,0,0,,1.99999980000002,39185.44666666667,27115.5,73424.8,4099,8,0
0.18745615174337496,0.6299591293353785,0,0,,0.99999980000004,41157.12,32682.0,43800.0,4099,9,0
0.1948107598312333,0.059558466612622214,0,0,,-0.19047618140589612,38781.711764705884,23817.1,31971.2,2116,0,0
0.15952332966519478,-0.26093959317559084,0,0,,0.23529410380622917,36601.76666666667,26042.7,30926.4,2116,1,0
0.004202017449209138,-0.12676571318938812,0,0,,0.06249999609375024,49524.72941176471,30951.8,38971.2,2116,2,0
-0.15972224560520146,0.7392263843646268,0,0,,-0.1999999900000005,56714.1375,37175.2,30385.8,2116,3,0
0.7054453668377518,-0.2337641057880515,0,0,,0.05263157617728546,32608.829999999998,17442.8,42785.799999999996,2116,4,0
-0.7142977861036899,0.09378361357036942,0,0,,-0.26923075887574005,42557.16842105264,22680.9,51085.799999999996,2116,5,0
-0.4080847342129394,-0.29269727882771474,0,0,,-0.10344827229488716,38908.21538461538,13962.5,113633.8,2116,6,0
1.6311042455442382,0.501902072557444,0,0,,2.2222219753086696,55009.28275862068,21347.5,238798.80000000002,2116,7,0
0.3732377354640875,0.19308770378359477,0,0,,0.0,39933.38235294117,27861.1,44415.2,2334,0,0
0.06325184494555947,-0.03945152899201767,0,0,,0.06249999609375024,33470.617647058825,22187.3,44184.8,2334,1,0
-0.3844213160417672,0.35198130975162867,0,0,,-0.15789472853185638,34845.31875,30690.9,36084.8,2334,2,0
0.6456652468189303,-0.16846734162708898,0,0,,-0.04999999750000012,25773.52105263158,16526.7,58864.799999999996,2334,3,0
0.07413957186218369,-0.19870142153923367,0,0,,0.17647057785467188,30995.199999999993,20855.7,57236.799999999996,2334,4,0
-0.4100427271402655,0.16982928165828903,0,0,,-0.10526315235457093,38681.211764705884,27470.9,40253.8,2334,5,0
0.17383027250944225,0.2804002234524477,0,0,,-0.09523809070294806,33065.689473684215,16131.7,46764.799999999996,2334,6,0
0.12921300683484044,-0.2184893030148729,0,0,,-0.045454543388429844,25824.495238095238,12526.1,68464.79999999999,2334,7,0
0.3549998723454853,-0.08868167891450533,0,0,,0.2941176297577865,33044.32727272726,23772.5,58764.799999999996,2334,8,0
-0.2282199861641086,0.07102175859746893,0,0,,0.8888887901234679,36259.91764705882,30858.9,54050.2,2334,9,0
3.0033207128093298,4.099479506001652,0,0,,3.499998250000875,33855.444444444445,20878.0,15600.0,2334,10,0
-0.696863819902315,-0.4457865685464831,-1,0,,-0.3181818037190089,31001.14,1367.8,115665.8,4320,0,1
5.0,3.68215975774425,-2,1,,0.6923076390532585,55937.18636363637,-5294.6,154852.19999999998,4320,1,1
0.16013197483729244,-0.5563812958845274,3,3,,0.0,11946.876923076921,-1507.7,36137.7,4320,2,1
-0.8772205890950572,-0.608402570085369,0,0,,-0.4799999808000007,26930.507692307692,10290.0,73343.8,4320,3,1
0.12315948210808872,0.14756961734154497,0,0,,0.13636363016528952,68770.9,11202.1,298143.8,4320,4,1
1.7326737569159252,0.9616059617002553,-3,0,,-0.15384614792899431,59927.43181818181,26738.9,127559.1,4320,5,1
-0.28845308018990223,-0.5455142607522661,3,3,,1.3636362396694328,30550.188461538466,-2542.1,119244.6,4320,6,1
1.5286367969170929,1.1233388405031626,0,0,,2.666665777778074,67219.24545454545,31591.2,134800.0,4320,7,1
0.1667664411425725,0.13265769649312906,0,0,,0.04347825897920613,47548.65,35407.9,34555.8,97,0,0
-0.14265703343767766,-0.07456563509802056,0,0,,-0.11538461094674572,41979.71739130436,33126.0,17238.8,97,1,0
0.16575446115135328,0.05258116721529304,0,0,,0.03999999840000006,45362.17692307693,34418.8,47823.8,97,2,0
-0.1743618350426908,0.145617563506093,0,0,,-0.10714285331632667,43096.132000000005,38249.5,24318.8,97,3,0
0.21655950841794924,0.5847957126874828,0,0,,-0.06666666444444451,37618.25357142858,27185.8,47882.799999999996,97,4,0
-0.14373997539241434,-0.15493112854262062,0,0,,0.0,23736.97333333334,12208.2,49778.799999999996,97,5,0
0.7286454854791312,-0.39480028007361645,0,0,,0.5789473379501401,28088.803333333326,11502.9,78718.8,97,6,0
-0.46006050296293044,0.06798627556777484,0,0,,1.1111109876543348,46412.452631578955,33870.4,62759.2,97,7,0
2.5939080092100113,3.405708749767376,0,0,,3.499998250000875,43457.911111111105,18873.5,26400.0,97,8,0
0.1633848576775676,0.012440435055480282,0,0,,-0.15999999360000025,47602.304761904765,32992.9,77276.2,9859,0,0
-0.14249462633545928,0.056319007189157534,0,0,,0.13636363016528952,47017.388000000006,35315.0,84186.8,9859,1,0
0.16661800561493476,0.11236807781720606,0,0,,-0.24137930202140337,44510.59545454546,20676.4,79742.8,9859,2,0
-0.14239374869945007,-0.03476855101449526,0,0,,0.20833332465277812,40014.268965517236,27454.9,82485.8,9859,3,0
0.7373874672376632,-0.19010408098745238,0,0,,-0.03999999840000006,41455.62083333333,22680.1,80004.79999999999,9859,4,0
-0.424821518437116,-0.0354683396429527,0,0,,-0.03846153698224858,51186.356,28745.1,93996.79999999999,9859,5,0
0.1499351238060345,0.2202650325339889,0,0,,-0.2571428497959186,53068.61153846154,30639.6,88390.8,9859,6,0
-0.13329500069513234,-0.432741706928919,0,0,,1.0588234671280312,43489.414285714294,24267.8,115976.79999999999,9859,7,0
0.03602192104527602,0.6229713681970425,0,0,,1.1249998593750177,76665.98235294118,48146.2,103921.6,9859,8,0
0.16445788570417805,0.3443959051578001,0,0,,-0.1666666574074079,20006.866666666672,10395.3,19698.2,8169,0,0
-0.14317318055107603,-0.25165844149461053,0,0,,-0.05263157617728546,14881.677777777779,8015.0,31132.799999999996,8169,1,0
0.16294996926002026,0.14808503603489945,0,0,,-0.17391303591682453,19886.210526315786,13864.2,35732.799999999996,8169,2,0
-0.14625279999625593,-0.05303797008065334,0,0,,0.35294115570934376,17321.2,9418.3,30592.8,8169,3,0
0.1744588093753921,0.07582600505755346,0,0,,-0.10526315235457093,18291.33529411765,9435.7,22837.800000000003,8169,4,0
-0.14317216932156615,-0.20728793638964813,0,0,,-0.13636363016528952,17002.13157894737,9135.7,35784.8,8169,5,0
-0.0681479916635104,0.19589011004757828,0,0,,-0.15384614792899431,21448.054545454543,11603.5,38592.8,8169,6,0
0.07206847830657051,-0.18463606382364614,0,0,,0.03999999840000006,17934.803846153845,9708.6,33832.8,8169,7,0
0.16341550317940098,-0.20309612260996418,0,0,,0.13636363016528952,21996.071999999996,9326.1,51232.8,8169,8,0
0.19562750368924872,-0.08039265849264217,0,0,,0.04761904535147403,27601.913636363646,19117.7,37332.8,8169,9,0
-0.16401459263711976,-0.18922865078818188,0,0,,1.3333331851852017,30014.890476190478,21767.3,47152.799999999996,8169,10,0
-0.018456395553237918,0.888614423693487,0,0,,0.799999840000032,37020.166666666664,30842.4,22600.0,8169,11,0
0.16418751288157318,0.34080677840730833,0,0,,-0.11764705190311459,37740.926666666666,18860.7,40205.2,8114,0,0
-0.1429080612243337,-0.1384524587346456,0,0,,-0.10526315235457093,28147.923529411764,16491.8,42199.8,8114,1,0
0.16667999480794715,0.14054698715971725,0,0,,0.0,32671.352631578957,18121.3,56759.799999999996,8114,2,0
0.1964242431932111,-0.11443994807940498,0,0,,0.0,28645.336842105266,14194.8,57879.799999999996,8114,3,0
-0.16487508655755825,-0.003943251919400197,0,0,,-0.09523809070294806,32347.142105263156,16259.3,62905.799999999996,8114,4,0
-0.14176517290505503,-0.09593931982544249,0,0,,-0.08695651795841226,32475.200000000004,22918.2,41781.8,8114,5,0
0.16455779318669014,-0.04150311959423269,0,0,,0.09523809070294806,35921.48260869567,23956.9,63879.8,8114,6,0
-0.14270282934686715,-0.09565687986435757,0,0,,-0.15999999360000025,37476.89047619046,26980.7,65399.799999999996,8114,7,0
0.16606555835364203,-0.03954685513618897,0,0,,0.2499999875000006,41441.008,31422.2,71239.8,8114,8,0
-0.14225999360679492,0.08922622207033956,0,0,,-0.09090908677685969,43147.34999999999,31191.7,45899.8,8114,9,0
0.16473657531672403,-0.11696548731279578,0,0,,0.37499997656250145,39612.84545454545,24684.0,69279.79999999999,8114,10,0
-0.17671847116399308,0.25895465290422903,0,0,,0.9999998750000157,44859.90625,34636.8,62718.6,8114,11,0
-0.6793477891658809,-0.5057172776042639,0,0,,-0.16666665277777895,810.22,383.4,899.2,4127,0,1
-0.8868388629345703,-0.902475241887178,0,0,,-0.24999998437500096,1639.1833333333334,1276.8,913.8000000000001,4127,1,1
-0.9981818771280124,-0.29924925179295375,-1,0,,-0.11111110493827195,16807.868749999998,2172.1,46292.799999999996,4127,2,1
5.0,5.0,-11,1,,0.4999999583333368,23985.51666666667,-2929.9,25614.8,4127,3,1
0.0,-0.636359175246085,0,12,,0.0,-2501.175,-2915.3,990.5,4127,4,1
-0.9999999997299196,-1.1877547565058386,4,12,,-0.3333333148148158,-1528.5,-1924.8,960.1,4127,5,1
-0.9501170079776935,-0.8078380794722059,8,8,,-0.18181817355371938,8140.938888888889,-964.8,31134.9,4127,6,1
0.09953086137969246,-0.0895994172735675,0,0,,1.4444442839506353,42364.99545454545,20029.5,94710.8,4127,7,1
0.7157195140366054,0.4712909335490275,0,0,,0.49999991666668053,46534.455555555556,32885.0,57100.0,4127,8,1
1.7904964537737236,2.621562976799057,0,0,,0.9999996666667778,31628.316666666666,14800.0,16900.0,4127,9,1
0.16323123215297483,0.21700855314960998,0,0,,-0.06249999609375024,35209.37333333332,26879.7,21815.2,9730,0,0
-0.1382336749067626,0.7208902949828514,0,0,,-0.05882352595155729,28931.081250000003,23432.6,17509.800000000003,9730,1,0
0.16447553833113507,-0.05149431756795414,0,0,,-0.19047618140589612,16811.694117647057,10521.1,24349.8,9730,2,0
-0.14437778566465512,-0.29482589580141483,0,0,,0.0,17724.399999999998,12187.0,31369.8,9730,3,0
0.7344891139647619,-0.17274779966666146,0,0,,0.0,25134.785714285714,17048.7,40729.799999999996,9730,4,0
-0.42510813587667073,-0.06636654016790475,0,0,,0.1666666574074079,30383.461904761913,25264.7,35089.799999999996,9730,5,0
0.08122493057466183,0.262978237498828,0,0,,0.9999998888889013,32543.244444444445,24845.1,32753.2,9730,6,0
2.0190443331016867,3.124710527219778,0,0,,3.499998250000875,25767.066666666666,14294.0,10500.0,9730,7,0
0.16480780858314206,0.2471180992521295,0,0,,-0.11764705190311459,35423.62666666666,18440.0,52860.2,7565,0,0
-0.14278479062916075,-0.015434060187947842,0,0,,-0.055555552469135974,28404.388235294115,18585.2,48674.8,7565,1,0
0.16693913241547034,0.06709942965863354,0,0,,0.0,28849.655555555557,18948.5,67174.8,7565,2,0
-0.141936517066755,0.15518211935957074,0,0,,0.05882352595155729,27035.583333333332,18466.6,38674.799999999996,7565,3,0
0.16513707576027234,-0.06764672595161861,0,0,,-0.2272727169421492,23403.74117647059,15181.3,55546.799999999996,7565,4,0
-0.14270564257911242,-0.16854335346934837,0,0,,-0.04347825897920613,25101.79545454546,16396.3,57274.799999999996,7565,5,0
0.16614619317109733,0.158531103058444,0,0,,-0.07999999680000013,30190.143478260867,18988.6,70347.8,7565,6,0
-0.1440263995152989,-0.32166745896649396,0,0,,0.041666664930555625,26058.983999999993,17009.8,64074.799999999996,7565,7,0
0.7313807252722623,-0.1219663975436296,0,0,,0.4117646816609011,38416.237499999996,28000.1,64874.799999999996,7565,8,0
-0.43602014785440263,0.018393206603052995,0,0,,0.8888887901234679,43752.58235294118,25237.3,77383.2,7565,9,0
2.5545697130110034,3.3424841222342128,0,0,,3.499998250000875,42962.36666666667,19538.4,25200.0,7565,10,0
-0.03731048004612702,-0.13784880871239424,0,0,,0.06896551486325811,59358.38709677422,27475.5,205778.8,718,0,0
1.0092769059396984,1.60799160406154,0,0,,0.035714284438775556,68849.16206896552,22741.8,190210.8,718,1,0
0.16813635023797666,-0.5380108523419481,0,0,,0.11999999520000018,26399.30357142857,8712.9,97534.79999999999,718,2,0
-0.39352341147118713,-0.0018490325986117535,0,0,,-0.10714285331632667,57142.692,21565.4,118396.79999999999,718,3,0
2.361244679881185,1.388259447488735,0,0,,0.3333333174603182,57248.54642857142,15230.5,117904.8,718,4,0
-0.6176022068050168,-0.27909525925965895,0,0,,-0.34374998925781286,23970.823809523816,9256.2,59710.799999999996,718,5,0
0.947669765423189,-0.34002516509763975,0,0,,0.7777777345679036,33251.028125,4301.0,130537.79999999999,718,6,0
0.21616419493645528,0.32743330965610895,0,0,,1.2499998437500197,50382.26666666667,21385.1,119470.6,718,7,0
1.737964999913102,2.281381844183166,0,0,,1.6666661111112961,37954.65,24500.0,500.0,718,8,0
0.1644833672897343,0.4153286592580628,0,0,,-0.11111110493827195,25959.4,3058.8,59691.0,5362,0,0
-0.14214238614643748,0.04532677375014439,0,0,,0.0,18341.60555555555,5757.0,72915.0,5362,1,0
0.16614966634922476,-0.026362012086850933,0,0,,-0.05263157617728546,17546.288888888885,3557.8,67615.0,5362,2,0
-0.1447233827518571,-0.4711786854381884,0,0,,-0.04999999750000012,18021.36842105263,6221.8,69515.0,5362,3,0
0.13327577340689234,0.06163840947054055,0,0,,0.0,34078.37000000001,16523.2,93083.0,5362,4,0
0.08156970668136665,0.1304550455444623,0,0,,-0.09090908677685969,32099.790000000008,14857.0,54438.0,5362,5,0
-0.13368722480951736,-0.3015066355147581,0,0,,-0.21428570663265334,28395.45909090909,8379.9,108166.0,5362,6,0
-0.061038805809410096,-0.354915914760876,0,0,,2.1111108765432363,40652.43928571429,19568.6,116236.0,5362,7,0
0.7249936892755499,1.3937919109755788,0,0,,0.799999840000032,63018.822222222225,38884.5,60100.0,5362,8,0
0.03651968807539947,0.08784400522802434,0,0,,-0.23529410380622917,30070.561538461534,16260.6,50008.2,2165,0,0
-0.03234162943330781,-0.07659040385634011,0,0,,0.06249999609375024,27642.347058823532,15555.4,62265.799999999996,2165,1,0
0.036794819691934814,0.13287004348338696,0,0,,-0.23809522675737013,29935.0875,14255.2,51822.799999999996,2165,2,0
-0.10916586622773962,-0.18521383970309296,0,0,,0.23529410380622917,26424.114285714288,13385.4,70046.8,2165,3,0
0.1751069457826059,-0.33382397160489774,0,0,,0.3076922840236705,32430.735294117647,15310.3,57122.799999999996,2165,4,0
-0.0963199087517777,0.2390188263918913,0,0,,0.44444439506173394,48681.930769230756,27837.6,74487.20000000001,2165,5,0
-0.27516129580088655,0.2525878083113585,0,0,,-0.10526315235457093,63674.85294117647,57153.7,18492.2,10905,0,0
0.4223353353013902,0.12521072136864494,0,0,,-0.13636363016528952,50834.642105263156,34403.0,18206.8,10905,1,0
-0.05853042198765151,-0.04700016477493883,0,0,,-0.08333332986111125,45177.88636363637,26790.8,47866.799999999996,10905,2,0
0.4858269980260193,-0.0013170785631055307,0,0,,0.26315788088642733,47405.975,38303.1,31186.800000000003,10905,3,0
-0.15546239492092387,0.04584951224007191,0,0,,-0.09523809070294806,47468.4947368421,41581.2,23484.800000000003,10905,4,0
-0.14045604245079224,0.0023806615728642244,0,0,,-0.08695651795841226,45387.499999999985,40673.7,26606.8,10905,5,0
0.12861913438243064,0.06628417901727898,0,0,,1.299999870000013,45279.70434782608,39036.5,36066.799999999996,10905,6,0
-0.09799804397310315,1.2732015107976151,0,0,,0.99999980000004,42464.95,33003.7,9282.0,10905,7,0
1.1639369254050984,0.12440363687287627,0,0,,0.399999980000001,85476.175,43716.6,327709.2,6592,0,0
1.8595435920266543,0.3700086108548392,0,0,,0.3333333111111126,76019.12,40615.3,122028.8,6592,1,0
-0.5971456634798531,0.12516488733144646,0,0,,-0.39999998400000064,55488.06000000001,42120.3,40008.799999999996,6592,2,0
-0.37305905351279517,-0.3975747029863578,0,0,,-0.07407407133058995,49315.492,18447.3,142575.80000000002,6592,3,0
0.45623373273329143,0.4603644941212127,0,0,,0.17391303591682453,81861.5888888889,51488.3,229384.8,6592,4,0
-0.3734879054256793,-0.2201762369195917,0,0,,-0.17857142219387778,56055.58695652175,20381.2,88710.8,6592,5,0
1.3944905807337225,0.4056712343922099,0,0,,0.27272726033057904,71882.37857142856,27481.2,278708.8,6592,6,0
-0.5327451751235166,-0.3437971504723795,0,0,,0.15789472853185638,51137.40454545454,25062.2,115608.8,6592,7,0
0.1632856620349845,0.17988078248287614,0,0,,-0.15384614201183525,28030.718181818185,21581.2,21071.199999999997,9424,0,0
-0.14249814683287126,-0.058160913719222225,0,0,,0.0,23757.246153846158,18345.8,39400.799999999996,9424,1,0
0.16804232099047026,0.19712281149577213,0,0,,-0.27777776234567986,25224.315384615384,18604.8,39040.799999999996,9424,2,0
-0.1426671968810444,-0.09108000297536566,0,0,,0.19999998666666757,21070.783333333336,11855.5,37206.799999999996,9424,3,0
0.16314622199169454,-0.08132339940874699,0,0,,0.07142856632653098,23182.219999999998,13099.5,43492.799999999996,9424,4,0
0.19524662761199457,-0.19563687641498984,0,0,,-0.12499999218750048,25234.364285714284,17292.0,34943.799999999996,9424,5,0
-0.2655044167385332,-0.032324852524069844,0,0,,0.7777776913580343,31371.856249999997,19049.5,62680.2,9424,6,0
2.3265308948235988,3.341165267659487,0,0,,3.499998250000875,32419.822222222218,20436.0,16000.0,9424,7,0
0.16319761036007924,0.17559434481133684,0,0,,-0.15384614201183525,28655.690909090914,22208.2,21071.199999999997,2064,0,0
-0.14247842207529882,-0.056497641103463725,0,0,,0.0,24375.492307692308,18962.9,39400.799999999996,2064,1,0
0.16805679425949716,0.20262240731699907,0,0,,-0.27777776234567986,25835.11538461538,19214.4,39040.799999999996,2064,2,0
-0.1426780034225863,-0.09660402357141326,0,0,,0.19999998666666757,21482.316666666666,12457.7,37206.799999999996,2064,3,0
0.16397570659562555,-0.08512283802435462,0,0,,0.07142856632653098,23779.51333333334,13695.7,43492.799999999996,2064,4,0
0.19398852906288655,-0.15921598491986716,0,0,,-0.12499999218750048,25992.028571428575,17878.7,36243.799999999996,2064,5,0
-0.26514208129921957,-0.04644642132379215,0,0,,0.7777776913580343,30914.0375,20830.0,60780.2,2064,6,0
2.3265308948235988,3.341165267659487,0,0,,3.499998250000875,32419.822222222218,20436.0,16000.0,2064,7,0
0.16591722374724802,0.17350420710027709,0,0,,-0.1666666574074079,45148.55333333333,32570.9,48934.799999999996,3249,0,0
-0.14186701588597236,-0.11709835866125981,0,0,,-0.24999998958333375,38473.27777777778,28640.4,50634.8,3249,1,0
0.04136569550546189,0.5493384655448382,0,0,,0.5999999600000027,43575.950000000004,32593.1,53254.8,3249,2,0
-0.03613689222952597,0.34316471931632564,0,0,,-0.2499999875000006,28125.520000000004,16487.0,32534.8,3249,3,0
0.16234465086223027,-0.32632696321302607,0,0,,0.05263157617728546,20939.74,10823.6,75634.8,3249,4,0
-0.14121415593563216,-0.32258919487647786,0,0,,1.1111109876543348,31082.94210526316,15502.4,88220.2,3249,5,0
2.0216648656794254,1.9335684651961886,0,0,,1.9999993333335555,45884.92222222222,24132.2,51500.0,3249,6,0
0.07520318824920222,-0.13690047394260815,0,0,,-0.09090908677685969,24168.304999999993,19831.1,24358.2,4190,0,0
-0.16160065948360042,0.156438895048046,0,0,,0.0,28001.759090909083,22422.7,20552.8,4190,1,0
0.020846109427059833,0.04949012812668928,0,0,,-0.18518517832647488,24213.781818181815,17936.1,19132.8,4190,2,0
0.07315397714678233,-0.44440858301377867,0,0,,0.17391303591682453,23071.94814814814,18080.8,38092.799999999996,4190,3,0
0.012593545625151146,-0.012997572534191175,0,0,,0.045454543388429844,41526.82608695651,35480.7,28292.8,4190,4,0
-0.1443979240596395,0.15370803039351066,0,0,,-0.15384614792899431,42073.68181818181,36432.1,23290.8,4190,5,0
-0.1552020870552967,0.22304255054006028,0,0,,-0.10344827229488716,36468.22307692308,24079.8,45912.8,4190,6,0
0.08611574129599157,-0.17534015470152609,0,0,,0.0,29817.624137931034,14355.9,56212.799999999996,4190,7,0
1.0296579626173392,0.07496269974250123,0,0,,0.2608695538752368,36157.48275862069,28698.7,53672.799999999996,4190,8,0
-0.39886781902812124,-0.014817873977641971,0,0,,-0.041666664930555625,33636.0347826087,28583.9,34111.799999999996,4190,9,0
0.2783508838722082,0.0006422180126635978,0,0,,0.14285713605442207,34141.94583333333,24724.3,39072.8,4190,10,0
-0.2422012344370604,0.1374380776869414,0,0,,1.3333331851852017,34120.03333333334,27415.3,42176.2,4190,11,0
2.7750468561275303,3.8234871623803155,0,0,,3.499998250000875,29997.26666666667,11769.5,13000.0,4190,12,0
0.16769612434305678,0.03067985288687712,0,0,,-0.07407407133058995,25539.551999999996,4215.7,89325.8,1888,0,1
-0.149421327446457,-0.09705255338310113,-6,0,,-0.24999999305555576,24779.32592592593,10120.2,64604.3,1888,1,1
0.1728334833215541,-0.1751974668534778,6,6,,0.4399999824000007,27442.711111111115,-2550.6,103922.5,1888,2,1
-0.13971036246523005,0.45941212505252754,-1,0,,-0.07407407133058995,33271.856,15091.4,66399.8,1888,3,1
0.15493270985224758,-0.49978831340151003,1,1,,-0.12903225390218534,22798.122222222224,-5851.2,94287.5,1888,4,1
-0.14011311513696978,-0.13410043364883617,0,0,,1.5833332013888999,45576.94838709679,7735.1,129525.8,1888,5,1
2.4898180597674813,1.4716665492018657,0,0,,1.399999720000056,52635.375,44278.3,77800.0,1888,6,1
0.1640584674352275,0.26235588654129854,0,0,,-0.07142856632653098,89058.36923076921,64237.8,128429.2,4949,0,0
-0.14203492288670477,-0.07408853087660068,0,0,,-0.2222222098765439,70549.33571428573,45461.7,57053.799999999996,4949,1,0
-0.06476669530211307,0.5392442760953451,0,0,,-0.21739129489603065,76194.47222222222,48365.6,125286.8,4949,2,0
0.07149706561440562,-0.15292333932246524,0,0,,0.35294115570934376,49501.22173913043,13365.0,93943.80000000002,4949,3,0
0.7443374459492024,0.020609805934322024,0,0,,0.21428569897959293,58437.71176470589,39452.7,115743.79999999999,4949,4,0
-0.4268202435476635,-0.0909549189953764,0,0,,-0.17647057785467188,57257.64285714285,41856.9,85843.8,4949,5,0
0.16561416910412724,0.016410609351929395,0,0,,0.3076922840236705,62986.58235294117,28517.9,149043.8,4949,6,0
-0.14176023765010626,0.24301865771281358,0,0,,0.6249999218750099,61969.62307692307,41739.7,118914.6,4949,7,0
-0.2235786051887416,-0.1748356867027161,0,0,,-0.14999999250000037,66523.32352941176,42387.1,48059.8,7907,0,0
-0.29158847578502056,0.38010262827791885,0,0,,-0.1304347769376184,80618.27500000001,57618.1,106635.79999999999,7907,1,0
2.45759954398998,1.9501365812137088,0,0,,0.9166665902777842,58414.69565217389,17529.8,73550.79999999999,7907,2,0
0.5882289361934634,0.11110390495488649,0,0,,-0.07692307100591762,19800.675,13882.0,19024.800000000003,7907,3,0
-0.42578994731565717,-0.2582378138121651,0,0,,-0.23529410380622917,17820.72307692308,6146.2,44510.2,7907,4,0
-0.52212517331149,-0.39131578663998645,0,0,,-0.37037035665294976,24024.847058823532,10056.0,41024.8,7907,5,0
-0.3622449974768707,-0.3651815148772753,0,0,,0.4210526094182837,39470.13333333333,15441.1,126324.80000000002,7907,6,0
5.0,2.6845504944230023,0,0,,2.799999440000112,62175.46315789473,31880.4,148792.2,7907,7,0
0.1653255574326105,-0.018517833114263235,0,0,,0.0,62805.97368421053,43011.1,58211.8,3637,0,0
-0.14168895007383636,0.043601314984310836,0,0,,-0.26923075887574005,63990.94736842107,53531.0,34411.8,3637,1,0
0.17081623290120762,-0.018361438922949284,0,0,,0.6249999609375024,61317.42692307693,47505.0,59771.799999999996,3637,2,0
-0.15070834854134404,0.09251737219008446,0,0,,-0.3043478128544429,62464.3625,52396.0,36717.2,3637,3,0
0.17184090427289853,-0.016621630059414975,0,0,,0.0,57174.708695652174,41707.2,56611.799999999996,3637,4,0
-0.15985063949655884,0.0736442120172086,0,0,,-0.2333333255555558,58141.10869565216,49440.9,46331.799999999996,3637,5,0
0.19191432395856425,0.01576292049168049,0,0,,0.36363634710743875,54153.05000000002,39968.6,59991.799999999996,3637,6,0
-0.14066661828925017,0.10692783883591137,0,0,,-0.04347825897920613,53312.686363636356,45103.9,40931.799999999996,3637,7,0
0.735774343260933,0.016006630374438117,0,0,,0.14999999250000037,48162.74782608696,41457.9,38271.799999999996,3637,8,0
-0.32686851725572647,0.02149682866835367,0,0,,0.99999990000001,47403.97,25392.6,64971.799999999996,3637,9,0
0.016951576237575403,1.0811118425406379,0,0,,0.99999980000004,46406.37999999999,35853.1,38100.0,3637,10,0
-0.6650362732412812,-0.25773281067049936,0,0,,-0.31578945706371275,53429.13846153847,37812.4,72355.2,5395,0,0
0.15976530501413438,0.41968979013594065,0,0,,0.18749998828125072,71981.00526315789,44066.0,115637.8,5395,1,0
-0.2192100403281913,-0.25572685674084933,0,0,,-0.11111110493827195,50701.924999999996,26862.4,102565.79999999999,5395,2,0
2.188291680884656,0.6561931775518122,0,0,,0.2857142653061239,68122.7388888889,28293.0,97554.80000000002,5395,3,0
2.059812877234293,0.3817435316016696,0,0,,0.16666665277777895,41132.12142857143,27090.1,30743.8,5395,4,0
0.4071761441814291,-0.08171518432610853,0,0,,-0.14285713265306196,29768.274999999998,24512.0,13195.800000000001,5395,5,0
-0.8641151742074232,-0.171612019361981,0,0,,-0.29999998500000075,32417.257142857143,26897.0,18393.8,5395,6,0
0.5841305315985329,-0.23871192653589535,0,0,,0.0,39132.939999999995,17944.2,82208.8,5395,7,0
-0.38908079536708495,-0.08928936988681041,0,0,,0.05263157617728546,51403.58999999999,38114.6,64143.8,5395,8,0
-0.519151052410401,-0.17650497578326177,0,0,,0.3571428316326549,56443.38421052632,37680.6,78258.8,5395,9,0
0.16456230851942452,-0.10090428942930289,0,0,,0.0,19548.18888888889,10232.9,40090.799999999996,1329,0,0
-0.2050837252253434,0.06047944139844586,0,0,,0.0,21742.055555555555,14846.3,34590.799999999996,1329,1,0
0.2590612538148982,0.04166045685892824,0,0,,0.0,20502.1,14982.0,30290.799999999996,1329,2,0
0.4914610925727915,-0.12123484390605631,0,0,,-0.05263157617728546,19682.13333333333,11299.5,37390.799999999996,1329,3,0
-0.4260677203849664,-0.1107767095131756,0,0,,0.0,22397.48947368421,18205.7,37009.799999999996,1329,4,0
0.16211617012113475,-0.23830605057198323,0,0,,0.11764705190311459,25187.7,19673.6,36122.8,1329,5,0
-0.23766525754665113,0.5590991560716699,0,0,,1.1249998593750177,33068.00588235295,23664.0,51584.6,1329,6,0
0.0462799404983545,-0.2887548943376782,0,0,,-0.12499999218750048,18781.10714285714,3864.6,45441.2,7966,0,1
-0.7428986000060686,-0.5280251771199359,0,0,,-0.4482758466111777,26405.95625,14500.1,12935.800000000001,7966,1,1
0.11366221314401832,-0.12345912885068107,-1,0,,0.035714284438775556,55947.806896551716,9037.0,167959.80000000002,7966,2,1
5.0,1.8985300260708724,1,1,,0.6470587854671302,63827.950000000004,-1154.8,126038.20000000001,7966,3,1
-0.7678448516922297,-0.4897444033937444,0,0,,-0.10526315235457093,22020.800000000003,3636.7,43857.799999999996,7966,4,1
-0.4600276957481889,-0.3896201463786084,0,0,,-0.09523809070294806,43156.41052631578,21394.3,55529.799999999996,7966,5,1
3.5917496304983074,1.5258756789991352,0,0,,1.6249997968750256,70704.18571428572,40508.1,129943.80000000002,7966,6,1
-0.9119802083825828,-0.3466983085813546,0,0,,-0.33333332323232356,48799.24090909091,32106.6,45032.0,1242,0,0
0.8174041950154227,0.049822159517142625,0,0,,0.06451612695109267,74696.33333333333,51799.5,209089.0,1242,1,0
-0.056297390929926444,0.5360995547247697,0,0,,-0.031249999023437534,71151.41612903227,52504.1,124032.0,1242,2,0
0.9354068990210218,0.12170786108537995,0,0,,0.18518517832647488,46319.534375,15269.2,99038.0,1242,3,0
0.19804647641292172,0.4090750536046544,0,0,,0.17391303591682453,41293.75925925925,14064.6,69536.0,1242,4,0
0.7071478139981751,-0.1395113779751696,0,0,,-0.11538461094674572,29305.578260869563,16775.5,33322.0,1242,5,0
-0.7479538292621324,-0.5235223479345745,0,0,,0.8571427959183717,34056.90384615385,16531.6,57332.0,1242,6,0
2.105728713016598,1.1416327344769102,0,0,,1.799999640000072,71476.39285714284,32369.2,130110.0,1242,7,0
-0.6771153668934368,-0.37319466852331057,0,0,,-0.36363634710743875,46702.08571428572,21013.0,91411.2,4746,0,0
0.34555218677289246,0.5045949131686214,0,0,,0.15789472853185638,74508.11818181821,39237.2,193098.80000000002,4746,1,0
0.2288299213816375,-0.07069460984354198,0,0,,-0.20833332465277812,49520.38421052632,25497.2,125352.80000000002,4746,2,0
-0.41220524991981794,-0.41252535592940065,0,0,,0.1999999900000005,53287.525,22732.9,174111.80000000002,4746,3,0
-0.3307514959506262,0.10927584677673309,0,0,,-0.19999999200000032,90706.08499999999,47239.0,195245.80000000002,4746,4,0
5.0,1.1959562353582274,0,0,,2.571428204081685,81770.54,28216.5,283789.2,4746,5,0
-0.8453455981160656,-0.14257931626436196,0,0,,0.399999920000016,37236.87142857142,29726.4,30800.0,4746,6,0
0.07032825562682737,0.24431879901384548,0,0,,-0.14999999250000037,50559.97647058824,38914.1,50473.2,110,0,0
-0.06771249231640332,-0.07246818965353774,0,0,,0.0,40632.655,20552.1,31947.8,110,1,0
0.1650766264058737,-0.08163809209720757,0,0,,-0.23076922189349144,43807.28999999999,23423.5,100767.8,110,2,0
-0.1421222502622055,-0.012239423672109263,0,0,,0.4444444197530878,47701.553846153845,33990.0,67987.8,110,3,0
0.16520243088738779,-0.04437227880920986,0,0,,-0.09999999500000024,48292.62777777778,30832.9,56297.799999999996,110,4,0
-0.1410737259184899,0.1240009480882902,0,0,,-0.1304347769376184,50534.979999999996,31067.0,46107.799999999996,110,5,0
0.16549237663373723,-0.01124823502506469,0,0,,-0.1481481426611799,44959.908695652164,31325.2,91929.8,110,6,0
-0.14171514355242212,-0.17805110014444994,0,0,,0.9285713622449028,45471.38148148149,29504.6,78787.79999999999,110,7,0
0.7042948076321446,0.9124238178335857,0,0,,0.9999998571428775,55321.42142857143,42703.5,72402.6,110,8,0
0.16258614136048852,0.20666216515821242,0,0,,-0.15384614201183525,81486.97272727272,72351.5,70829.2,8026,0,0
-0.14146062314204394,0.035432831760209504,0,0,,-0.07142856632653098,67530.8923076923,56101.2,39943.799999999996,8026,1,0
0.1656036559460755,0.09023480633806663,0,0,,0.0,65219.964285714275,47085.6,83643.8,8026,2,0
-0.14139324863991404,0.02828286111641993,0,0,,-0.12499999218750048,59821.942857142865,51728.0,57943.799999999996,8026,3,0
0.16606760703851042,0.03391683381453541,0,0,,0.23076921301775286,58176.543750000004,49734.3,63783.799999999996,8026,4,0
-0.13954046105697127,0.3502088296906557,0,0,,0.44444439506173394,56268.107692307705,43110.4,77029.20000000001,8026,5,0
0.164631071861907,0.2177747837435579,0,0,,-0.26315788088642733,62478.74285714286,31823.2,112753.20000000001,2080,0,0
-0.14312174592122998,-0.18801102610529027,0,0,,0.055555552469135974,51305.663157894734,22707.0,130925.80000000002,2080,1,0
0.16594299395931056,0.052505571462571794,0,0,,-0.14285713605442207,63185.17222222223,42533.7,161139.80000000002,2080,2,0
-0.14283984815166972,-0.15412198444194125,0,0,,0.1666666574074079,60033.100000000006,42814.3,130642.8,2080,3,0
0.7462352406964845,0.22188190835542518,0,0,,0.636363578512402,70971.34444444445,49790.3,152013.80000000002,2080,4,0
-0.4271013441241775,-0.09379173299405467,0,0,,0.09999999000000101,58083.63636363636,37013.4,131442.6,2080,5,0
-0.9144718439053106,-0.3620978480979125,0,0,,-0.2499999791666684,51960.38888888889,32707.0,27529.2,5837,0,0
0.0512384923739897,0.4792019886897882,0,0,,0.09090908264462885,81455.10833333332,65594.3,47443.799999999996,5837,1,0
-0.11688935402492509,0.25717359352399094,0,0,,-0.08333332638888948,55066.92727272728,35595.6,14743.800000000001,5837,2,0
1.221786989075162,0.27756279519797533,0,0,,-0.24999998437500096,43802.166666666664,26087.5,24343.8,5837,3,0
-0.7919138647610305,-0.4380319815827538,0,0,,-0.27272726033057904,34285.725,21159.8,54038.799999999996,5837,4,0
1.239503917232518,0.513148363873657,0,0,,0.2222222098765439,61010.1,30318.0,128924.8,5837,5,0
0.31693941280690474,0.2966848946648562,0,0,,0.2857142653061239,40319.97222222222,17373.5,68755.8,5837,6,0
-0.8648420425025584,-0.5705427153680184,0,0,,-0.5999999828571434,31094.657142857144,20874.0,21243.8,5837,7,0
2.1553072960911845,0.33990983008658565,0,0,,3.374999578125053,72404.53999999998,29199.1,382829.8,5837,8,0
0.16483410658400185,0.04605998412632208,0,0,,-0.06249999609375024,49095.06666666667,23561.2,130475.20000000001,1374,0,0
-0.15922041304924267,-0.040325995449485647,0,0,,-0.23809522675737013,46933.31875,21096.7,115318.79999999999,1374,1,0
0.1876883645832111,-0.168892340454244,0,0,,0.3124999804687512,48905.480952380945,14354.7,193088.80000000002,1374,2,0
-0.14201442772361902,0.06053325389730961,0,0,,-0.05882352595155729,58843.7375,40851.0,97786.79999999999,1374,3,0
0.7439932400913568,-0.1658298692137283,0,0,,0.0,55485.04705882353,29620.6,162347.80000000002,1374,4,0
-0.4272601660395439,0.038191443923121994,0,0,,-0.055555552469135974,66515.26470588235,48769.8,145960.80000000002,1374,5,0
0.16705252545258006,0.367515553993507,0,0,,0.0,64068.40000000001,34026.5,149886.80000000002,1374,6,0
-0.14136091922702618,-0.3048706506473868,0,0,,0.7999999200000081,46850.21666666666,16397.2,173289.2,1374,7,0
2.460088359223814,1.693543281844235,0,0,,3.999998000001,67397.84,35944.0,117600.0,1374,8,0
0.028788427430200537,0.010048091658670356,0,0,,0.18749998828125072,68166.85789473685,42426.3,133685.2,3664,0,0
0.5045753871756766,0.028590682215430457,0,0,,-0.1999999900000005,67488.725,13665.8,61377.799999999996,3664,1,0
0.09356535774387721,-0.10377463786267022,0,0,,0.24999998437500096,65612.81,37939.7,120779.80000000002,3664,2,0
-0.4601520631056429,-0.08818474294263881,0,0,,-0.11111110493827195,73210.16875,53701.0,68928.8,3664,3,0
0.4659415001610109,0.24556395646834886,0,0,,0.19999998666666757,80290.57222222222,47228.2,99201.80000000002,3664,4,0
-0.5047929752907596,-0.11625462288795162,0,0,,-0.37499998437500065,64461.22,24693.7,64943.799999999996,3664,5,0
-0.02894689210694301,-0.024387385427563947,0,0,,-0.07692307396449716,72940.94166666667,31093.7,231633.8,3664,6,0
1.6808018056283216,0.8901772421625571,0,0,,0.8571427959183717,74764.24615384616,20584.5,184314.8,3664,7,0
5.0,0.3155798714433056,0,0,,1.3333331111111482,39554.09285714286,29171.4,66914.6,3664,8,0
-0.9919451337664635,-0.4233600283770994,0,0,,-0.24999996875000394,30065.899999999998,26735.9,18800.0,3664,9,0
-0.14351957400071538,-0.5962400064411009,4,5,,0.35294115570934376,10982.347826086956,-1546.1,117633.0,3273,0,1
0.16652277805583,1.5189199495879024,-11,1,,-0.3928571288265311,27200.188235294117,-1613.0,164743.8,3273,1,1
-0.1451034739617324,-0.7267689674208193,12,12,,0.47368418559556913,10798.35357142857,-5510.2,163413.4,3273,2,1
0.16647486817768906,0.19625178144328273,0,0,,-0.09523809070294806,39520.96315789474,22343.9,149290.8,3273,3,1
-0.14234434311014116,-0.09591115489810138,0,0,,-0.08695651795841226,33037.32857142857,9329.8,146145.8,3273,4,1
0.1622887106180755,-0.3057784297302128,0,0,,0.14999999250000037,36542.126086956516,5253.3,191496.8,3273,5,1
-0.14261558631118967,-0.07545851389494515,0,0,,-0.09090908677685969,52637.55500000001,33958.9,158863.8,3273,6,1
0.1666254730609332,0.24664872947767943,0,0,,0.15789472853185638,56933.68636363637,33199.2,181036.8,3273,7,1
-0.16176303507489806,-0.2967207693865894,0,0,,0.11764705190311459,45669.389473684205,12934.5,113043.8,3273,8,1
0.1996795580613953,0.13657062141831064,0,0,,0.5454544958677732,64937.77647058823,8707.7,205214.6,3273,9,1
1.3357010479609233,0.629446850995007,0,0,,0.3888888672839518,88326.14,61995.9,255265.2,10065,0,0
-0.42326921699626785,-0.3549483571825154,0,0,,-0.18181817355371938,54206.21111111111,19569.6,75745.8,10065,1,0
0.15688174697341434,0.28823245275088255,0,0,,0.0,84033.90909090907,62163.9,204303.80000000002,10065,2,0
-0.0960876520328856,-0.14973569042305193,0,0,,0.0,65231.94545454543,9604.9,159584.80000000002,10065,3,0
0.20093828537370303,-0.0005334436419557663,0,0,,-0.04347825897920613,76719.60909090909,45049.9,154540.80000000002,10065,4,0
0.2507686837503252,0.4691253320566476,0,0,,0.045454543388429844,76760.55652173913,52289.2,205855.80000000002,10065,5,0
-0.25905688069965377,-0.30401434311152414,0,0,,-0.21428570663265334,52249.15454545454,27960.1,68611.79999999999,10065,6,0
-0.2256887027872693,-0.10528763446409957,0,0,,0.21739129489603065,75072.17142857143,24491.2,228909.80000000002,10065,7,0
-0.07063202412804068,0.03850507298199917,0,0,,0.0,83906.48695652171,52259.7,202643.80000000002,10065,8,0
0.4116085197077014,0.15524308693170663,0,0,,0.35294115570934376,80795.45217391306,50746.6,263543.80000000005,10065,9,0
5.0,4.954962147066413,0,0,,5.0,69938.05294117646,24089.0,132533.6,10065,10,0
-0.03830400331726938,0.35326965319952375,0,0,,-0.04761904535147403,57002.40499999999,37266.7,81044.2,6699,0,0
-0.15180721186446575,-0.009884458385578861,0,0,,0.0,42121.985714285714,21162.0,83436.8,6699,1,0
0.20128274247279726,-0.009746575211202485,0,0,,-0.15999999360000025,42542.49523809524,23708.9,82336.8,6699,2,0
0.507614519843012,-0.09961175002897117,0,0,,0.3888888672839518,42961.22,24876.2,79943.8,6699,3,0
-0.10480162566813386,0.3874977624901296,0,0,,-0.18181817355371938,47714.10555555556,36111.3,44061.799999999996,6699,4,0
-0.1830064921912525,0.31849113077064023,0,0,,-0.08333332986111125,34388.59999999999,24760.5,50064.799999999996,6699,5,0
0.22029032863796666,0.06733234561510368,0,0,,0.04347825897920613,26081.78333333333,16112.0,70164.8,6699,6,0
0.07247364658259842,-0.24631249765782162,0,0,,0.14999999250000037,24436.421739130434,13057.1,60264.799999999996,6699,7,0
0.1872871500484255,-0.10839602722769136,0,0,,1.2222220864197684,32422.485000000004,14994.9,63143.2,6699,8,0
1.2779915643202697,1.8858966896198344,0,0,,1.9999993333335555,36364.22222222222,21169.1,32200.0,6699,9,0
0.07012368417419504,0.11839571718870646,0,0,,-0.1304347769376184,60528.15,47826.1,30876.2,8268,0,0
-0.29647195949780264,0.13102382405200014,0,0,,0.045454543388429844,54120.513043478255,42144.0,38630.799999999996,8268,1,0
0.19966306926418828,0.3200149786431528,0,0,,-0.04347825897920613,47850.90454545454,16824.7,62050.799999999996,8268,2,0
0.15768083246529538,0.17664472455961416,0,0,,0.045454543388429844,36250.27391304348,21895.3,40570.799999999996,8268,3,0
0.16218143245224326,0.22054075725961023,0,0,,-0.08333332986111125,30808.172727272726,18537.2,32400.8,8268,4,0
-0.11196052555326072,0.15550689075918558,0,0,,-0.07692307396449716,25241.412499999995,13255.0,29911.8,8268,5,0
0.16212434162547446,-0.27161469863957055,0,0,,0.29999998500000075,21844.449999999997,11833.6,50630.8,8268,6,0
-0.19155739791791263,0.1668476301328756,0,0,,0.6666666111111158,29990.24000000001,19074.3,50967.2,8268,7,0
0.1265751342627322,1.0790054821323511,-7,10,,-0.34999998250000086,226.3384615384611,-18390.7,29398.5,6083,0,1
3.3481802104957263,-1.1283175253489068,16,17,,0.17647057785467188,-2864.845,-8590.7,31263.899999999998,6083,1,1
-0.9249676856638557,-0.5643249875682288,1,1,,-0.37037035665294976,22326.21764705882,-7295.0,56040.0,6083,2,1
-0.6270477752934936,-0.3416227318247561,0,0,,-0.2702702629656686,51245.118518518524,22413.1,151670.0,6083,3,1
1.346908499286489,0.9394244995127206,0,0,,0.27586205945303244,77835.49189189191,36981.3,284854.0,6083,4,1
0.21334741749896183,0.09450398317880039,0,0,,0.11538461094674572,40133.293103448275,3223.7,133146.0,6083,5,1
-0.5401102085786077,-0.5512074735176276,0,0,,-0.10344827229488716,36668.01923076923,10204.6,169687.0,6083,6,1
3.1194296965706028,1.0298220534625981,0,0,,3.8333326944445507,81703.72068965517,39617.9,278163.0,6083,7,1
0.16201058534853321,-0.07945534764611603,0,0,,-0.055555552469135974,31665.252941176474,17822.7,57256.2,2753,0,0
-0.1424886762325634,-0.1344504505906372,0,0,,0.12499999218750048,34398.38888888889,20358.7,69625.8,2753,1,0
0.16780491476057943,0.26993717508431375,0,0,,-0.11111110493827195,39741.675,23759.1,64550.799999999996,2753,2,0
0.20044705618378725,0.18598035701315443,0,0,,0.05882352595155729,31294.20555555556,17221.9,50575.8,2753,3,0
-0.16537641900599842,0.09404400354693987,0,0,,0.06249999609375024,26386.782352941176,12446.9,52181.8,2753,4,0
-0.14371336362852008,-0.2591503442242408,0,0,,-0.15789472853185638,24118.574999999997,17025.7,61181.799999999996,2753,5,0
0.16644874200985108,0.1055302329039508,0,0,,-0.04999999750000012,32555.289473684217,19457.9,87350.8,2753,6,0
-0.14249656398042648,-0.0964880632651582,0,0,,0.05263157617728546,29447.670000000002,17991.8,64850.8,2753,7,0
0.16376734033415286,-0.09901386536045115,0,0,,-0.04999999750000012,32592.45263157895,20439.8,71650.79999999999,2753,8,0
-0.14194094307216312,-0.2701436909105104,0,0,,0.8181817438016598,36174.2,21375.4,81150.79999999999,2753,9,0
0.6707729176938592,0.930750309804502,0,0,,0.8333331944444675,49563.454545454544,35630.1,76269.0,2753,10,0
0.03162319138132165,0.258044344625418,0,0,,-0.03846153698224858,40941.2,21984.0,50725.2,5445,0,0
-0.03274462388736622,-0.1183397011633019,0,0,,-0.07142856887755111,32543.526923076923,22270.2,30964.799999999996,5445,1,0
-0.02729357605433314,0.0870470529883845,0,0,,-0.06666666444444451,36911.639285714286,25662.7,44686.799999999996,5445,2,0
-0.0005226645396139585,-0.1319903929035553,0,0,,0.11111110699588492,33955.88000000001,19933.6,46764.799999999996,5445,3,0
0.19519568489224295,-0.11851107415369208,0,0,,0.0,39119.24444444445,27515.9,40964.799999999996,5445,4,0
0.20094967218831522,0.07881059688747202,0,0,,1.9999997777778027,44378.6,29598.7,47216.799999999996,5445,5,0
0.05168698826168935,1.4622550708772528,0,0,,0.799999840000032,41136.600000000006,30859.2,21100.0,5445,6,0
0.16376404720233229,0.006416164646247464,0,0,,-0.11764705190311459,70096.82666666669,41969.1,158039.2,10679,0,0
-0.14199390209801852,0.11401365960719932,0,0,,-0.055555552469135974,69649.94117647059,50075.7,101280.79999999999,10679,1,0
0.16591805859820113,-0.02094285873519953,0,0,,0.12499999218750048,62521.62222222222,37736.7,150153.8,10679,2,0
-0.14242566445291874,-0.056098318478610826,0,0,,-0.15789472853185638,63859.012500000004,38531.0,122453.79999999999,10679,3,0
0.7433559113966791,-0.04004012046058772,0,0,,0.8999999100000091,67654.30526315789,36593.6,156233.80000000002,10679,4,0
-0.19911225522823459,0.30811050197362944,0,0,,0.99999980000004,70476.18,43638.2,153300.0,10679,5,0
2.0937445917675537,0.20666259746154236,0,0,,0.3124999804687512,81596.66666666664,31586.0,165269.2,5477,0,0
-0.7804582830707021,-0.30106376449711536,0,0,,-0.49999998437500054,67621.775,51086.0,72653.8,5477,1,0
1.2314654180403706,0.7052159834414157,0,0,,0.10344827229488716,96749.5625,36822.6,260469.8,5477,2,0
-0.20149338218237758,-0.377500701037813,0,0,,0.3181818037190089,56737.42413793103,32304.5,118201.8,5477,3,0
-0.14906631139921578,0.41417915196590105,0,0,,-0.11999999520000018,91144.55909090908,63646.5,173427.80000000002,5477,4,0
0.7446531053437725,-0.10222972000838264,0,0,,0.13636363016528952,64450.50399999999,24221.6,159169.8,5477,5,0
-0.37048970270985765,0.18160902613661592,0,0,,-0.18518517832647488,71789.52727272728,35738.8,154869.80000000002,5477,6,0
3.095431266426811,0.7127234675189862,0,0,,0.4210526094182837,60755.73703703705,19294.3,145869.8,5477,7,0
-0.7258251031428884,-0.42344878841404426,0,0,,-0.26923075887574005,35473.17368421054,18973.9,65669.8,5477,8,0
0.7783176915154331,-0.1586803353457683,0,0,,0.7333332844444478,61526.49230769231,22689.5,169484.8,5477,9,0
-0.16306883055002183,0.25440112558600786,0,0,,0.499999950000005,73130.93333333335,35815.9,100713.20000000001,5477,10,0
1.813802431618789,1.1633450138906785,0,0,,2.3333325555558146,58299.479999999996,32397.3,94300.0,5477,11,0
-0.7971761664082593,-0.020431708144050084,0,0,,-0.4285714081632663,60453.599999999984,36550.6,68968.0,11141,0,0
0.38130098699371434,-0.09175545390799293,0,0,,0.10526315235457093,61714.53333333333,34459.8,132490.0,11141,1,0
0.2637661028215506,0.07367269811403092,0,0,,-0.26923075887574005,67949.24736842106,44379.2,76478.0,11141,2,0
-0.18065783362187274,0.07727519037433053,0,0,,0.36842103324099823,63286.7423076923,29207.2,120910.0,11141,3,0
-0.2944702060248054,0.10232603813704401,0,0,,0.11764705190311459,58747.05263157895,26611.2,57544.0,11141,4,0
5.0,1.7611286547650082,0,0,,3.2499991875002032,53293.717647058824,13467.0,163607.0,11141,5,0
-0.20636614078039348,-0.3704056650792803,0,0,,0.0,36849.104999999996,21790.6,73567.2,1906,0,0
0.04703999591883461,0.29311498386081924,0,0,,-0.04761904535147403,58528.329999999994,29051.5,62282.799999999996,1906,1,0
0.6066416445618611,0.4261449351632488,0,0,,0.04999999750000012,45261.50476190477,20413.8,72769.8,1906,2,0
-0.7232324457979348,-0.5289201327284735,0,0,,-0.33333332222222256,31736.960000000003,12933.5,43967.799999999996,1906,3,0
0.4359280627754198,0.06862623065959744,0,0,,0.36363634710743875,67370.65666666668,39181.1,183276.80000000002,1906,4,0
0.02118732851067452,0.035922127269078105,0,0,,-0.15384614792899431,63044.17272727273,19870.0,98482.8,1906,5,0
0.7835613391052748,0.8062700047671176,0,0,,0.0,60858.023076923084,27383.0,155760.80000000002,1906,6,0
0.33882569702842885,-0.2899945360641043,0,0,,2.7142853265306677,33692.649999999994,13327.8,60282.8,1906,7,0
-0.4369714645295123,-0.05545357495073019,0,0,,-0.12499998437500197,47454.07142857143,31749.8,40900.0,1906,8,0
-0.4381708692230638,-0.12573541288828027,0,0,,-0.24999999305555576,54379.288888888885,19953.6,175677.2,378,0,0
0.013879343499571059,-0.12679688091162597,0,0,,0.0,62200.03611111112,22123.6,222222.80000000002,378,1,0
2.1708577051403077,0.5162351268411545,0,0,,0.24137930202140337,71232.03611111111,34850.9,223772.80000000002,378,2,0
-0.5708034833544737,-0.1226362100111283,0,0,,-0.12121211753902675,46979.54482758621,15099.5,107321.8,378,3,0
1.264070141478407,-0.14027032787233112,0,0,,0.17857142219387778,53546.25454545454,23788.2,124324.8,378,4,0
-0.6267094388007832,-0.2691947022873796,0,0,,-0.22222221604938291,62282.66428571428,45912.7,102474.80000000002,378,5,0
-0.13057259164831883,0.01147100100765807,0,0,,0.028571427755102068,85224.70277777777,53401.4,247093.80000000002,378,6,0
-0.37117160007082534,-0.07543750850864411,0,0,,-0.25531914350384805,84258.17714285715,40904.2,199824.8,378,7,0
1.7245954437346356,0.5158510942230655,0,0,,1.2380951791383248,91133.0255319149,55027.2,414831.8,378,8,0
0.6585414623582624,0.35421289054747773,0,0,,0.0,64009.69473684209,28818.9,177344.0,3942,0,0
-0.5980746343531911,-0.3227350974784441,0,0,,-0.23999999040000036,47267.08421052631,23599.7,95860.0,3942,1,0
0.8016476078385618,0.24739937058654624,0,0,,0.041666664930555625,69791.132,32828.0,216431.0,3942,2,0
3.7156606509246997,0.17350169063074378,0,0,,0.7142856632653098,55949.30833333333,23996.6,137888.0,3942,3,0
-0.8959332323319998,-0.3980893781690714,0,0,,-0.49999998214285774,47677.22857142857,26512.8,52846.0,3942,4,0
1.5662089381253677,0.4401729768624629,0,0,,0.21739129489603065,79209.81428571428,20938.0,258974.0,3942,5,0
0.2346414029317422,-0.12992663417695202,0,0,,0.6428570969387788,55000.208695652174,27053.8,133974.0,3942,6,0
5.0,1.1249215647228024,0,0,,1.3333331111111482,63213.300000000025,45472.3,75358.0,3942,7,0
-0.8581471074731509,0.06976917018727785,0,0,,0.0,29748.53333333333,29012.9,1200.0,3942,8,0
-0.6475674376520971,0.7155633333166076,0,0,,0.0,27808.36666666667,24206.1,2500.0,3942,9,0
-0.24934238577302548,0.4143419676038097,0,0,,-0.06249999609375024,53574.94666666665,47835.7,17841.2,7890,0,0
0.37115077305725086,0.02888808346107284,0,0,,0.0,37879.76875,24017.1,16955.800000000003,7890,1,0
-0.14939049270250462,0.27044106992023187,0,0,,-0.15789472853185638,36816.21875,21728.3,38855.8,7890,2,0
0.40855796308665154,0.07781065156228024,0,0,,-0.04999999750000012,28979.084210526322,19927.7,26155.8,7890,3,0
0.21598518368739064,0.027467245323834082,0,0,,0.05263157617728546,26886.989999999998,22104.3,28155.8,7890,4,0
-0.1873107492576469,0.12455988139373719,0,0,,0.055555552469135974,26168.22105263158,23162.0,20555.8,7890,5,0
0.24092771242496255,0.31054949966754664,0,0,,-0.05263157617728546,23269.744444444445,16251.8,18755.8,7890,6,0
0.27284145129645565,-0.20578886698265852,0,0,,0.11764705190311459,17755.715789473685,13993.0,25755.799999999996,7890,7,0
-0.0973829779647157,-0.2501980799374289,0,0,,-0.10526315235457093,22356.41764705882,18913.6,25351.8,7890,8,0
-0.4304963496372565,0.1176914614507618,0,0,,1.1111109876543348,29816.431578947373,24517.4,32141.2,7890,9,0
4.13471954948428,5.0,0,0,,3.499998250000875,26676.8,14757.0,2400.0,7890,10,0
-0.3398758713740878,0.027152657203246493,0,0,,0.0,34921.475000000006,8984.0,79385.2,8085,0,1
0.821230564339787,0.036968407188530936,0,0,,0.05263157617728546,33998.33,625.9,119286.8,8085,1,1
0.6054275050992022,1.6967810033590023,-2,0,,0.11764705190311459,32786.27368421052,10929.7,82886.8,8085,2,1
0.11285730982199509,-0.4689922200476002,2,2,,-0.055555552469135974,12157.558823529413,-437.1,38390.0,8085,3,1
-0.5271229999671634,-0.37723134708582273,0,0,,-0.21739129489603065,22895.25555555556,8834.4,48984.799999999996,8085,4,1
-0.037960838079541356,0.15203914161286686,0,0,,0.21052630470914185,36763.66086956523,4080.6,100686.8,8085,5,1
0.11393421209766838,0.00926336587361977,0,0,,-0.13636363016528952,31911.815789473683,3874.3,87856.8,8085,6,1
0.29388605233477494,0.12209313307305544,0,0,,0.09999999500000024,31618.91818181819,3869.3,96921.8,8085,7,1
-0.45032420640551885,-0.45103148974150753,0,0,,-0.2592592496570648,28178.515000000007,6241.8,87186.79999999999,8085,8,1
0.03910762119048624,0.12758281546029368,0,0,,0.9285713622449028,51329.929629629645,20354.8,153705.8,8085,9,1
0.2861484641925435,0.0013506838735741088,0,0,,-0.055555552469135974,58795.62941176471,53369.3,25245.2,7542,0,0
-0.17140836952155036,0.15285113352606391,0,0,,0.0,58716.322222222225,47500.2,21259.8,7542,1,0
-0.11798661090165107,0.2244612065081871,0,0,,-0.21739129489603065,50931.4,40393.0,21259.8,7542,2,0
-0.14623744911962472,0.19905349771158162,0,0,,0.045454543388429844,41594.947826086966,32466.8,30739.8,7542,3,0
0.6371605919949358,0.2434612666533043,0,0,,-0.08333332986111125,34689.818181818184,20250.3,35670.799999999996,7542,4,0
-0.13985878556763198,0.0176184397528283,0,0,,0.09090908677685969,27897.787500000002,16833.3,62459.8,7542,5,0
-0.0011801305064412517,0.1494617379812102,0,0,,-0.15384614792899431,27414.781818181815,15629.8,44899.799999999996,7542,6,0
0.23056311391492448,-0.30233469596373574,0,0,,0.18181817355371938,23850.103846153852,7149.2,73339.8,7542,7,0
0.422388300767159,0.059129925765557236,0,0,,1.4444442839506353,34185.59545454545,21878.6,49956.799999999996,7542,8,0
0.5507514450601757,1.2264644791563144,0,0,,1.249999687500078,32277.055555555555,25069.0,12300.0,7542,9,0
0.5032156813819518,0.08197200023969499,0,0,,0.0,36644.39,23782.4,84460.0,3448,0,0
-0.574392500342354,-0.45553274536999855,0,0,,-0.37499997656250145,33868.15,15637.8,56190.0,3448,1,0
0.19653530118691923,0.3836346205519565,0,0,,0.4545454132231443,62204.2,38963.1,158990.0,3448,2,0
3.921159635609594,1.0022610024865566,0,0,,-0.08333332638888948,44957.1,15897.3,33190.0,3448,3,0
-0.4710761455460328,-0.37961376191452517,0,0,,-0.07692307100591762,22453.166666666668,18652.3,18990.0,3448,4,0
-0.1641792558834735,-0.155328326568432,0,0,,0.0,36192.238461538465,21512.5,61522.0,3448,5,0
0.04694984270651507,0.46355032625416026,0,0,,-0.23529410380622917,42847.7,19671.5,58390.0,3448,6,0
0.45156555922449504,-0.2602980011773003,0,0,,0.13333332444444504,29276.547058823526,20451.6,20890.0,3448,7,0
0.208517472399316,-0.2366232110111321,0,0,,1.14285697959186,39578.840000000004,24873.3,46990.0,3448,8,0
-0.6445210360445635,1.0310037348234526,0,0,,0.16666663888889352,51847.057142857135,35250.8,59800.0,3448,9,0
-0.7105187574028152,0.10462059427179549,0,0,,-0.2608695538752368,58710.882352941175,36837.6,58384.2,7894,0,0
1.1936786723480517,-0.0024455525678527983,0,0,,0.14999999250000037,53150.269565217386,19073.9,100721.8,7894,1,0
-0.1625731199381981,0.40599600212675696,0,0,,-0.09090908677685969,53280.56999999999,22030.5,76837.8,7894,2,0
-0.27022928918073497,-0.2859094267345094,0,0,,-0.11999999520000018,37895.25000000001,20833.7,68455.8,7894,3,0
0.10142719714634482,0.013767454021370149,0,0,,0.08695651795841226,53067.848,33597.7,121705.8,7894,4,0
0.41171199515170726,0.16705513100482258,0,0,,-0.07999999680000013,52347.160869565225,32084.1,80317.79999999999,7894,5,0
-0.634075501171525,-0.37834367405561375,0,0,,-0.21874999316406274,44854.06,24481.1,110575.8,7894,6,0
0.756516871758574,0.45614824836200657,0,0,,0.4545454338842984,72152.50312499999,38879.9,175998.8,7894,7,0
-0.5255386361802485,-0.2874681957168794,0,0,,-0.3124999902343753,49550.24545454545,21289.6,129530.80000000002,7894,8,0
0.38654478196098957,0.29732073145404214,0,0,,0.18518517832647488,69541.1,29775.3,219840.80000000002,7894,9,0
1.9512043601823734,0.9184578085505593,0,0,,5.0,53603.629629629635,17939.3,220571.2,7894,10,0
0.006427114880001391,0.1957670396011715,0,0,,-0.12499999218750048,27348.014285714286,21344.2,23434.2,6097,0,0
-0.007747421351393725,0.025319824292299335,0,0,,-0.05882352595155729,22870.6875,15504.1,12668.800000000001,6097,1,0
0.16273464828775583,-0.18973392685497328,0,0,,0.06249999609375024,22305.905882352938,13500.7,38648.799999999996,6097,2,0
-0.14437878968346204,-0.18456597447602596,0,0,,0.06666666222222252,27529.112500000003,22180.7,20748.800000000003,6097,3,0
-0.22508969939878012,0.23290640497180232,0,0,,0.6666665925926009,33760.073333333334,24558.8,38279.2,6097,4,0
0.9113522870448774,-0.057061028407028175,0,0,,-0.11111110493827195,30815.2875,19933.8,42146.0,11027,0,0
-0.1933091952012237,0.13966180527188016,0,0,,0.12499999218750048,32680.044444444447,23902.7,44290.0,11027,1,0
0.20039949911542065,-0.004054791798446298,0,0,,-0.15789472853185638,28675.2125,19078.9,28984.0,11027,2,0
-0.07399033322317257,-0.17515870793151708,0,0,,0.0,28791.957894736846,17476.7,44125.0,11027,3,0
-0.006393309767139471,-0.053951916301402135,0,0,,0.11764705190311459,34906.05789473684,23227.9,48655.0,11027,4,0
-0.07111176881713212,0.13412968600523129,0,0,,-0.19047618140589612,36896.70588235295,27797.0,18288.0,11027,5,0
0.060194227737590214,0.039328228024911364,0,0,,0.0,32533.057142857146,17772.0,61046.0,11027,6,0
0.034914202881359255,-0.18765545227541588,0,0,,0.7499999375000053,31302.004761904765,18969.5,47218.0,11027,7,0
0.3130718247311609,0.8225582308982958,0,0,,0.7142856122449125,38532.916666666664,30588.5,37929.0,11027,8,0
-0.14198367789668892,-0.3225966798183931,0,0,,0.09999999500000024,36637.104545454546,10912.3,138928.8,11231,0,0
0.11793847462772919,0.3862635495237309,0,0,,-0.09090908677685969,54084.625,13219.8,100037.8,11231,1,0
-0.10632581202021885,-0.18685214058837585,0,0,,-0.24137930202140337,39014.67727272727,9937.6,95547.8,11231,2,0
0.16597078406774637,-0.1333441769706078,0,0,,0.20833332465277812,47979.80689655173,7911.8,179271.8,11231,3,0
-0.1434131405162974,-0.19446769052286453,0,0,,0.1999999900000005,55362.00833333334,25705.7,126888.79999999999,11231,4,0
0.16253461451600656,0.2385706935457008,0,0,,1.4999998125000236,68727.23499999999,34124.4,202524.6,11231,5,0
0.16294680049717936,-0.10206680587828444,0,0,,0.05263157617728546,48382.11499999999,23038.2,99433.0,8158,0,0
-0.14214898714028099,-0.029208340059232042,0,0,,-0.13636363016528952,53881.64210526315,27250.0,83448.0,8158,1,0
0.166085377428259,0.012394885874148515,0,0,,-0.08333332986111125,55502.786363636355,27112.1,142935.0,8158,2,0
-0.14420907812868528,-0.2822946468330335,0,0,,0.1999999900000005,54823.25833333333,27748.7,117416.0,8158,3,0
0.16622472489402346,0.11350576646964244,0,0,,-0.09090908677685969,76386.86,43753.6,114657.0,8158,4,0
-0.14321427731429331,-0.13125434025213106,0,0,,0.04761904535147403,68600.32727272727,38298.3,104748.0,8158,5,0
0.12416292608655041,0.4748042855665847,0,0,,-0.27586205945303244,78964.8,46262.7,146748.0,8158,6,0
-0.10894872472028849,-0.2372323800890792,0,0,,0.6111110771604957,53542.56206896551,16956.6,112348.0,8158,7,0
0.16903806193581777,0.2891807194638967,0,0,,0.9999998888889013,70195.11666666667,41771.0,152532.0,8158,8,0
0.30475328031881566,0.8310479193455941,0,0,,-0.18749998828125072,91582.67692307693,60335.5,120093.0,2187,0,0
5.0,0.24797235157527114,0,0,,0.3333333055555579,50016.5375,27858.0,49077.0,2187,1,0
-0.9462103920260743,-0.43735198056700214,0,0,,-0.36842103324099823,40078.241666666676,30787.9,29972.0,2187,2,0
-0.036268785351641956,-0.0320302009352569,0,0,,-0.13636363016528952,71231.46315789473,45804.3,151696.0,2187,3,0
0.08126706036735733,0.11589844621827756,0,0,,0.2222222098765439,73588.5181818182,38244.3,172090.0,2187,4,0
3.798318581075649,0.7284406795512072,0,0,,0.0,65945.53333333334,35560.5,127190.0,2187,5,0
-0.7932313770055576,-0.4672211805898524,0,0,,-0.14285713605442207,38153.194444444445,25414.2,83707.0,2187,6,0
0.3344491989680674,0.31171880280587805,0,0,,0.0,71611.69523809523,45436.1,151490.0,2187,7,0
-0.16782678524081787,-0.18163070754328567,0,0,,0.0,54593.78571428572,22495.2,104988.0,2187,8,0
-0.28246240165746195,-0.17516414623923102,0,0,,0.615384568047341,66710.4523809524,34297.3,199293.0,2187,9,0
0.16614631806674685,0.4133081418896755,0,0,,-0.19999998666666757,23712.766666666663,4255.1,55615.2,4725,0,0
-0.14366371287239316,-0.3724276936311,0,0,,0.0,16778.2,4711.0,85229.8,4725,1,0
0.16691637099340886,0.19632889568640666,0,0,,-0.11764705190311459,26735.08666666667,14380.4,74529.8,4725,2,0
0.19667739847090676,-0.33611375854264897,0,0,,0.06249999609375024,22347.605882352942,5196.7,81929.8,4725,3,0
-0.1677401976285313,-0.25639645315532356,0,0,,0.23076921301775286,33661.799999999996,21582.1,97629.8,4725,4,0
-0.14544604645427947,0.2689949715835339,0,0,,0.6249999218750099,45268.47692307693,29923.8,93476.6,4725,5,0
-0.16594029609678532,0.9303419522194548,-4,1,,-0.21428569897959293,7829.990909090909,-3894.8,18877.4,3711,0,1
2.1014166664915486,1.9135599487332915,-1,5,,0.9999998571428775,4056.271428571428,-6252.2,19111.300000000003,3711,1,1
5.0,-1.3684649499650599,2,6,,-0.5333332977777802,-4440.071428571428,-6235.8,217.6,3711,2,1
-0.9986007862245156,-0.7506616565109676,4,4,,-0.3181818037190089,12050.186666666666,-6018.2,37245.6,3711,3,1
-0.0259980292456698,-0.22557706068482436,0,0,,0.5714285306122479,48328.65454545454,5109.1,107290.79999999999,3711,4,1
1.930687537400891,1.6668507274728837,0,0,,0.9999998571428775,62406.021428571425,27706.0,117017.6,3711,5,1
0.16046622952652392,-0.3667019032637995,0,0,,-0.13333332444444504,16735.223076923077,7874.9,38429.2,9631,0,0
-0.14148278129221553,-0.04673328282841872,0,0,,0.2499999791666684,26425.506666666668,6755.6,58243.799999999996,9631,1,0
0.13065786032477716,0.4985675806054978,0,0,,-0.36842103324099823,27720.999999999996,22333.3,34243.799999999996,9631,2,0
-0.20086045796328006,-0.16271513280649816,0,0,,0.11764705190311459,18498.331578947364,5438.0,37743.799999999996,9631,3,0
0.8314770588251386,-0.1956445712014137,0,0,,0.0,22093.235294117643,12311.0,63263.799999999996,9631,4,0
-0.4810201806709871,0.7155992521558178,0,0,,-0.10526315235457093,27467.005882352936,18714.1,29540.799999999996,9631,5,0
0.32201966273147076,-0.38342475225599226,0,0,,-0.13636363016528952,16010.152631578945,4996.7,54878.799999999996,9631,6,0
-0.1241263028210344,-0.4766567115431101,0,0,,0.2941176297577865,25966.259090909098,3202.3,77903.79999999999,9631,7,0
0.059522874433611844,0.32736709275683323,0,0,,0.8888887901234679,49616.11176470588,35029.2,61029.2,9631,8,0
2.296693446497796,3.8986756360062604,0,0,,3.499998250000875,37379.34444444445,19061.0,6400.0,9631,9,0
0.22186112542437586,-0.15483087080324875,1,1,,-0.12499999218750048,20007.149999999998,-1692.3,44490.0,7052,0,1
-0.03093771797253159,0.06360738517410135,0,0,,-0.15789472853185638,23672.3625,8004.2,53429.0,7052,1,1
0.039960049063103756,0.5462251242628487,-4,0,,-0.09523809070294806,22256.673684210527,9180.0,59267.0,7052,2,1
1.0299944872215423,-0.5471472453858218,4,4,,0.615384568047341,14394.200000000003,-1513.8,46810.7,7052,3,1
-0.2383497949857453,0.8018566785478194,0,0,,0.6249999218750099,31785.607692307698,19438.2,38600.0,7052,4,1
0.16645987878102791,0.0690635864499815,-5,20,,-0.09999999666666677,187.39259259259273,-4275.0,23334.6,2335,0,1
-0.14308307654341387,-0.7012421417984478,-1,25,,-0.09090908815427007,175.28666666666672,-3180.9,15997.300000000001,2335,1,1
0.16689923846228996,-0.5980427319564539,17,26,,0.031249999023437534,586.7181818181818,-3862.3,40273.1,2335,2,1
-0.1428863004079427,3.291043101338075,-8,9,,0.032258063475546335,1459.6531249999998,-2847.7,25139.5,2335,3,1
0.16599832935109007,0.7802672769609311,-3,17,,0.0,-637.1129032258065,-7631.1,30341.999999999996,2335,4,1
-0.18893570696109424,-1.566109062707997,17,20,,-0.031249999023437534,-2899.490322580645,-17030.4,51979.799999999996,2335,5,1
0.22543539913321237,-0.5396578544944836,3,3,,0.032258063475546335,5121.7875,-10318.5,55579.0,2335,6,1
0.19307419656523186,-0.3803019949310091,0,0,,0.06896551486325811,11126.045161290325,5260.4,47781.799999999996,2335,7,1
-0.17503183645315026,-0.3997654920208704,0,0,,0.15999999360000025,17953.97931034483,9608.1,49121.799999999996,2335,8,1
-0.2185454439565382,-0.13060308806405052,0,0,,1.083333243055563,29911.607999999997,10459.3,68461.2,2335,9,1
2.6421017756001786,3.2496304755538157,0,0,,4.99999750000125,34405.008333333324,15136.0,20100.0,2335,10,1
0.16186312946715667,0.0330287726271541,0,0,,-0.21428569897959293,62939.063636363644,38749.3,76429.2,4784,0,0
-0.14146878751768946,0.002624733761538111,0,0,,0.07692307100591762,60926.72857142857,37238.0,93743.80000000002,4784,1,0
0.163588638798459,-0.11171245355871584,0,0,,-0.07142856632653098,60767.230769230766,35449.8,62441.799999999996,4784,2,0
-0.14165747535036782,-0.04234064692946689,0,0,,0.16666665277777895,68409.41428571429,48910.5,98589.8,4784,3,0
0.7457264634313904,1.2574731380620194,0,0,,0.9999998333333611,71433.97499999999,38070.1,76614.6,4784,4,0
0.04827305336620244,-0.4539679158481571,0,0,,-0.23076921301775286,19837.06,4376.0,28856.2,5267,0,1
-0.6091321080906112,-0.18956441698734747,0,0,,-0.18749998828125072,36329.476923076916,18412.8,67946.8,5267,1,1
0.4789232828095866,0.01787547040671017,0,0,,-0.11111110493827195,44827.100000000006,15169.4,136529.8,5267,2,1
-0.35934746365211434,-0.2931042139351813,0,0,,-0.14285713605442207,44039.86666666667,12094.0,106084.8,5267,3,1
0.8737546222630633,0.958571852042332,0,0,,0.10526315235457093,62300.36666666668,37691.2,154628.80000000002,5267,4,1
0.8411455101995007,2.486263146770438,0,0,,0.18749998828125072,31809.078947368416,3254.7,71375.79999999999,5267,5,1
5.0,0.3986405050310101,-7,0,,0.0,9124.11875,2065.7,34357.0,5267,6,1
-0.9883441845648313,-0.8758154578933774,7,7,,-0.333333319444445,6523.5625,-8657.3,45632.2,5267,7,1
2.44116659767147,-0.1865412478881063,0,0,,0.3333333148148158,52531.19583333333,16676.7,200236.8,5267,8,1
-0.7403740021721182,0.21227463152728174,0,0,,-0.3333333209876548,64577.577777777784,14237.8,139835.8,5267,9,1
0.2100026927184746,-0.3120624110911057,0,0,,0.28571427210884415,53269.75925925925,4672.4,210374.8,5267,10,1
5.0,0.13418994906380932,0,0,,0.22222219753086697,37697.66363636364,25747.1,37402.2,1580,0,0
-0.9254678160752479,-0.3189620464339634,0,0,,-0.3571428316326549,33237.52222222222,28829.3,3843.7999999999997,1580,1,0
0.24879062621993467,0.10325534071534187,0,0,,0.07692307100591762,48804.21428571428,28869.3,57550.799999999996,1580,2,0
-0.41533712025120706,-0.20710614584864945,0,0,,-0.31578945706371275,44236.553846153845,30537.8,30843.8,1580,3,0
-0.11112163401695696,-0.027457163281678666,0,0,,0.2666666488888901,55791.26842105263,36963.6,135143.8,1580,4,0
3.9068696542357095,0.7916268467341123,0,0,,0.0,57366.386666666665,20070.8,79543.8,1580,5,0
-0.8451264347392039,-0.3546493206974217,0,0,,-0.44444442798353967,32019.16000000001,12084.9,68528.79999999999,1580,6,0
-0.12566586976320349,-0.1496866889908714,0,0,,0.12499999479166687,49615.13333333333,19940.2,160714.80000000002,1580,7,0
1.6383353274127033,0.75231169224205,0,0,,0.4117646816609011,58349.23750000001,27629.6,179143.8,1580,8,0
-0.611531835777668,-0.5484874998119196,0,0,,-0.2272727169421492,33298.43529411765,16981.7,60947.8,1580,9,0
1.1782034298421584,0.6822671550475697,0,0,,2.1428568367347376,73748.64545454546,29991.5,206153.2,1580,10,0
-0.22264909263144053,0.2674732699739839,0,0,,-0.04347825897920613,64930.05454545454,57411.7,35482.8,666,0,0
0.196126801477758,0.13229320927150987,0,0,,0.0,51227.94782608695,42677.6,45602.799999999996,666,1,0
-0.09813024827489482,-0.07433172630504876,0,0,,-0.32352940224913523,45242.65217391305,36264.3,33762.8,666,2,0
0.21889609545047495,0.037980208367193416,0,0,,0.35999998560000057,48875.66470588236,34218.3,63862.8,666,3,0
-0.22613128077015832,-0.046441639566828626,0,0,,0.041666664930555625,47087.28,37841.2,44362.8,666,4,0
0.21684946742157332,0.08582553085953512,0,0,,-0.03999999840000006,49380.59583333335,34162.4,58948.2,666,5,0
-0.27552543139537816,0.2562042529469678,0,0,,-0.2424242350780535,45477.468,35508.1,36762.799999999996,666,6,0
0.4711708246345056,-0.019825530339074717,0,0,,0.26923075887574005,36202.28787878788,18592.5,58122.799999999996,666,7,0
-0.14209047506663286,-0.21471271612470502,0,0,,1.1666665694444527,36934.53461538462,30447.6,46182.799999999996,666,8,0
0.46485824853881474,1.1444583977921057,0,0,,0.7142856122449125,47033.15,39420.6,43474.6,666,9,0
0.16365379658802096,0.22463319826308842,0,0,,-0.23529410380622917,44545.4923076923,30523.4,46819.2,7176,0,0
-0.14248203300541792,-0.11693667619777905,0,0,,-0.10526315235457093,36374.55882352941,26882.6,59973.799999999996,7176,1,0
0.1645560842361825,-0.11365829336215375,0,0,,-0.13636363016528952,41191.33684210526,22319.0,84253.8,7176,2,0
0.19695506501857254,-0.08605593688580696,0,0,,0.37499997656250145,46473.42727272727,28752.2,73773.79999999999,7176,3,0
-0.16391902405864703,0.37005487028435935,0,0,,-0.1999999900000005,50849.3125,32978.4,66243.79999999999,7176,4,0
-0.14373786557378784,-0.23230867500303856,0,0,,0.24999998437500096,37114.8,19426.7,66933.8,7176,5,0
0.16875729560715821,0.06471175706414604,0,0,,0.7777776913580343,48345.993749999994,35380.1,95659.2,7176,6,0
1.8469125474582924,1.624716120651108,0,0,,1.9999993333335555,45407.58888888889,26391.9,55600.0,7176,7,0
0.3711490662994925,0.2051851020395965,0,0,,-0.14285713605442207,36304.07777777777,1008.2,180755.2,10857,0,1
0.8065139172411346,4.626112558207504,-7,0,,0.1666666574074079,30123.238095238095,3003.7,42810.2,10857,1,1
-0.18666768969995864,-0.4774563178774488,4,7,,-0.05263157617728546,5354.183333333333,-4566.2,29304.7,10857,2,1
0.07555512443046176,-0.20978443347431985,1,3,,0.0,10246.384210526314,-13832.8,93996.99999999999,10857,3,1
0.5682922509498222,-0.3122502547859019,2,2,,0.3571428316326549,12966.56842105263,-2132.2,60851.0,10857,4,1
-0.43591878242246496,-0.46562161848503303,0,0,,-0.17647057785467188,18853.614285714288,3494.8,37043.8,10857,5,1
2.0718057062905504,-0.007192948487949534,0,0,,0.699999930000007,35281.394117647054,3338.9,96929.2,10857,6,1
-0.5815885254954312,-0.13891672715904593,0,0,,0.0,35537.009999999995,19947.0,24200.0,10857,7,1
0.16368636494111258,0.34035587988175453,0,0,,-0.11111110493827195,70802.125,54714.4,47302.2,2986,0,0
-0.14182201754564563,-0.022861528931528388,0,0,,-0.09999999500000024,52823.37777777777,39586.7,44016.799999999996,2986,1,0
0.1640763943724546,-0.04078901318788141,0,0,,-0.19999999200000032,54059.255000000005,28816.4,94776.8,2986,2,0
0.19752016363281819,0.012711094566573745,0,0,,0.31578945706371275,56358.043999999994,42351.8,70516.8,2986,3,0
-0.16455865613040058,0.03904289588359889,0,0,,-0.17391303591682453,55650.66315789474,37291.8,71635.8,2986,4,0
-0.14112377278507368,0.05266785144119976,0,0,,0.0,53559.54347826087,36021.7,70836.79999999999,2986,5,0
0.16755408194309965,0.2810170069641622,0,0,,-0.1481481426611799,50879.81304347827,31849.4,71296.79999999999,2986,6,0
-0.14195858530955605,-0.05417014166583506,0,0,,0.12499999479166687,39718.2962962963,24962.3,64456.8,2986,7,0
0.1643428445591746,-0.17877051589118134,0,0,,0.4999999687500019,41993.06666666666,26082.7,80546.8,2986,8,0
-0.13828964362948085,0.28365637460863746,0,0,,0.9999998750000157,51134.387500000004,40380.3,75496.6,2986,9,0
-0.7593220739581125,-0.2659862847503364,0,0,,-0.41666664930555625,49813.80714285715,36761.9,55661.2,103,0,1
0.6701493395479893,0.20870576562671406,0,0,,0.3333333148148158,67864.95416666666,44179.3,139190.8,103,1,1
-0.12986103280257724,0.5202632104239953,-2,0,,-0.3333333209876548,56146.794444444444,35070.1,122864.8,103,2,1
1.9767213879588597,0.8003564686474355,2,2,,0.4210526094182837,36932.28518518518,-1139.8,79032.20000000001,103,3,1
-0.5592577860108471,-0.5225939656529853,0,0,,-0.17391303591682453,20513.873684210528,4759.8,45141.7,103,4,1
0.3640149247299967,-0.29854891567782116,0,0,,0.0,42969.44782608695,379.0,116741.40000000002,103,5,1
-0.41130905786373817,-0.0822566563594119,0,0,,0.6428570969387788,61257.939130434774,37026.6,96259.8,103,6,1
5.0,1.0257494038275303,0,0,,5.0,66748.44285714287,30700.0,99400.0,103,7,1
0.4411764704584775,0.21586715866362113,0,0,,-0.33333322222225925,32950.0,32200.0,1500.0,103,8,1
-0.7384615384047337,0.1386554621790481,0,0,,0.0,27100.0,25400.0,1500.0,103,9,1
-0.06474820143419077,2.19463087218864,0,0,,0.499999750000125,23800.0,20100.0,0.0,103,10,1
-0.6817650821611512,-0.40371691332449894,0,0,,-0.23076922189349144,34614.43499999999,18603.1,55716.799999999996,7424,0,0
0.0018020024683855606,0.19772375306486073,0,0,,0.18181817355371938,58050.33846153846,20064.1,166931.8,7424,1,0
2.0052343763921714,0.7357018654792339,0,0,,0.0,48467.218181818185,7505.3,116006.8,7424,2,0
-0.6609279227616113,-0.5906797516172979,0,0,,-0.18518517832647488,27923.7,7526.7,49916.799999999996,7424,3,0
0.7846567252630741,0.4508927934213557,0,0,,-0.035714284438775556,68219.68888888891,27846.6,180930.8,7424,4,0
-0.5240101565600227,-0.2536854551547508,0,0,,-0.12499999609375013,47019.11071428573,26638.3,106799.79999999999,7424,5,0
0.3020047778838477,0.10042853306259322,0,0,,-0.1351351314828343,63001.734375,24695.9,152157.8,7424,6,0
-0.526729974185338,-0.22052881978190814,0,0,,0.08823529152249143,57251.999999999985,26295.9,172610.8,7424,7,0
1.7122944180162682,0.4200148940879952,0,0,,4.6666658888890185,73449.79705882353,38214.0,332532.2,7424,8,0
-0.15190623736806166,0.007394898976224028,0,0,,0.0,36896.24705882353,27752.7,54150.8,3329,0,0
0.6310700944693209,-0.12915184770375035,0,0,,0.13333332444444504,36625.405882352934,24199.4,67470.79999999999,3329,1,0
-0.3772379158189803,0.4030387041622186,0,0,,-0.37499998437500065,42057.166666666664,33201.9,43030.799999999996,3329,2,0
-0.0017575892795896508,-0.05149128526173078,0,0,,0.26315788088642733,29975.770833333332,18300.3,60470.8,3329,3,0
0.163698503110104,-0.08980856486125578,0,0,,0.18749998828125072,31603.052631578947,22291.6,59890.8,3329,4,0
-0.142086298229212,-0.09074311629830473,0,0,,-0.23809522675737013,34721.325,26538.6,45541.8,3329,5,0
0.16433926079064742,-0.20011299334862098,0,0,,1.099999890000011,38186.48571428572,26364.9,77250.8,3329,6,0
0.07570800104618833,0.7743165570280913,0,0,,0.6666665555555741,47739.85,37621.3,59549.0,3329,7,0
-0.6815843349562115,-0.37770615335776553,0,0,,-0.23076922189349144,38540.744999999995,22524.3,55716.799999999996,25,0,0
0.0018015222589191128,0.18397928883697853,0,0,,0.18181817355371938,61933.35384615384,23926.9,166931.8,25,1,0
2.0036293328678747,0.6490889383286153,0,0,,0.0,52309.49090909092,11339.0,116006.8,25,2,0
-0.6606642994503198,-0.539195381550958,0,0,,-0.21428570663265334,31720.236363636366,11316.6,49916.799999999996,25,3,0
0.7839899725663637,0.36646109360539375,0,0,,0.07692307396449716,68836.62857142856,31621.9,183430.80000000002,25,4,0
-0.5238812338004136,-0.1822862514729647,0,0,,-0.23529411072664383,50375.84230769231,30783.3,101499.8,25,5,0
0.3018997180883504,0.03596923326745572,0,0,,-0.05555555401234573,61605.717647058824,23427.7,155957.8,25,6,0
-0.5269103634542184,-0.20637081626735376,0,0,,0.05882352768166096,59466.744444444455,29115.5,169310.8,25,7,0
1.7138906497471926,0.4486345309429189,0,0,,4.6666658888890185,74930.13823529413,39510.0,331332.2,25,8,0
-0.4235029132234838,0.04441737062060462,0,0,,-0.14999999250000037,92655.0588235294,62059.4,97734.20000000001,4342,0,0
-0.29547983228706587,-0.14540774823920602,0,0,,-0.1304347769376184,88714.59,32503.7,146914.80000000002,4342,1,0
0.23598945333480778,0.4694602217989625,0,0,,-0.1481481426611799,103809.2608695652,76510.6,153648.80000000002,4342,2,0
1.7909369849249404,0.03302208343422679,0,0,,0.588235259515573,70644.48518518519,35213.5,135066.80000000002,4342,3,0
-0.6899859380967135,-0.1342231131840001,0,0,,-0.2608695538752368,68386.2294117647,40351.7,45113.799999999996,4342,4,0
1.4258046906643111,0.5864745079706292,0,0,,0.0,78988.28260869566,28078.5,152548.80000000002,4342,5,0
-0.03787860527319345,0.034724556593317864,0,0,,0.09523809070294806,49788.56086956521,31878.5,88980.8,4342,6,0
-0.44241232860120183,-0.07084633856237886,0,0,,-0.22222221399176983,48117.69523809523,21842.9,63048.799999999996,4342,7,0
0.9800328304053936,0.007314997260407324,0,0,,0.17391303591682453,51786.58518518518,29117.8,125321.8,4342,8,0
-0.42844059831624776,0.16088643301065023,0,0,,1.299999870000013,51410.51739130435,13195.9,152517.80000000002,4342,9,0
-0.06040535977589361,-0.2838015279186062,0,0,,-0.06666666444444451,56561.57857142857,18748.1,119872.8,10789,0,0
-0.09606104797812899,0.06023723870826205,0,0,,0.19999999200000032,78974.72666666665,36170.9,235280.80000000002,10789,1,0
0.270935347021473,0.6580766823350763,0,0,,-0.2647058745674743,74487.788,20690.2,124769.8,10789,2,0
0.09195101304997881,-0.2562899091693213,0,0,,0.21428570663265334,44924.21176470588,23695.1,197479.8,10789,3,0
0.09590665391132627,0.23354589287216596,0,0,,-0.034482757431629055,60405.54285714286,31449.7,100266.8,10789,4,0
0.6630799530788422,0.047986763342281157,0,0,,0.11538461094674572,48969.027586206896,2885.5,123108.8,10789,5,0
-0.6763702805809859,-0.32186359191839103,0,0,,-0.3809523718820864,46726.76153846155,17125.5,105171.79999999999,10789,6,0
0.04074500838219276,0.023435178126427626,0,0,,0.9999999523809546,68904.66428571429,33818.2,292027.80000000005,10789,7,0
-0.3336053582410996,-0.2699126945222686,0,0,,0.0,27910.89411764706,22544.9,44343.8,8505,0,0
-0.13714390267990803,0.027411936802834283,0,0,,0.06249999609375024,38229.529411764706,31095.4,41203.8,8505,1,0
0.16044309566104165,0.06491431355500243,0,0,,-0.27272726033057904,37209.54375,30770.2,40403.8,8505,2,0
-0.14224244185570936,-0.11024195696145758,0,0,,0.09999999500000024,34941.35,26385.7,44963.799999999996,8505,3,0
0.16899712258938698,0.043717435837939696,0,0,,0.3333333111111126,39270.619999999995,31458.2,43143.799999999996,8505,4,0
-0.225861121743622,0.48074050955071174,0,0,,0.499999950000005,37625.719999999994,30019.6,50814.6,8505,5,0
-0.4013148725097304,-0.3505705175876034,0,0,,-0.3124999804687512,24506.81818181818,11068.7,61337.2,11244,0,0
-0.37811199838683485,-0.05090579112333417,0,0,,-0.05882352595155729,37735.91875,5724.6,67438.79999999999,11244,1,0
2.852471024094843,0.26387505579531395,0,0,,-0.055555552469135974,39759.92941176471,338.4,88628.79999999999,11244,2,0
-0.8635712183675985,-0.5501177857754149,0,0,,-0.45454544077135034,31458.75,2919.4,105305.8,11244,3,0
0.6914116654951533,0.7228698721746336,0,0,,0.3199999872000005,69926.63636363637,13171.8,198779.80000000002,11244,4,0
-0.17893940367896924,-0.3209641608162419,0,0,,-0.07407407133058995,40587.299999999996,15442.7,170103.8,11244,5,0
2.0289206898369763,0.7070060702785007,0,0,,1.9999997777778027,59771.955555555556,16105.1,198021.8,11244,6,0
0.22452383592104555,0.0537581847806705,0,0,,0.06666666444444451,64867.08125,33329.9,152887.2,7594,0,0
2.6304699121246546,0.9810983884913801,0,0,,0.3043478128544429,61557.843333333345,28442.3,119488.8,7594,1,0
-0.7312071178348918,-0.32738211297717373,0,0,,-0.17857142219387778,31072.582608695655,25532.8,20815.8,7594,2,0
0.957440832905545,-0.09086739296265162,0,0,,0.0,46196.485714285714,22355.7,104081.80000000002,7594,3,0
-0.4870492303972137,-0.21516472142869925,0,0,,-0.19999999428571447,50813.80357142857,24520.7,108750.80000000002,7594,4,0
-0.3920110122936235,0.14552865307294455,0,0,,-0.054054052593133714,64744.545714285705,34796.9,129960.8,7594,5,0
1.5348488469672354,0.3314310602247269,0,0,,0.2333333255555558,56519.359459459454,26021.7,169595.80000000002,7594,6,0
-0.19253836326968968,-0.03645674327172773,0,0,,0.0,42450.08333333334,13301.0,123856.8,7594,7,0
2.193372792843675,-0.10719128676852216,0,0,,0.24999998958333375,44056.22999999999,16865.6,51515.8,7594,8,0
-0.8219476736044051,-0.3260259396555773,0,0,,1.1818180743801752,49345.65416666667,25302.9,73189.2,7594,9,0
0.2872354924227204,-0.14476812227149818,0,0,,0.0,75013.94166666667,45330.0,94500.0,4631,0,0
-0.13911312417706692,0.13263412498453017,0,0,,-0.24999998437500096,87711.81666666667,67668.6,32100.0,4631,1,0
0.09860238219544283,0.588638972940465,0,0,,-0.15789472853185638,77440.55625,60049.7,61300.0,4631,2,0
-0.0865243032990987,-0.10149707947081431,0,0,,0.055555552469135974,48746.478947368414,30927.1,44800.0,4631,3,0
0.7478792045406195,0.5302681946258045,0,0,,0.12499999218750048,54253.0,41993.0,64100.0,4631,4,0
-0.4266413897409768,-0.1832494580412404,0,0,,0.0,35453.2625,23330.6,55518.0,4631,5,0
0.11547757664129903,-0.0037857586013195312,0,0,,0.7777776913580343,43407.7,28725.5,94529.0,4631,6,0
2.048033683006435,2.711153696690606,0,0,,3.499998250000875,43572.65555555556,25782.0,23800.0,4631,7,0
-0.5725322437364001,-0.5388665685857904,0,0,,-0.1304347769376184,33763.844999999994,16307.5,103030.2,7745,0,0
-0.2218949900163217,0.12100651865282187,0,0,,-0.11538461094674572,73219.25217391306,32861.1,213559.80000000002,7745,1,0
1.2937583411538058,1.0336130448354468,0,0,,0.29999998500000075,65315.63461538462,23671.9,250529.8,7745,2,0
0.7778935755507626,0.2599772860511755,0,0,,0.11111110493827195,32118.025,11866.6,63123.799999999996,7745,3,0
0.7543788732380939,0.030950064061381802,0,0,,0.12499999218750048,25490.955555555556,2860.6,49763.799999999996,7745,4,0
-0.6450109284363299,-0.5183242516474154,0,0,,-0.23809522675737013,24725.69375,10163.4,48823.799999999996,7745,5,0
0.14631502693239742,-0.07155535145067303,0,0,,1.3333331851852017,51332.65238095238,21631.7,165829.80000000002,7745,6,0
0.48702476794442157,1.195948790547339,0,0,,1.9999993333335555,55288.86666666667,40533.0,71300.0,7745,7,0
0.1643636224295644,0.16104165029817746,0,0,,-0.055555552469135974,22515.564705882352,15422.6,30724.199999999997,6902,0,0
-0.14266362352241682,-0.10766207186247119,0,0,,0.0,19392.555555555555,14667.4,24938.799999999996,6902,1,0
0.16394006573898728,-0.06523017829652773,0,0,,-0.24999998958333375,21732.3,13979.8,37738.799999999996,6902,2,0
-0.14428462789790952,-0.2829752046796042,0,0,,0.09090908677685969,23248.825,16457.1,32738.8,6902,3,0
0.16255097739843186,-0.0876975159171076,0,0,,0.0,32424.018181818185,24794.1,38238.799999999996,6902,4,0
-0.14275042647358144,-0.1427093049897331,0,0,,0.04761904535147403,35540.86363636363,26345.0,41638.799999999996,6902,5,0
0.16598569645306416,0.05174088434301641,0,0,,0.615384568047341,41457.190476190466,33279.7,39738.799999999996,6902,6,0
-0.03913154627008227,1.0001188246541517,0,0,,0.857142734693895,39417.68461538461,33736.3,21579.6,6902,7,0
0.15885242357825513,-0.03194061949601535,0,0,,-0.11538461094674572,74801.82173913044,56893.6,56094.2,10711,0,0
-0.14216128219406915,-0.06680573680339412,0,0,,0.08333332986111125,77269.86923076924,60020.4,74828.8,10711,1,0
0.1642797054923544,-0.005608897837860723,0,0,,-0.03999999840000006,82801.48333333334,65147.4,77308.8,10711,2,0
-0.14094935753445184,0.00042270525696457093,0,0,,-0.13793102972651622,83268.52799999999,68621.7,65748.8,10711,3,0
0.729705931789769,-0.03735550574667964,0,0,,0.07407407133058995,83233.3448275862,64270.5,74308.8,10711,4,0
-0.4218123209115097,0.04043354640010298,0,0,,0.0,86463.22222222222,66461.1,71272.79999999999,10711,5,0
0.16473205173229258,0.06837472835618208,0,0,,-0.035714284438775556,83103.07037037039,61888.9,69308.8,10711,6,0
-0.13975091991807878,0.0161466741404946,0,0,,0.5555555246913597,77784.5714285714,59875.6,64108.799999999996,10711,7,0
0.12589882897716556,1.059598072621552,0,0,,1.2499998437500197,76548.56666666667,46845.5,59565.6,10711,8,0
0.16428653631880716,0.000793566818302339,0,0,,-0.19999998666666757,33420.03333333333,17279.4,86233.2,6686,0,0
-0.1417407461723952,-0.07298955270391151,0,0,,0.15384614201183525,33393.53333333333,20090.4,76200.8,6686,1,0
0.16468461654802438,0.10201331226089379,0,0,,0.0,36022.82307692308,20909.6,83996.8,6686,2,0
-0.14283022441471932,-0.19503620569657143,0,0,,-0.23529410380622917,32688.192307692305,19514.5,78123.79999999999,6686,3,0
0.7425162128746566,0.01952539833036417,0,0,,0.06249999609375024,40608.27647058823,20807.5,119871.80000000002,6686,4,0
-0.4269084073619353,-0.19569662498561524,0,0,,-0.11111110493827195,39830.56875,17661.7,72535.79999999999,6686,5,0
0.16733644950033927,0.46138498472155903,0,0,,-0.05263157617728546,49521.822222222225,24286.6,100643.79999999999,6686,6,0
-0.14216465414757481,-0.11766336461717239,0,0,,-0.04999999750000012,33886.91052631579,10490.7,89548.8,6686,7,0
0.16409527283864725,-0.0695747389975192,0,0,,0.17647057785467188,38405.875,17421.8,98433.8,6686,8,0
-0.141016616892384,-0.2543663590161277,0,0,,0.8888887901234679,41277.76470588235,22251.1,85262.79999999999,6686,9,0
0.7385560899976145,0.9302813556134655,0,0,,0.49999991666668053,55359.311111111114,36355.2,90000.0,6686,10,0
0.18950562090111633,0.10526904791676117,0,0,,-0.18181817355371938,76337.3611111111,51025.8,118865.0,339,0,0
-0.14210306885836946,-0.01683240664335276,0,0,,0.0,69066.76818181817,42951.2,100026.0,339,1,0
0.16601648602306646,0.10408569008951334,0,0,,-0.11999999520000018,70249.2318181818,44665.6,141295.0,339,2,0
-0.142290184748232,-0.09534857604201448,0,0,,-0.03846153698224858,63626.612,32718.5,122171.0,339,3,0
0.1683426260964056,0.7492828452059219,0,0,,0.1304347769376184,70332.73846153847,39124.6,155910.0,339,4,0
-0.14345402123182546,-0.3114315578989155,0,0,,-0.11538461094674572,40206.61304347826,10403.3,108618.0,339,5,0
0.1648117713383842,-0.10338733173902116,0,0,,0.0,58391.60000000001,16703.3,190382.0,339,6,0
-0.14280056957854742,-0.22140813472699528,0,0,,1.3636362396694328,65124.66538461538,30201.1,148329.0,339,7,0
2.4837951811795116,1.5782240802521807,0,0,,1.7499995625001092,83644.16363636362,49425.2,150300.0,339,8,0
0.5724063471089175,0.3476779990983971,0,0,,0.11111110493827195,71072.28499999999,46940.2,214029.2,2445,0,0
0.6741385747318698,-0.20043567121377417,0,0,,0.12499999218750048,52736.84444444445,21438.8,123480.8,2445,1,0
-0.5919252299313675,-0.026781144555376613,0,0,,-0.27272726033057904,65956.975,30486.1,126166.79999999999,2445,2,0
5.0,2.792887581794385,0,0,,0.6923076390532585,67771.98636363634,22692.2,157443.80000000002,2445,3,0
-0.7134347967969379,-0.6851598250242351,0,0,,-0.13333332444444504,17868.17692307692,11824.1,24743.8,2445,4,0
-0.4144392151761713,0.30228166092650155,0,0,,-0.11764705190311459,56753.16666666667,26431.8,86343.8,2445,5,0
-0.07277629106458694,0.12976763054358803,0,0,,-0.2608695538752368,43579.794117647056,13505.5,56442.799999999996,2445,6,0
-0.5740451296399327,-0.48804349713377754,0,0,,0.0,38574.12173913042,19337.9,108145.8,2445,7,0
1.4022720159385467,0.3975993021563502,0,0,,1.8749997656250295,75346.48260869563,29431.9,265093.80000000005,2445,8,0
0.15681477373199731,0.5519040046907867,-4,0,,-0.15384614792899431,15471.963636363631,1296.7,30510.2,4794,0,1
-0.13574135275663568,-0.1232456491024105,4,4,,0.18181817355371938,9969.665384615384,-1736.2,29038.6,4794,1,1
0.1219414656092617,-0.334973657351031,0,0,,-0.11999999520000018,11371.104545454546,991.3,24424.8,4794,2,1
0.1545854738751584,-0.30335603656271426,0,0,,-0.10714285331632667,17098.728,2043.9,33384.8,4794,3,1
-0.20091559739146236,-0.008171977136686649,0,0,,0.07692307396449716,24544.42857142857,7186.4,65561.79999999999,4794,4,1
-0.038367206337609906,-0.09968310049725393,0,0,,0.03999999840000006,24746.65769230769,16436.0,45024.8,4794,5,1
0.11148973317141203,-0.14274372494107293,0,0,,1.7777775802469358,27486.607999999997,7196.8,81426.2,4794,6,1
1.9696532119403265,2.4310825750920904,0,0,,3.499998250000875,32063.466666666667,20090.0,23300.0,4794,7,1
0.04799339129748393,0.0495546792679641,0,0,,0.0,53915.58888888889,16841.4,115233.0,5196,0,0
-0.41829017838941035,-0.3257860190279066,0,0,,-0.21739129489603065,51369.96666666666,11348.1,95805.0,5196,1,0
-0.09531676238985633,0.17243467530262857,0,0,,-0.1481481426611799,76192.37826086955,45910.7,187657.0,5196,2,0
1.8145827009959155,0.4235642482641887,0,0,,0.49999997222222375,64986.459259259245,22325.2,156705.0,5196,3,0
-0.5688030343548346,-0.22469608333666438,0,0,,0.4999999583333368,45650.527777777774,22069.7,77605.0,5196,4,0
-0.06253975726612163,0.7724376987984767,0,0,,-0.06249999609375024,62690.11333333336,36561.3,65423.0,4052,0,0
0.037514173571194825,-0.3261136783976913,0,0,,0.06666666222222252,35369.431249999994,19144.6,64563.0,4052,1,0
-0.10589531995396391,0.516709744070763,0,0,,-0.37499998437500065,52485.75333333333,44234.7,48413.0,4052,2,0
0.6020326997592487,-0.2922382935507239,0,0,,0.5999999600000027,34605.00833333333,12817.5,84953.0,4052,3,0
-0.1619878550959379,0.5506152531877744,0,0,,-0.1666666574074079,48893.58666666666,38961.7,46090.0,4052,4,0
-0.29024715271191476,-0.08031147447571643,0,0,,0.3846153550295881,31531.73333333333,22199.8,44851.0,4052,5,0
0.3488469993860992,0.18399981935522833,0,0,,0.6249999218750099,34285.230769230766,3969.4,98712.0,4052,6,0
0.8185288122539739,0.2322792869112301,0,0,,0.2222222098765439,68423.84090909093,34126.1,136842.0,5602,0,0
-0.4534708684076868,-0.24121451544182418,0,0,,-0.05263157617728546,55526.24444444444,28633.7,93542.0,5602,1,0
-0.1002367979272689,0.09234357875869198,0,0,,-0.04999999750000012,73177.78947368421,24901.0,123400.0,5602,2,0
5.0,2.36793581181583,0,0,,0.8181817438016598,66991.55000000002,28587.1,171536.0,5602,3,0
-0.02606003425579487,0.12559080538530934,0,0,,-0.15384614201183525,19890.981818181815,17381.3,6100.0,5602,4,0
0.23177515257627004,-0.17587734732437552,0,0,,0.0,17671.59230769231,14855.3,12500.0,5602,5,0
-0.42591848893499856,0.014284961522751891,0,0,,0.1818181652892577,21442.915384615382,19127.6,12400.0,5602,6,0
-0.8389444342353769,-0.6556826798894542,0,0,,-0.4499999775000011,21140.91818181818,16478.9,7300.0,5602,7,0
-0.6470923042745493,-0.30989700963135536,0,0,,0.05263157617728546,61399.51999999998,16501.9,130600.0,5602,8,0
5.0,4.564546349013873,0,0,,5.0,88971.53157894737,51244.3,236667.0,5602,9,0
-0.6002216077824186,-0.12139704462476301,0,0,,-0.2962962853223598,59095.189473684215,33756.2,118867.20000000001,6157,0,0
0.138525796445757,-0.18202756871294515,0,0,,0.0,67260.4037037037,29299.6,281126.8,6157,1,0
1.2805804297456473,0.7078109910468009,0,0,,0.2272727169421492,82228.20370370371,49773.8,303212.8,6157,2,0
-0.11991462284959103,-0.22799574129574685,0,0,,-0.04347825897920613,48148.304545454535,19362.2,70921.8,6157,3,0
-0.05172940537637168,0.17910951013257803,0,0,,0.0,62367.92608695653,20059.8,149360.80000000002,6157,4,0
1.800273765347286,0.43795908444855824,0,0,,0.21052630470914185,52894.09130434783,13348.2,80712.8,6157,5,0
-0.6620607951343516,-0.48417657592748253,0,0,,0.11764705190311459,36784.142105263156,15471.2,83051.8,6157,6,0
3.634295475819527,2.0819446829541732,0,0,,3.2499991875002032,71311.5,27339.9,134537.6,6157,7,0
0.1628549521552676,-0.018430179356012183,0,0,,-0.19999998666666757,64882.21666666667,23247.9,79265.20000000001,10280,0,0
-0.1416731363915428,0.08220703209426462,0,0,,-0.1666666574074079,66100.46,43309.5,71453.8,10280,1,0
0.16692218164910494,0.17497006808098836,0,0,,0.0,61079.311111111114,46644.8,104399.8,10280,2,0
-0.14260222211045454,-0.054394032524926056,0,0,,-0.18181817355371938,51983.71666666667,34641.0,79153.8,10280,3,0
0.16695167817027426,0.09600900292516094,0,0,,0.2222222098765439,54973.97272727273,31863.6,137221.8,10280,4,0
-0.14447515454721757,-0.2519643113079524,0,0,,0.12499999218750048,50158.322222222225,34223.6,80191.8,10280,5,0
0.16723715962804567,-0.12437368379576007,0,0,,0.7777776913580343,67053.38125,31993.5,157409.80000000002,10280,6,0
0.9863599963551171,1.0764644836036306,0,0,,1.249999687500078,76577.62222222221,54861.2,79400.0,10280,7,0
0.02889077391321527,0.2169796188310975,0,0,,0.2857142653061239,58949.727777777785,25562.8,113260.0,10478,0,0
0.1135193618634758,0.1268342895021901,0,0,,-0.17647057785467188,48439.37142857142,24036.8,80390.0,10478,1,0
0.34192810217821923,0.22805263776455212,0,0,,-0.10526315235457093,42987.12941176471,12138.3,79627.0,10478,2,0
-0.6707662919011539,-0.43734785272384624,0,0,,-0.38709676170655605,35004.305263157905,8821.3,79450.0,10478,3,0
0.38900908965551406,-0.24898779835112533,0,0,,0.6315789141274255,62213.04838709677,11562.7,268398.0,10478,4,0
0.7122533856650841,0.371671510252451,0,0,,0.0,82838.93157894738,46242.5,128990.0,10478,5,0
-0.6336819232745666,-0.25796447525782845,0,0,,-0.13636363016528952,60392.6894736842,5691.7,123590.0,10478,6,0
5.0,1.780168867944089,0,0,,2.6666662222222963,81387.86818181821,58382.6,195260.0,10478,7,0
4.533524207746304,-0.009506999562646211,0,0,,0.0,29274.433333333334,27977.6,2400.0,10478,8,0
-0.9585472240231696,-0.02764800838621423,0,0,,-0.1428571224489825,29555.416666666668,28058.6,4200.0,10478,9,0
-0.5728463390691264,1.4079695792277618,0,0,,1.333332888889037,30395.800000000007,25469.0,1800.0,10478,10,0
0.01902664198450725,0.20475144791297753,0,0,,-0.17391303591682453,29342.915789473685,20910.1,26481.2,4550,0,0
-0.022015687608948495,-0.1079749806220476,0,0,,0.09523809070294806,24355.991304347826,14908.9,21875.8,4550,1,0
0.010018714826705372,0.303562640567758,0,0,,-0.15999999360000025,27304.157142857144,19859.8,26975.8,4550,2,0
-0.008354591418235984,-0.1085787138841268,0,0,,-0.10714285331632667,20945.796,13302.6,24315.800000000003,4550,3,0
0.7377594684570772,0.03286270055814258,0,0,,0.21739129489603065,23497.078571428567,17701.3,29855.8,4550,4,0
-0.4247632719946522,-0.13738196658349253,0,0,,0.4374999726562517,22749.469565217387,17236.2,27275.8,4550,5,0
0.1018110904425053,0.6624002369704423,0,0,,0.9999998750000157,26372.5875,18116.9,27338.6,4550,6,0
0.12409380636708785,0.04950142309394918,0,0,,-0.14999999250000037,52756.25882352941,29819.2,62688.2,10022,0,0
-0.09200772506012302,-0.16603339603964748,0,0,,0.0,50267.925,38267.2,75310.8,10022,1,0
0.059470853272970005,0.40379302955483515,0,0,,-0.1304347769376184,60275.704999999994,45810.4,80548.8,10022,2,0
0.3168555148213717,-0.23889068973135535,0,0,,0.0,42937.743478260876,20325.4,70789.8,10022,3,0
-0.16491484574077284,-0.029566805122152297,0,0,,1.0909089917355463,56414.68695652174,37594.0,96556.8,10022,4,0
0.20134924148566075,0.5934672359909331,0,0,,0.8333331944444675,58133.50909090909,35242.7,62578.0,10022,5,0
-0.04098101764199749,0.34187404487128686,0,0,,-0.1999999900000005,82060.65,58256.2,109108.2,3953,0,0
0.043806167306539336,0.4039544419810174,0,0,,-0.1304347769376184,61153.76499999999,21207.8,35857.9,3953,1,0
-0.015634266799724135,0.03901587371095729,0,0,,-0.07999999680000013,43558.22608695652,201.3,139725.00000000003,3953,2,0
0.013271336023586842,-0.37117561402321864,0,0,,0.31578945706371275,41922.58,3699.1,98467.8,3953,3,0
0.16141063161813746,0.2801944355422432,0,0,,0.5833332847222263,66668.18421052633,43635.1,132429.2,3953,4,0
0.16178638513435423,-0.004329599580221716,0,0,,-0.09090908264462885,15535.4,11606.1,11129.2,6075,0,1
-0.14018481415646925,0.15472167305532136,0,0,,-0.15384614201183525,15602.954545454548,9726.2,6043.8,6075,1,1
0.1625845246911605,-0.1200480368400245,0,0,,0.08333332638888948,13512.307692307691,7603.4,12143.800000000001,6075,2,1
-0.3344038094051184,0.30700959475073303,0,0,,-0.19999998666666757,15355.733333333332,12216.9,10743.800000000001,6075,3,1
0.1845447518125812,0.223473218907516,-1,0,,-0.06249999609375024,11748.753333333332,5375.9,20843.8,6075,4,1
-0.4097240465680807,-0.46674116919632497,1,1,,-0.15789472853185638,9602.7875,-1449.6,26843.8,6075,5,1
0.6591452363717674,0.12295022512582282,0,0,,0.11764705190311459,18007.742105263158,6268.2,41143.8,6075,6,1
-0.2521419576565888,-0.28369762662143627,0,0,,0.8888887901234679,16036.1,7153.0,34689.2,6075,7,1
3.58742326403472,5.0,0,0,,3.499998250000875,22387.333333333332,15853.0,5800.0,6075,8,1
0.16053079197412223,-0.0717884677067709,0,0,,0.0,50975.3875,31247.8,73736.2,7632,0,0
-0.13985953118000893,0.10209675972305017,0,0,,0.06666666222222252,54917.85625,37555.1,55190.799999999996,7632,1,0
0.16638648185169214,0.2168863502274928,0,0,,-0.06249999609375024,49830.340000000004,30502.8,47030.799999999996,7632,2,0
-0.140972202626335,0.110312890445765,0,0,,-0.1999999900000005,40949.05,27682.6,57850.799999999996,7632,3,0
0.1661105668902614,0.17960445554652,0,0,,0.0,36880.63999999999,15406.5,61350.799999999996,7632,4,0
-0.1432977102739277,-0.23116124465576318,0,0,,-0.04761904535147403,31265.26,20151.6,73010.8,7632,5,0
0.16339702683887006,-0.23105346196082724,0,0,,0.49999996428571686,40665.56190476191,26848.2,83741.8,7632,6,0
-0.18460263189975332,0.2460027106724748,0,0,,0.5555554938271674,52884.77142857144,36874.8,81087.20000000001,7632,7,0
0.255916771068504,0.04889702288036876,0,0,,-0.09999999500000024,46915.71111111111,18899.3,92831.2,10134,0,0
-0.39000433220484954,-0.09287630458471205,0,0,,-0.04761904535147403,44728.615000000005,12085.2,115535.80000000002,10134,1,0
0.9857261797294492,0.2667681160888951,0,0,,0.04999999750000012,49308.176190476195,22095.4,130080.80000000002,10134,2,0
-0.4379593976834921,-0.4448018430367032,0,0,,-0.1304347769376184,38924.39,17152.7,83848.8,10134,3,0
0.02629054830658743,0.280996416823354,0,0,,0.14999999250000037,70109.00434782608,43600.9,180648.80000000002,10134,4,0
0.03779043479855485,-0.006807519437528096,0,0,,0.5384614970414233,54730.05499999999,21609.5,132913.80000000002,10134,5,0
1.2455754431330675,0.38055958368515613,0,0,,0.041666664930555625,72334.08,37524.9,124525.0,1819,0,0
-0.4097012147247538,-0.2206045654700103,0,0,,0.0,52394.75416666667,23169.9,106176.0,1819,1,0
-0.2654263990616236,0.06652579913335789,0,0,,-0.19999999333333354,67224.86666666665,24809.4,144255.0,1819,2,0
4.420659696697162,3.6238710467707578,0,0,,0.5789473379501401,63031.636666666665,8920.5,118755.0,1819,3,0
-0.0677785412565485,-0.5408214025249356,0,0,,-0.13636363016528952,13631.789473684208,5537.8,29702.0,1819,4,0
2.6169330151204804,-0.09387912582377798,0,0,,0.8333332638888947,29687.336363636376,10939.8,51463.0,1819,5,0
-0.4432931481538587,-0.2362644769964081,0,0,,0.7142856122449125,32763.108333333323,22818.1,27085.0,1819,6,0
-0.8134819734268172,-0.10653625944039849,0,0,,-0.12499998437500197,42898.5,32890.4,50600.0,1819,7,0
0.13890547905782769,-0.018917362028201566,0,0,,0.4210526094182837,90066.27777777777,53892.0,224455.2,4616,0,0
-0.3727526054235682,0.06812765457347128,0,0,,-0.32142855994898,91802.94736842104,55696.2,168023.80000000002,4616,1,0
3.0223532881539814,0.6469165873318197,0,0,,0.21739129489603065,85947.54285714286,34884.8,272223.8,4616,2,0
-0.37351864749999364,-0.13649451860232187,0,0,,0.7692307100591762,52186.943478260866,24941.8,102723.80000000002,4616,3,0
0.1632717590608539,-0.300900856676852,0,0,,-0.19999998666666757,12110.074999999999,964.7,43137.2,7240,0,0
-0.16627911838676387,-0.03916327819362742,0,0,,0.0,17322.4,6712.6,49951.799999999996,7240,1,0
0.19835510190310654,-0.059044335702473166,0,0,,0.0,18028.453333333327,5242.8,41251.799999999996,7240,2,0
-0.14299771089874205,-0.2138863997583957,0,0,,-0.2499999875000006,19159.726666666666,7072.6,40151.799999999996,7240,3,0
0.16560860263368493,0.03805851293362044,0,0,,0.11111110493827195,24372.719999999998,13733.2,60218.799999999996,7240,4,0
0.19684877341808704,-0.06944511368758018,0,0,,-0.05263157617728546,23479.13888888889,11568.8,35915.799999999996,7240,5,0
-0.23185706139053294,0.0017767646450007292,0,0,,-0.09523809070294806,25231.331578947367,12836.3,55343.799999999996,7240,6,0
-0.07011769696343095,-0.24241134933574524,0,0,,0.10526315235457093,25186.58095238095,11836.9,51672.799999999996,7240,7,0
0.16420496758172534,-0.2610735710040188,0,0,,0.4615384260355057,33245.721052631576,16268.1,69751.79999999999,7240,8,0
-0.18818018283827923,0.6890159744362483,0,0,,0.6249999218750099,44991.92307692308,34771.7,48150.6,7240,9,0
0.7389844161068919,0.010655366496324089,0,0,,0.12499999479166687,88581.8962962963,50343.4,244886.0,1407,0,0
0.0977836445308055,0.14792411869265984,0,0,,0.14285713605442207,87647.97499999999,56233.3,163812.0,1407,1,0
-0.1471568566323438,0.06955451285334152,0,0,,-0.27586205945303244,76353.45714285715,52837.5,108552.0,1407,2,0
-0.394385706911386,-0.1817485904961201,0,0,,0.0,71388.09310344826,38399.2,174152.0,1407,3,0
0.8456463514157513,0.34737061969770205,0,0,,0.4499999775000011,87244.69310344831,50944.9,269846.0,1407,4,0
-0.18294384335249037,0.14179245281105296,0,0,,0.0,64751.81499999999,30767.2,154079.0,1407,5,0
0.16327038742236868,0.26816243364844433,0,0,,-0.2222222098765439,60521.14285714285,42654.4,53854.2,8038,0,0
-0.14350534481976251,-0.20098999258168945,0,0,,0.12499999218750048,47723.49444444445,33354.2,59608.799999999996,8038,1,0
0.1631670805776982,-0.1215483762067178,0,0,,0.0,59728.28125,43429.3,88548.79999999999,8038,2,0
-0.14094044160601193,0.044046089395521786,0,0,,-0.23809522675737013,67992.68125,49586.5,67788.79999999999,8038,3,0
0.16567135368800992,0.08908488000388463,0,0,,0.1666666574074079,65124.21428571426,44130.9,65988.8,8038,4,0
-0.13928242088110324,0.23513690683664273,0,0,,-0.14285713605442207,59797.188888888886,41558.9,57853.799999999996,8038,5,0
0.1621603822135155,-0.14047791090165682,0,0,,0.10526315235457093,48413.40952380952,30951.2,67968.79999999999,8038,6,0
-0.13897688229095767,0.0606287619493415,0,0,,1.1111109876543348,56325.96315789474,39084.3,81108.79999999999,8038,7,0
1.8661842546859266,1.7479040621674127,0,0,,1.249999687500078,53106.19999999999,37788.3,46700.0,8038,8,0
-0.5351052359657655,-0.09538256944565701,0,0,,-0.34999998250000086,65697.13076923079,29525.1,146660.0,1480,0,0
5.0,1.646450305422086,0,0,,0.5384614970414233,72624.215,21499.6,146699.0,1480,1,0
-0.6785937724940142,-0.45310798564598453,0,0,,-0.31578945706371275,27442.123076923075,20264.5,37801.0,1480,2,0
-0.5663667076138086,-0.22073117440472878,0,0,,-0.20833332465277812,50178.321052631574,24160.2,107490.0,1480,3,0
1.2775150184572739,0.2870389825935519,0,0,,0.4999999687500019,64391.541666666664,32600.1,179518.0,1480,4,0
-0.5591775547596576,-0.25364903711350933,0,0,,-0.23809522675737013,50030.7625,22054.0,98832.0,1480,5,0
0.9108023312245772,0.4045097329864882,0,0,,0.49999996428571686,67033.82857142854,31149.9,167390.0,1480,6,0
5.0,0.5081676608464413,0,0,,1.799999640000072,47727.564285714296,28282.3,102330.0,1480,7,0
-0.5174535341026505,0.6615593825127816,0,0,,0.24999993750001562,31646.059999999998,27873.5,2500.0,1480,8,0
-0.3114875195049448,0.21645138254637816,0,0,,-0.11764705190311459,50089.546666666676,45064.4,15490.2,2936,0,0
0.10711835351126547,0.3454080890217784,0,0,,0.0,41176.77647058823,24053.4,20104.800000000003,2936,1,0
0.04153050443414811,0.18432210516909606,0,0,,-0.14999999250000037,30605.41764705882,18337.3,21664.800000000003,2936,2,0
-0.049852824733035046,-0.0024637182979881525,0,0,,0.0,25842.139999999996,15946.6,23744.8,2936,3,0
0.4193882425596006,0.012502833572992787,0,0,,0.11111110493827195,25905.965,15680.6,51684.799999999996,2936,4,0
-0.10330611254195003,0.1462241610619297,0,0,,0.0,25586.066666666666,18676.8,36984.799999999996,2936,5,0
0.2565118912717472,0.7476169831906566,0,0,,0.05882352595155729,22322.044444444444,11579.8,38484.799999999996,2936,6,0
-0.1773432300952817,-0.14095980893748733,0,0,,-0.10526315235457093,12772.847058823529,5286.2,30344.800000000003,2936,7,0
0.902160683117549,-0.4038930995824473,0,0,,0.2666666488888901,14868.742105263156,5565.2,41984.799999999996,2936,8,0
-0.34078144155425655,0.1297077042169472,0,0,,0.6666665925926009,24943.079999999998,17574.3,27823.199999999997,2936,9,0
3.7417135894473117,5.0,0,0,,3.499998250000875,22079.23333333333,15271.0,6500.0,2936,10,0
0.16219025824902947,-0.09749281633303261,0,0,,-0.15384614201183525,16918.545454545456,8327.4,24255.2,10345,0,0
-0.14050097638019973,0.2978586051680591,0,0,,0.08333332638888948,18746.16153846154,9846.7,25669.8,10345,1,0
0.16611021371835813,0.06975008465823986,0,0,,-0.2941176297577865,14443.916666666666,6059.3,20269.8,10345,2,0
-0.15797764773931086,-0.255291217135925,0,0,,-0.055555552469135974,13502.141176470586,5752.8,29709.8,10345,3,0
0.16791362177087246,-0.17624020460284676,0,0,,-0.05263157617728546,18130.76666666667,8465.3,32047.8,10345,4,0
-0.13262588349344695,0.02047336746645765,0,0,,0.055555552469135974,22009.773684210526,13001.3,34069.8,10345,5,0
-0.024008968584747277,-0.09189150705496987,0,0,,-0.18181817355371938,21568.2,13375.3,33529.8,10345,6,0
0.41547781298226377,-0.20602051688649628,0,0,,0.04761904535147403,23750.68636363636,13784.1,40369.8,10345,7,0
-0.16115105583102904,-0.19764900905231256,0,0,,0.23529410380622917,29913.476190476184,17492.6,41669.8,10345,8,0
-0.2899669543434225,0.21057944274822585,0,0,,0.8888887901234679,37282.282352941176,23148.2,43813.2,10345,9,0
2.912659708213725,4.084539466975568,0,0,,3.499998250000875,30797.055555555555,11146.4,8400.0,10345,10,0
0.16164758123088105,0.15875078042092125,0,0,,0.06666666222222252,80957.2125,65063.1,69231.2,10445,0,0
-0.16653418762975256,0.09140821983169682,0,0,,-0.21052630470914185,69865.93999999999,56602.2,47945.799999999996,10445,1,0
0.20053726296235808,-0.0125721074598188,0,0,,-0.09523809070294806,64014.48947368421,48416.6,90685.8,10445,2,0
0.19793141386098195,0.05379977926183483,0,0,,-0.08695651795841226,64829.533333333355,50966.3,62945.799999999996,10445,3,0
-0.16365568103405584,0.1799851591325532,0,0,,0.35294115570934376,61519.78260869566,46468.0,74845.8,10445,4,0
-0.1419809285348595,0.08914182569727293,0,0,,-0.14999999250000037,52136.06470588235,40934.5,61311.799999999996,10445,5,0
0.16480739675749947,-0.09982231580679758,0,0,,-0.1666666597222225,47868.939999999995,12363.9,92745.79999999999,10445,6,0
-0.14231760856034653,-0.07991569488810323,0,0,,0.04347825897920613,53177.2125,40048.8,74145.79999999999,10445,7,0
0.16944330953250952,0.10056970283010372,0,0,,1.299999870000013,57796.02173913045,42497.5,85545.8,10445,8,0
0.19172664898102854,0.752888288337734,0,0,,0.99999980000004,52514.64,36887.3,58034.0,10445,9,0
0.22741262048142294,-0.03949907451809594,0,0,,0.07407407133058995,38935.427586206904,28805.9,37705.2,8926,0,0
-0.10791745182972258,0.0635535577417328,0,0,,-0.09999999666666677,40536.58518518518,34078.2,25959.799999999996,8926,1,0
-0.053865092994084485,0.1804312566613531,0,0,,-0.09090908815427007,38114.28666666667,32496.4,35199.799999999996,8926,2,0
-0.0062860035403165156,-0.16017738046155633,0,0,,0.031249999023437534,32288.44242424243,20118.3,35359.8,8926,3,0
0.2626885030161846,-0.016275866177952625,0,0,,0.39130433081285515,38446.740625000006,21223.3,74619.79999999999,8926,4,0
-0.22139100774691145,0.10346403524117809,0,0,,0.9166665902777842,39082.84782608696,28053.6,68948.20000000001,8926,5,0
0.19678175010285298,0.13163917159726318,0,0,,-0.11538461094674572,60612.117391304346,32870.8,57707.2,2035,0,0
-0.1426287407897407,-0.07525801932445654,0,0,,-0.07142856887755111,53561.34615384614,35137.0,75648.8,2035,1,0
0.10778974359407839,0.1570269553101545,0,0,,-0.06666666444444451,57920.31428571428,38230.8,89104.8,2035,2,0
0.25839133151269655,-0.20988032402751822,0,0,,0.07142856887755111,50059.606666666674,34145.0,74948.8,2035,3,0
-0.163986732805633,0.14479219471602667,0,0,,0.1666666597222225,63356.99285714285,34469.3,111848.8,2035,4,0
-0.14066840105475245,0.19350774412788344,0,0,,-0.22580644432882438,55343.6625,37137.8,71610.8,2035,5,0
0.11252341075805081,0.1610049916873605,0,0,,0.033333332222222255,46370.593548387114,28566.6,94348.79999999999,2035,6,0
-0.0998117381222082,0.3339395447909975,0,0,,-0.06249999804687507,39940.046666666654,22587.6,87748.8,2035,7,0
0.16240014145856915,-0.5064203485252012,0,0,,1.6666665277777895,29941.421875,14052.6,111856.79999999999,2035,8,0
0.20003216733231383,0.5611458703579861,0,0,,0.9999998333333611,60661.783333333326,45769.6,85042.0,2035,9,0
-0.32137190244547725,-0.014976057704808091,0,0,,-0.3124999804687512,42817.63636363636,29565.0,41907.0,1638,0,0
0.15235809302888895,0.26154138125994436,0,0,,0.14285713265306196,43468.625,23511.2,51689.0,1638,1,0
0.285101875767018,0.22150796682126672,0,0,,0.07692307100591762,34456.75714285715,27292.4,41337.0,1638,2,0
5.0,-0.3153794696460099,0,0,,-0.18749998828125072,28208.37692307693,20601.7,31837.0,1638,3,0
-0.8796010041057581,-0.2966424968726228,0,0,,0.9999998750000157,41202.9375,23012.2,67137.0,1638,4,0
-0.06407590246481537,0.029568301312682777,0,0,,0.1428571224489825,58580.3625,41631.2,4030.0,1638,5,0
5.0,0.6758985779475501,0,0,,0.16666663888889352,56897.985714285714,33716.0,33300.0,1638,6,0
-0.986666377697616,-0.3051996683055112,0,0,,-0.1428571224489825,33950.73333333333,30929.0,28000.0,1638,7,0
-0.36796628089324507,-0.14688245630990432,0,0,,-0.06249999609375024,33246.03333333333,24238.0,23135.199999999997,7636,0,0
-0.18324076127302918,0.10369687749967836,0,0,,-0.05882352595155729,38970.05,24800.5,24949.8,7636,1,0
0.3930115072362219,-0.050151980372108586,0,0,,-0.2272727169421492,35308.65294117647,23001.4,28849.800000000003,7636,2,0
-0.6649837470636266,-0.2020433539167333,0,0,,-0.08333332986111125,37172.95,23454.4,45249.799999999996,7636,3,0
1.1033391003605368,0.3943522138002378,0,0,,0.1999999900000005,46585.174999999996,25358.5,75156.8,7636,4,0
-0.7062353122030549,-0.3927608809111321,0,0,,-0.2592592496570648,33409.905000000006,22311.9,36281.799999999996,7636,5,0
0.6392060029283134,0.3361776880562132,0,0,,-0.06896551486325811,55019.35555555556,27394.2,154140.8,7636,6,0
-0.5419454704258969,-0.43373392661484156,0,0,,0.3181818037190089,41176.67586206896,18158.4,85823.79999999999,7636,7,0
0.16040616535301647,0.149511421908899,0,0,,0.0,63403.205555555556,53956.9,32042.2,10148,0,0
-0.14161644806510815,-0.0374649902801911,0,0,,-0.18181817355371938,55156.65555555556,47101.8,25556.8,10148,1,0
0.06537492613296739,0.15666864324286459,0,0,,0.15789472853185638,57303.53181818183,44108.8,53056.799999999996,10148,2,0
0.3109073859342977,0.07887467949664397,0,0,,-0.17391303591682453,49541.87368421052,39312.2,21656.8,10148,3,0
-0.16400403168469088,-0.01871809249483455,0,0,,0.045454543388429844,45919.952173913036,35275.2,49890.799999999996,10148,4,0
-0.14029767024908482,-0.029849101621780106,0,0,,0.46666663555555765,46795.88181818183,39185.8,43456.799999999996,10148,5,0
-0.016595998682352207,1.0174007358826394,0,0,,0.8749998906250137,48235.67333333333,37483.9,36451.6,10148,6,0
0.41827257306041865,-0.16810509439983826,0,0,,0.09523809070294806,35143.62608695653,17711.4,58193.0,5133,0,0
-0.6056509726146251,-0.408862687773565,0,0,,-0.3225806347554634,42245.271428571425,23068.7,79523.0,5133,1,0
0.30389677394574105,0.09137987729473707,0,0,,-0.031249999023437534,71464.39677419355,34792.3,216289.0,5133,2,0
-0.010273516227767114,0.38823586179877256,0,0,,0.06666666444444451,65480.771875,27941.4,166923.0,5133,3,0
0.8948505718259105,0.06479960840692112,0,0,,0.24999998958333375,47168.33333333333,11939.8,144672.0,5133,4,0
0.8117981906388618,0.2745802156009588,0,0,,1.1818180743801752,44297.85,14787.4,88071.0,5133,5,0
0.7605689520945247,-0.20740591008650153,0,0,,0.57142848979593,34754.854545454546,15960.0,52342.0,5133,6,0
-0.492071135303142,0.7051101781770976,0,0,,0.399999920000016,43849.5,28051.7,45100.0,5133,7,0
0.1599711115501829,-0.021782766765535134,0,0,,0.08333332638888948,78213.81538461537,56866.2,80429.2,1869,0,0
-0.1409991094897433,0.015775829648365384,0,0,,-0.14285713265306196,79955.46666666667,59305.1,64643.799999999996,1869,1,0
0.16571820472946852,0.06595224886720848,0,0,,-0.29999998500000075,78713.69285714286,58245.2,77743.8,1869,2,0
-0.14251896972917755,-0.11285630542126249,0,0,,0.17647057785467188,73843.545,53020.2,88743.8,1869,3,0
0.16705055433156074,0.2007601169710753,0,0,,0.06249999609375024,83237.41176470589,59781.9,71643.79999999999,1869,4,0
-0.14059832002041914,0.09770849199349048,0,0,,0.0,69320.6,44344.7,57643.8,1869,5,0
0.16763987854948603,0.24409000659578564,0,0,,-0.23809522675737013,63150.28125,38944.5,80043.79999999999,1869,6,0
0.19882097823148615,0.01934664595173768,0,0,,0.23529410380622917,50760.21904761905,29755.7,66043.8,1869,7,0
-0.16285668181476945,0.12028220022898702,0,0,,0.8888887901234679,49796.817647058815,41477.2,90929.2,1869,8,0
1.9552535367209007,2.4640153087578267,0,0,,3.499998250000875,44450.24444444445,24564.0,28000.0,1869,9,0
0.17773635744166943,-0.1632559541117005,0,0,,0.14999999250000037,60284.521739130425,38674.2,149425.2,9201,0,0
-0.1410025177015658,0.2027190598331547,0,0,,-0.1666666597222225,72046.55000000002,56735.6,110157.8,9201,1,0
0.1702147632712545,0.3817918367664351,0,0,,-0.03999999840000006,59903.05833333334,31219.5,126562.8,9201,2,0
-0.1425235710553201,-0.06050941433406565,0,0,,-0.13793102972651622,43351.724,27594.8,101545.8,9201,3,0
0.739889588756147,-0.0739477886124684,0,0,,0.4499999775000011,46143.86206896552,24436.8,165339.80000000002,9201,4,0
-0.43091570812612046,0.09973084327843347,0,0,,-0.1304347769376184,49828.575,35668.7,100065.8,9201,5,0
0.17572910985862744,-0.18377534765460812,0,0,,0.27777776234567986,45309.791304347826,19828.9,161426.80000000002,9201,6,0
-0.1419615865459858,0.00019794184164036692,0,0,,0.636363578512402,55511.42222222223,29630.0,142402.6,9201,7,0
0.9935695662433822,-0.06868291272220141,0,0,,0.17647057785467188,43195.50000000001,11497.1,102438.20000000001,7997,0,0
-0.7712808223886727,-0.34801822843967845,0,0,,-0.2272727169421492,46381.08823529412,23888.7,76952.79999999999,7997,1,0
0.6403580126781654,0.3276888980259556,0,0,,0.0,71138.62727272727,17250.8,235323.80000000002,7997,2,0
1.4261822738863001,0.5553965167334745,0,0,,0.04761904535147403,53580.795454545456,6723.2,115813.80000000002,7997,3,0
0.3806641884343997,-0.21818290538125365,0,0,,0.23529410380622917,34448.31904761904,19123.2,83921.8,7997,4,0
-0.1153225070929329,0.27762475467897796,0,0,,0.21428569897959293,44061.864705882355,25848.4,63770.8,7997,5,0
-0.26814817722808126,0.12943247950991243,0,0,,-0.36363634710743875,34487.32857142857,5045.8,41343.799999999996,7997,6,0
-0.7354580429094181,-0.6453083207278992,0,0,,-0.29032257127991706,30535.09545454546,1461.9,89945.8,7997,7,0
1.8203640468175408,0.38561669257687003,0,0,,1.0666665955555603,86089.12258064515,48003.5,328047.8,7997,8,0
-0.31775400214301963,0.10885064914203545,0,0,,0.2499999791666684,62130.54666666666,43658.6,86598.8,7997,9,0
0.13180288852070268,0.02313047067577398,0,0,,0.0,57504.84347826087,28642.4,115743.20000000001,9455,0,0
-0.16822196634195932,0.1634755553199435,0,0,,-0.20689654458977433,56204.799999999996,22032.0,63030.799999999996,9455,1,0
0.23604594010463062,-0.09558192646813152,0,0,,0.07407407133058995,48307.675862068965,19688.1,152240.80000000002,9455,2,0
-0.1528062993624185,0.038945746824414124,0,0,,-0.06896551486325811,53412.992592592585,28529.7,91071.8,9455,3,0
0.18047717855003564,-0.05599443518673367,0,0,,0.15999999360000025,51410.762068965516,18847.9,115842.8,9455,4,0
-0.14264415063368846,-0.03575277500465568,0,0,,0.0,54460.23199999999,34358.9,108435.8,9455,5,0
0.16115878506093897,-0.2797066769846687,0,0,,0.7857142295918408,56479.53199999999,29683.9,137243.8,9455,6,0
0.1951390379036062,0.6223023102954045,0,0,,0.9999998571428775,78411.84999999999,34998.0,133588.6,9455,7,0
-0.04380560493143156,0.218750013709486,0,0,,0.041666664930555625,33317.416,22231.6,35869.2,7082,0,0
-0.056285507236001786,0.03218330844255053,0,0,,-0.03999999840000006,27337.36666666667,18431.8,25963.8,7082,1,0
0.09681627848011845,0.007027789944737143,0,0,,-0.16666666111111128,26484.992000000002,17498.7,32863.799999999996,7082,2,0
0.2547729400538857,0.0038814696384836776,0,0,,0.07142856887755111,26300.159999999996,14303.6,40683.799999999996,7082,3,0
-0.04142905719792423,0.012462182275427827,0,0,,0.1666666597222225,26198.471428571433,15762.7,42599.799999999996,7082,4,0
-0.17330193504580022,-0.0794178232024201,0,0,,-0.17241378715814526,25876.0,18300.4,31486.800000000003,7082,5,0
0.20747756118970256,-0.203639014670371,0,0,,0.15999999360000025,28108.300000000003,19480.1,49103.8,7082,6,0
-0.13289490190459785,0.0267801782374062,0,0,,2.1249997343750335,35295.928,23172.4,44590.2,7082,7,0
1.2332201928110973,2.210449224623891,0,0,,1.6666661111112961,34375.35,18625.9,17600.0,7082,8,0
-0.34948137134627555,0.06123340416692776,0,0,,-0.07692307100591762,64322.075000000004,41422.6,48313.2,4456,0,0
0.2744414454894008,0.13483571118791934,0,0,,0.08333332638888948,60610.67692307692,41383.5,35858.799999999996,4456,1,0
0.21972266559798745,0.25229936629291955,0,0,,-0.14285713265306196,53409.208333333336,30334.8,39987.799999999996,4456,2,0
-0.8010269719677218,-0.5299146443028263,0,0,,-0.5999999828571434,42648.91428571428,28133.2,35032.799999999996,4456,3,0
0.4191046328178896,0.08588204817865572,0,0,,0.590909064049588,90725.89428571431,43433.2,288429.8,4456,4,0
0.10263179690992531,0.02979665607128367,0,0,,0.04761904535147403,83550.41363636364,56036.0,154791.80000000002,4456,5,0
-0.1416507724206521,0.0950502713058929,0,0,,-0.24999999107142887,81132.9238095238,21999.0,159800.80000000002,4456,6,0
0.8028379716563029,0.06544819730997574,0,0,,0.5555555246913597,74090.59285714287,30310.1,146921.8,4456,7,0
0.8379782572133038,1.3911496626184157,0,0,,2.599999480000104,69539.36666666667,46573.1,107329.2,4456,8,0
0.16484328773881296,0.4344354334274825,0,0,,0.0,61619.27857142858,41850.0,80692.2,3875,0,0
-0.1438780709322354,-0.27832808716506385,0,0,,-0.12499999218750048,42957.16428571429,22392.9,86731.8,3875,1,0
0.16512146522122256,-0.19063609867467668,0,0,,0.4545454132231443,59524.506250000006,12578.9,160779.8,3875,2,0
0.19141058639188055,0.6348452923877735,0,0,,0.57142848979593,73544.8,56922.6,112797.6,3875,3,0
0.061603529427448324,0.31368352754971734,0,0,,-0.11111110493827195,39946.306249999994,24167.4,68164.0,785,0,0
-0.06121518716720736,-0.3073075975298694,0,0,,0.0,30407.86111111111,18810.9,64756.0,785,1,0
0.14293637647220875,0.025317115171180495,0,0,,-0.24999998958333375,43898.072222222225,26685.0,89975.0,785,2,0
-0.12728287282342807,-0.3601480830495406,0,0,,0.7142856632653098,42814.14166666667,27647.4,89544.0,785,3,0
0.7254118128262004,1.1392264394795641,0,0,,1.3333331111111482,66912.57857142859,42882.8,89062.0,785,4,0
0.20614509982655915,0.5822266816885385,0,0,,-0.09523809070294806,21234.15263157894,13620.2,13212.2,2545,0,0
0.06334499409866406,-0.18298765097424727,0,0,,0.0,13420.42380952381,5220.5,12106.800000000001,2545,1,0
-0.07653574299896715,0.14333692166385084,0,0,,-0.27586205945303244,16426.219047619044,8693.6,15906.800000000001,2545,2,0
-0.09866244972886287,-0.5094586693168014,0,0,,0.11538461094674572,14366.910344827587,8707.1,42686.799999999996,2545,3,0
0.10100629979157065,1.3609414881752993,0,0,,0.1304347769376184,29287.86923076923,16689.1,44486.799999999996,2545,4,0
0.028398499978484242,-0.4765136243863849,0,0,,-0.1481481426611799,12405.165217391304,1702.6,35393.799999999996,2545,5,0
0.4198900984099091,-0.40543950454947963,0,0,,1.6999998300000172,23697.20740740741,5869.4,72806.8,2545,6,0
-0.0909062166012955,1.3316563041086638,0,0,,0.99999980000004,39856.68000000001,30946.8,13813.0,2545,7,0
0.16480897610163295,0.6361215434403596,0,0,,-0.14999999250000037,75410.01176470587,45830.2,137353.2,8523,0,0
-0.14209949094248955,-0.02905463823690729,0,0,,0.05263157617728546,46090.715000000004,20635.0,107228.8,8523,1,0
0.16517048888771416,0.003196425077065364,0,0,,-0.3448275743162905,47469.936842105264,23979.5,124957.8,8523,2,0
-0.14264549877368496,-0.09168196747094125,0,0,,0.15999999360000025,47318.68620689656,10947.8,152251.80000000002,8523,3,0
0.16461962518361875,-0.22695888021580865,0,0,,0.13636363016528952,52094.844,1694.0,163163.80000000002,8523,4,0
-0.1621454564698322,0.5981635948616916,0,0,,-0.04347825897920613,67389.48636363637,47288.9,137542.80000000002,8523,5,0
0.19565973543438098,-0.37772941249249886,0,0,,0.7692307100591762,42166.826086956535,15048.3,181790.80000000002,8523,6,0
1.0009521843878628,0.6357074754004959,0,0,,1.599999680000064,67762.84615384616,52654.4,127800.0,8523,7,0
2.2074487255551363,0.6425079191102576,0,0,,0.11764705190311459,44663.152631578945,10235.2,62937.2,10493,0,0
-0.6715038990746817,-0.533879235946899,0,0,,-0.19047618140589612,27192.04705882353,12167.2,38633.799999999996,10493,1,0
-0.4122063780508253,0.017626296042015967,0,0,,-0.41666665509259293,58336.914285714294,17081.3,88751.79999999999,10493,2,0
1.9156858339030312,0.3762755705811311,0,0,,0.5652173667296797,57326.46111111111,25374.1,209036.80000000002,10493,3,0
-0.22348294586112966,-0.004849100822348426,0,0,,-0.041666664930555625,41653.33043478261,20413.0,73862.8,10493,4,0
0.2830875020144138,-0.05810696819456567,0,0,,0.4999999687500019,41856.29583333334,7107.3,75986.8,10493,5,0
-0.3619417489144957,-0.11959442361891227,0,0,,0.7777776913580343,44438.48125,12449.3,104163.2,10493,6,0
0.07330754038619379,0.015536671357550038,0,0,,0.04761904535147403,14011.73181818182,9467.8,20796.2,873,0,0
-0.10125012275349815,-0.05836909586816013,0,0,,-0.045454543388429844,13797.366666666667,10255.5,15130.800000000001,873,1,0
-0.1279332373256891,0.002796163730916191,0,0,,-0.18518517832647488,14652.627272727272,10327.0,17790.8,873,2,0
0.1462342525715344,-0.34091750085954325,0,0,,-0.06896551486325811,14611.77037037037,8448.8,28930.8,873,3,0
0.26640882195978505,-0.34381643890533364,0,0,,1.6363634876033195,22169.865517241386,9709.2,43530.799999999996,873,4,0
-0.12917699135816155,1.1130048851718488,0,0,,0.57142848979593,33786.07272727272,31337.6,14892.6,873,5,0
0.1615424417494866,-0.1673361054999559,0,0,,0.19999998666666757,70476.43333333332,41609.7,212397.2,10650,0,0
-0.1408876517989419,0.1615436799427433,0,0,,-0.2499999875000006,84639.71333333335,52163.8,110911.80000000002,10650,1,0
0.1653714472027892,-0.012593731016590792,0,0,,0.17647057785467188,72868.3,40291.9,161197.80000000002,10650,2,0
-0.1427771952880551,-0.15673479500699533,0,0,,0.699999930000007,73797.68823529412,38478.6,155755.8,10650,3,0
2.4920677510084683,1.7684703968835198,0,0,,2.3333325555558146,87514.20999999999,33232.1,103300.0,10650,4,0
1.0659063299148133,0.15802024113938798,0,0,,0.15789472853185638,49480.52272727273,21051.0,158890.0,7713,0,0
1.082413426310881,0.7913950793410437,0,0,,0.3571428316326549,42728.54736842105,11537.4,83904.0,7713,1,0
-0.3040310935621318,-0.23126078821021284,0,0,,-0.3333333174603182,23852.10714285715,4210.1,43726.0,7713,2,0
-0.07748132630275834,-0.2320749396501979,0,0,,0.04999999750000012,31027.56666666667,18569.7,72544.0,7713,3,0
1.4245184216148914,-0.1623175684316463,0,0,,0.5384614970414233,40404.41999999999,10076.7,77286.0,7713,4,0
-0.5233064328709327,-0.09053181609727079,0,0,,0.6249999218750099,48233.57692307692,25415.4,72057.0,7713,5,0
3.5478640328402227,0.5484191083232199,0,0,,0.1428571224489825,53034.925,30930.3,39700.0,7713,6,0
5.0,0.2007542366267763,0,0,,0.16666663888889352,34251.014285714286,26591.4,9900.0,7713,7,0
-0.9285400001907201,-0.07809011308997287,0,0,,0.0,28524.583333333332,27724.5,3700.0,7713,8,0
1.215924999898673,3.9112301581093285,0,0,,1.9999990000005,30940.75,20700.0,7300.0,7713,9,0
0.1606147387978048,0.07173817394991713,0,0,,-0.11764705190311459,45469.51333333333,34634.9,65780.2,9179,0,0
-0.14371161002873098,-0.20648506275472103,0,0,,0.0,42425.952941176474,28083.4,67772.8,9179,1,0
0.16769866156531227,0.4511886431195589,0,0,,-0.19047618140589612,53465.85294117647,43689.1,63543.799999999996,9179,2,0
-0.14089347078852668,-0.07334884049825847,0,0,,-0.08695651795841226,36842.799999999996,19201.2,41896.799999999996,9179,3,0
0.16683610335228846,0.1543899059131876,0,0,,0.045454543388429844,39759.082608695644,26299.4,77971.8,9179,4,0
-0.1418866464716578,-0.28947523983097045,0,0,,0.46666663555555765,34441.640909090915,22093.0,68577.79999999999,9179,5,0
0.7190856201713874,0.8476068787670962,0,0,,0.6666665925926009,48473.526666666665,31754.9,78653.6,9179,6,0
-0.04041072517879048,0.01304711845866713,0,0,,-0.15789472853185638,54244.34375,50485.2,19675.2,9153,0,0
-0.15404286338667342,0.09804478571187437,0,0,,0.0,53545.72631578948,49680.9,21409.8,9153,1,0
-0.25071825738738435,0.22757887144453331,0,0,,-0.32142855994898,48764.61052631579,45103.6,22209.8,9153,2,0
0.383254253667888,0.07417470004905986,0,0,,0.11999999520000018,39724.21785714286,32514.9,34289.799999999996,9153,3,0
0.3229884689684863,0.13665544287259573,0,0,,0.13636363016528952,36981.151999999995,28873.9,39169.8,9153,4,0
-0.07948694355718583,-0.05140287475322896,0,0,,0.15789472853185638,32535.059090909086,23063.0,30989.8,9153,5,0
-0.10897696565479385,0.43549000476498906,0,0,,0.5833332847222263,34298.07894736843,28537.0,23993.199999999997,9153,6,0
2.7355874062555934,4.453141997538177,0,0,,4.99999750000125,23892.941666666666,12563.0,900.0,9153,7,0
0.16237487788239596,-0.021118152517384452,0,0,,0.041666664930555625,44382.764,27161.9,59840.2,10404,0,0
-0.14223389209479995,-0.031055694142164195,0,0,,-0.11111110699588492,45340.26666666667,33022.3,67214.8,10404,1,0
0.16617939815058175,0.06490419185006248,0,0,,-0.12903225390218534,46793.47037037037,32232.7,73674.8,10404,2,0
0.1964306965851441,-0.11273557747117481,0,0,,0.1923076849112429,43941.48387096775,30476.0,74654.8,10404,3,0
-0.16528913415920024,0.022026800954720056,0,0,,-0.10344827229488716,49524.67692307693,34828.8,85134.8,10404,4,0
-0.1418458589347091,-0.11649536690035119,0,0,,0.20833332465277812,48457.317241379315,34164.8,78991.8,10404,5,0
0.17109912214081194,0.2757031907741687,0,0,,1.6666664814815022,54846.70416666666,39743.1,88166.2,10404,6,0
1.974346936239543,2.409326442940548,0,0,,3.499998250000875,42993.31111111111,24721.0,34400.0,10404,7,0
0.06936229737947515,-0.04046139434047435,0,0,,-0.06249999609375024,34354.426666666666,21009.7,64853.2,2142,0,0
-0.20995376055030548,-0.03637530308714072,0,0,,-0.11111110493827195,35803.06874999999,13967.2,39627.799999999996,2142,1,0
0.3734882076045539,-0.1095021323579027,0,0,,0.05882352595155729,37154.57777777778,13988.2,85187.80000000002,2142,2,0
-0.1398923724826096,-0.13442078369816676,0,0,,0.699999930000007,41723.376470588235,27807.9,64139.799999999996,2142,3,0
2.119510687785225,2.2139190498685553,0,0,,1.4999996250000938,48202.84,31583.4,34700.0,2142,4,0
1.0547922785327681,0.7331688749192998,0,0,,0.06666666444444451,84793.06875,47856.9,186601.2,9167,0,0
0.16987043263286158,0.3473865008439525,0,0,,0.034482757431629055,48923.719999999994,20150.0,90612.8,9167,1,0
0.07093019194571674,0.29038090770620095,0,0,,0.0,36310.08620689655,22013.6,81806.8,9167,2,0
-0.016056314607809083,-0.3839872468997724,0,0,,-0.0937499970703126,28139.044827586207,12546.7,71589.8,9167,3,0
-0.2243877944934015,-0.2107161169549325,0,0,,0.8823528892733594,45679.321874999994,19532.6,109156.79999999999,9167,4,0
3.691719041054171,2.5815353721873486,0,0,,1.1249998593750177,57874.388235294115,23826.0,99191.6,9167,5,0
0.06912344445390935,0.12147478068325916,0,0,,-0.23529410380622917,75057.33846153844,53863.5,53244.2,3906,0,0
-0.06736822308556019,-0.10164497064155226,0,0,,0.3076922840236705,66927.35294117648,38210.3,110287.79999999999,3906,1,0
0.1649064461358217,0.09236768097392323,0,0,,-0.18749998828125072,74499.89230769231,49255.2,80143.79999999999,3906,2,0
-0.14207362967621548,-0.07447763481983843,0,0,,0.14285713265306196,68200.38125,40821.9,108075.8,3906,3,0
0.16998291275431546,0.5063047455152473,0,0,,0.5555554938271674,73688.52857142857,41832.2,111922.20000000001,3906,4,0
0.16086198895806458,-0.10796371687592647,0,0,,0.07999999680000013,55095.32222222221,37192.6,69288.0,3390,0,0
-0.14035895204106763,0.10601743539112128,0,0,,0.0,61763.544,49023.0,45947.0,3390,1,0
0.16651833870242838,0.2708605751680876,0,0,,-0.19354838085327802,55843.192,37894.4,49711.0,3390,2,0
-0.14167191516915534,-0.06529895969369699,0,0,,-0.060606058769513374,43941.241935483886,30622.1,52945.0,3390,3,0
0.16385891515691928,-0.10034765236394,0,0,,0.17857142219387778,47011.012121212116,32417.4,79612.0,3390,4,0
-0.14205454218196528,-0.09796667594175942,0,0,,0.27272726033057904,52254.64285714288,40134.4,62847.0,3390,5,0
0.13198877376211482,0.5919387199948452,0,0,,1.4444442839506353,57929.83636363636,44664.5,66898.0,3390,6,0
0.17698345853001693,-0.053534865995574804,0,0,,-0.05882352595155729,30302.050000000003,14967.2,46337.2,7274,0,0
0.18216152411945175,-0.09144647817813499,0,0,,0.06249999609375024,32016.023529411767,21815.7,42185.799999999996,7274,1,0
-0.4867737781027331,-0.26035892476558126,0,0,,0.0,35238.45625,15464.0,75307.79999999999,7274,2,0
-0.37992110157560427,-0.1720064061637259,0,0,,0.599999940000006,47642.64375,25180.7,86349.8,7274,3,0
0.16199326421018717,0.21050156755352606,0,0,,0.06249999609375024,53120.57647058824,39859.0,38724.2,440,0,0
-0.1408961190626842,0.07620234565487108,0,0,,0.0,43883.1125,35752.1,42938.8,440,1,0
0.10846091215874151,0.5709263478453257,0,0,,-0.333333319444445,40775.89375,30666.6,46478.8,440,2,0
-0.09512890324242076,-0.009012687028932731,0,0,,0.26315788088642733,25956.591666666664,9311.6,41338.8,440,3,0
0.16585132318648046,0.12617588022168372,0,0,,0.0,26192.657894736843,14272.2,52798.799999999996,440,4,0
-0.14290098393421385,-0.19379043142113958,0,0,,0.18749998828125072,23258.052631578947,13752.4,51218.799999999996,440,5,0
0.07698949408829953,-0.05515238635550293,0,0,,0.7777776913580343,28848.64375,5614.0,68954.2,440,6,0
0.09337855742657876,0.8840984731742088,0,0,,0.12499999218750048,83160.15000000001,55905.1,152629.2,9560,0,0
5.0,0.36851036197142756,0,0,,0.14285713265306196,44137.9,17156.1,42745.8,9560,1,0
-0.9026921193097219,-0.513892190352693,0,0,,-0.06666666222222252,32252.514285714282,16290.1,69541.8,9560,2,0
5.0,0.6772384968798548,0,0,,1.4999997500000417,66348.48000000001,20514.6,113014.6,9560,3,0
-0.9876435781302976,-0.0018780835305143616,0,0,,-0.33333329629630043,39558.166666666664,28076.1,61500.0,9560,4,0
0.3935044462315975,-0.0839376443084048,0,0,,0.07142856632653098,39255.67333333333,15121.0,93102.2,3907,0,0
-0.448118714583556,-0.3868252687343194,0,0,,-0.17647057785467188,42852.62142857142,18789.5,89943.8,3907,1,0
0.4402062974281429,1.2123478746389875,0,0,,0.13333332444444504,69886.47647058823,32395.9,146043.80000000002,3907,2,0
2.7387274617635677,1.8823146634859123,0,0,,0.2499999791666684,31589.280000000002,9985.9,46443.799999999996,3907,3,0
5.0,0.7974991205933244,0,0,,0.33333329629630043,10959.691666666666,2798.4,26843.799999999996,3907,4,0
-0.9965044886751495,-0.8307138177690954,0,0,,-0.2499999791666684,6097.188888888889,810.1,15643.800000000001,3907,5,0
0.1143851821580394,0.6959085483854158,0,0,,-0.19999998666666757,36017.049999999996,16241.6,59443.799999999996,3907,6,0
-0.7989823456280216,-0.6929844952175037,0,0,,-0.3181818037190089,21237.613333333335,8185.2,65514.799999999996,3907,7,0
0.7911540002133182,-0.05839849967229023,0,0,,0.04761904535147403,69174.40000000001,22735.5,136243.8,3907,8,0
-0.15230173249492365,0.5807450623621536,0,0,,0.9090908264462886,73464.62380952381,30935.5,165743.80000000002,3907,9,0
0.15896911559125468,-0.18662720271400685,0,0,,0.0,19987.633333333335,12344.9,27712.199999999997,5164,0,0
-0.13813855036939657,0.3599534708058578,0,0,,-0.14285713265306196,24573.766666666666,21877.7,12826.800000000001,5164,1,0
0.16226787992741667,-0.10106043170736799,0,0,,-0.2222222098765439,18069.564285714285,13175.2,17626.8,5164,2,0
-0.14485029069769645,-0.2854083291717259,0,0,,-0.09999999500000024,20100.977777777778,15582.5,27826.8,5164,3,0
0.024128480891751816,-0.12425579011131518,0,0,,0.6666666111111158,28129.32,22346.5,26026.8,5164,4,0
-0.08584308182614449,1.3256606891930063,0,0,,0.9999998333333611,32120.475000000002,26868.7,17475.6,5164,5,0
0.13245614969040395,1.0912466921639004,0,0,,-0.333333319444445,24554.800000000003,14783.2,31129.199999999997,8225,0,1
-0.12036622132657873,-0.36900081488107245,0,0,,0.04347825897920613,11741.704166666668,2703.3,42867.4,8225,1,1
0.13357320854394256,1.1764087028881591,-2,0,,-0.2333333255555558,18608.11304347826,9176.7,53666.1,8225,2,1
-0.12366110064857062,-0.7241365402763511,2,2,,0.24999998958333375,8549.916666666666,-214.8,66065.30000000002,8225,3,1
0.12419488141393659,-0.11665031601098436,0,0,,0.0,30993.291666666668,13841.5,66343.8,8225,4,1
0.22170671437837167,-0.21399490691254106,0,0,,0.14285713605442207,35086.09583333333,16261.5,71376.8,8225,5,1
-0.15978328766003677,-0.02675935311705148,0,0,,0.3124999804687512,44638.509523809524,18524.6,69043.79999999999,8225,6,1
0.19856398770790304,0.7919987653432732,0,0,,1.2857141020408425,45865.85,30352.5,44800.0,8225,7,1
0.16552546057276749,0.4845152875778721,0,0,,-0.19999998666666757,46830.60833333333,21867.6,71681.2,5305,0,0
-0.177992414929415,0.08628068815557115,0,0,,-0.21052630470914185,31546.060000000005,13905.5,59024.799999999996,5305,1,0
0.16155566817552292,0.16942932621004192,0,0,,0.11764705190311459,29040.431578947366,12093.0,85801.8,5305,2,0
-0.10133772423923229,-0.15502217611181868,0,0,,-0.14999999250000037,24832.99411764706,9674.1,89685.8,5305,3,0
0.16415949347094227,-0.36765402784325885,0,0,,0.17647057785467188,29388.929999999993,5274.1,140320.80000000002,5305,4,0
-0.14256752350203944,-0.08326662010145211,0,0,,0.13333332444444504,46476.029411764706,35473.6,97743.8,5305,5,0
0.16471398959100314,-0.09713219164253346,0,0,,0.07142856632653098,50697.433333333334,40367.8,101043.8,5305,6,0
0.20211704486840767,0.16251569790428708,0,0,,0.7499999062500118,56151.557142857135,42246.5,102329.20000000001,5305,7,0
1.4641340854513278,2.0896320400364834,0,0,,2.99999850000075,48301.7625,26767.0,52500.0,5305,8,0
0.14670552933339565,-0.06210407283859356,0,0,,-0.055555552469135974,44034.22941176471,3825.7,92360.0,9646,0,0
0.22355163848162687,0.6770728862400791,0,0,,0.3846153550295881,46950.01666666666,21880.8,161164.0,9646,1,0
-0.42412145852187366,-0.29480242566677295,0,0,,-0.5357142665816333,27995.215384615385,614.6,41790.0,9646,2,0
0.5071870116744257,-0.23206181335883713,0,0,,0.3333333174603182,39698.40000000001,7829.1,164619.0,9646,3,0
-0.2052958687962697,-0.11826876046436871,0,0,,0.1666666574074079,51694.785714285725,4498.1,170727.0,9646,4,0
2.23807062908838,1.0268235244279436,0,0,,1.2499998437500197,58628.733333333344,42674.1,138960.0,9646,5,0
1.8863583129793045,0.1793240244937074,0,0,,0.599999880000024,28926.4125,16523.8,28300.0,9646,6,0
2.1199615380538535,0.0982668656672418,0,0,,0.6666664444445185,24527.96,19700.0,16600.0,9646,7,0
-0.7219251336512339,1.0489296635123304,0,0,,0.0,22333.333333333332,20500.0,0.0,9646,8,0
0.471471399189848,0.39652404315126877,0,0,,-0.05882352595155729,84458.82500000001,38935.3,116513.2,1004,0,0
-0.34642523208434,0.11972712565107084,0,0,,-0.10526315235457093,60477.888235294115,26348.0,108310.8,1004,1,0
0.009759085289006235,0.06969068440471744,0,0,,-0.2962962853223598,54011.27368421054,16307.8,89638.8,1004,2,0
-0.3821043544268322,-0.3509033130835671,0,0,,-0.035714284438775556,50492.422222222216,22144.8,187666.80000000002,1004,3,0
0.637418979922402,0.2309322616497573,0,0,,0.21739129489603065,77788.75357142856,34376.9,250043.80000000002,1004,4,0
1.79322393614661,0.4436153163598014,0,0,,0.4374999726562517,63194.99130434784,35343.6,187071.80000000002,1004,5,0
-0.8386680849387742,-0.4552367885836754,0,0,,-0.5428571273469392,43775.506250000006,32434.6,49643.8,1004,6,0
1.4068916903452124,0.16079486852680241,0,0,,2.1818179834710927,80356.94285714287,28607.1,366414.8,1004,7,0
2.1733348968143096,1.0961741181568287,0,0,,0.57142848979593,69225.7909090909,29796.9,76714.6,1004,8,0
-0.054756528476944864,0.5720156235082193,0,0,,-0.23529410380622917,54655.423076923085,29619.1,45307.2,7156,0,0
0.007509855829601625,-0.19118990776441713,0,0,,-0.055555552469135974,34767.73529411764,21947.8,72145.8,7156,1,0
0.28047693531300916,-0.20488651474909184,0,0,,0.0,42986.27777777778,27942.3,80953.79999999999,7156,2,0
-0.20876180383136514,-0.033981934697312526,0,0,,0.9999998888889013,54063.07222222222,36517.7,105869.8,7156,3,0
2.774787602732837,2.9743634657156193,0,0,,1.9999993333335555,55964.86666666667,27298.4,20400.0,7156,4,0
0.15900804822799502,-0.07000677094290923,0,0,,-0.09090908677685969,22150.9,12835.0,37457.2,1083,0,0
-0.2694996416310312,0.04907020915725572,0,0,,-0.04347825897920613,23818.345454545455,16578.8,26771.8,1083,1,0
0.35929526912102633,0.1489640424609501,0,0,,-0.17857142219387778,22704.243478260865,12546.1,44731.799999999996,1083,2,0
-0.13459108737558872,-0.275954053370204,0,0,,0.11999999520000018,19760.621428571427,12229.1,38051.799999999996,1083,3,0
0.11372246959506714,-0.06425716180289215,0,0,,-0.03846153698224858,27291.944,17751.6,43531.8,1083,4,0
-0.26123840067034826,-0.19549271059858944,0,0,,0.03999999840000006,29166.07307692308,21289.7,37361.8,1083,5,0
0.4108874376475642,-0.057337813317087205,0,0,,1.4999998500000151,36253.335999999996,17039.7,62911.799999999996,1083,6,0
0.4134861377158943,1.5233388665172896,0,0,,1.4999996250000938,38458.46,28757.2,23200.0,1083,7,0
0.22465247260717658,0.09042534040150688,0,0,,-0.035714284438775556,77421.57777777777,33436.2,162229.2,2982,0,0
-0.16745855059115441,-0.03047084785740565,0,0,,-0.034482757431629055,71001.26428571428,37189.5,112350.8,2982,1,0
0.19479780120085438,0.22934412879634994,0,0,,-0.1470588192041524,73232.7275862069,32103.1,171976.80000000002,2982,2,0
-0.13712812829552104,0.005851701298243164,0,0,,0.09677419042663901,59570.567647058815,36926.9,147419.80000000002,2982,3,0
0.7438110614896203,0.03187741491143961,0,0,,0.06896551486325811,59224.0064516129,28412.8,160611.80000000002,2982,4,0
-0.42685268493363476,-0.1134503559240588,0,0,,-0.12121211753902675,57394.42068965517,28435.8,161759.80000000002,2982,5,0
0.13327443242255035,0.13113028223663667,0,0,,-0.02941176384083048,64739.09393939394,26418.7,155256.8,2982,6,0
-0.1183353385160186,-0.2230225111960814,0,0,,0.06249999804687507,57233.98529411765,22658.7,155798.8,2982,7,0
0.16343314742350962,-0.13032417443929556,0,0,,1.6666665277777895,73662.34687499999,39526.7,177403.80000000002,2982,8,0
0.19925050704418315,0.4001379459622061,0,0,,1.399999720000056,84700.925,46525.7,162643.0,2982,9,0
0.052360389566555185,0.07604962704068256,0,0,,-0.17647057785467188,48900.27142857143,26701.3,82677.2,5572,0,0
-0.06664550188354194,1.461516448576544,0,0,,0.21428569897959293,45444.25294117647,27107.6,66922.79999999999,5572,1,0
0.7620088147144828,-0.5039311939761771,0,0,,-0.36363634710743875,18461.89285714286,2492.5,36585.799999999996,5572,2,0
-0.2717202242516703,-0.34557894257169786,0,0,,1.199999880000012,37216.39545454545,14098.1,106124.8,5572,3,0
-0.4879055917345676,-0.11842979988259876,0,0,,0.24999996875000394,56869.19,35861.4,36514.6,5572,4,0
0.13091289809846426,-0.05308073606584052,0,0,,-0.09999999500000024,51968.827777777784,31895.1,119456.2,6062,0,0
-0.20956133350182368,-0.05543209965913095,0,0,,0.05263157617728546,54882.005000000005,35986.9,95917.8,6062,1,0
0.19910897737301836,0.538222337701333,0,0,,-0.3448275743162905,58102.76315789474,20147.7,140314.80000000002,6062,2,0
-0.05472566850609885,-0.35685693933918705,0,0,,0.3181818037190089,37772.66896551724,17799.6,110387.8,6062,3,0
0.7446949883456229,0.08655342518675392,0,0,,-0.04347825897920613,58731.363636363654,25566.1,139687.80000000002,6062,4,0
-0.42711610714218984,-0.08989009468279885,0,0,,0.045454543388429844,54052.90000000001,30403.7,124261.8,6062,5,0
0.16658275823410637,0.09306518602040123,0,0,,-0.11999999520000018,59391.61818181817,32804.2,132977.80000000002,6062,6,0
-0.14168424688222164,-0.19384894131693442,0,0,,1.4999998500000151,54334.928,32782.8,117692.79999999999,6062,7,0
0.7415483067366906,0.9409100333194846,0,0,,0.99999980000004,67400.43,48376.0,112300.0,6062,8,0
0.058737946503324624,0.11156737671291889,0,0,,-0.041666664930555625,36995.56521739131,26361.2,40128.0,7437,0,0
-0.10103684803177161,0.13475392391750848,0,0,,-0.03999999840000006,33282.34166666667,26728.7,52005.0,7437,1,0
0.3545058642428814,0.17550593300917158,0,0,,-0.13793102972651622,29330.007999999998,15962.6,52070.0,7437,2,0
-0.06296662621849541,-0.451398044948599,0,0,,1.0714284948979647,24950.965517241377,13026.6,62366.0,7437,3,0
0.3790325075333745,1.0013861538190132,0,0,,1.3333331111111482,45481.00000000001,32857.9,41461.0,7437,4,0
0.05849591128694411,0.10361162638086584,0,0,,-0.041666664930555625,39897.086956521736,29250.6,40128.0,38,0,0
-0.10095279084207959,0.14146873755773626,0,0,,-0.03999999840000006,36151.38333333333,29606.5,52005.0,38,1,0
0.3545548676685848,0.22207152717710554,0,0,,-0.13793102972651622,31670.936,18793.7,51970.0,38,2,0
-0.06247884129724804,-0.4348244141300161,0,0,,1.0714284948979647,25915.77931034482,15670.6,60166.0,38,3,0
0.3789959474440563,1.0178169490651334,0,0,,1.3333331111111482,45854.38571428571,32857.9,40961.0,38,4,0
-0.32428754064596305,-0.08773406127436417,0,0,,-0.08695651795841226,79231.87142857144,55125.5,177696.2,7990,0,0
0.6756379028980695,0.684070867190285,0,0,,0.27777776234567986,86851.7260869565,44323.9,148388.80000000002,7990,1,0
0.155040106106057,-0.14033598524683016,0,0,,-0.21739129489603065,51572.48888888888,20445.0,94817.8,7990,2,0
-0.3021339593930504,-0.027560600170641603,0,0,,-0.041666664930555625,59991.44782608694,30999.9,136826.80000000002,7990,3,0
0.1584745164519438,-0.08797611449308337,0,0,,0.09090908677685969,61691.708333333336,31136.8,152617.8,7990,4,0
0.06861679121698794,0.16199628663945215,0,0,,0.0,67642.64545454545,43396.4,122908.8,7990,5,0
-0.1763049984389702,-0.14268821410115368,0,0,,-0.08333332986111125,58212.445454545435,36109.7,174317.80000000002,7990,6,0
-0.27743057047889097,-0.13955687921444307,0,0,,0.09090908677685969,67901.1375,39852.9,150328.8,7990,7,0
0.8187006042720926,0.5832448894719402,0,0,,2.6666662222222963,78914.15,53783.7,208440.2,7990,8,0
-0.26062477296936765,0.14396145273691827,0,0,,-0.12499999218750048,44410.778571428564,34732.8,20773.2,10774,0,0
-0.0477091586843263,0.11974986252458102,0,0,,-0.05882352595155729,38821.91875,25277.7,17107.8,10774,1,0
0.28810125387150637,0.1337943000820286,0,0,,-0.10526315235457093,34670.1705882353,20773.3,31867.8,10774,2,0
0.5146989348278527,-0.016104780805077882,0,0,,0.055555552469135974,30578.889473684212,25120.5,31787.8,10774,3,0
-0.17115056826966737,0.3335098062722592,0,0,,0.9999998888889013,31079.416666666668,24448.3,35325.2,10774,4,0
3.6094645831018553,5.0,0,0,,3.499998250000875,23306.477777777778,6616.0,0.0,10774,5,0
0.024598950730123772,-0.23111224735124555,0,0,,-0.03999999840000006,49911.345833333326,20951.7,123470.0,2720,0,0
0.16895945931378825,0.14786369621837564,0,0,,0.041666664930555625,64913.695999999996,36222.2,154152.0,2720,1,0
0.033507774942453834,-0.11607615838004805,0,0,,0.0,56551.74583333334,16783.7,95079.0,2720,2,0
-0.517132520766944,-0.12764079352685748,0,0,,-0.2941176384083048,63978.07500000001,27594.6,128765.0,2720,3,0
0.16025546416263495,-0.1168163327477699,0,0,,0.41666664930555625,73339.14117647058,29688.1,303265.0,2720,4,0
5.0,5.0,0,0,,5.0,83039.5125,23793.5,173610.0,2720,5,0
0.11124102591923526,0.06736736746570036,0,0,,-0.12499999218750048,34193.40714285713,24120.6,38587.2,6495,0,0
-0.13871725096861554,-0.11437757645916855,0,0,,-0.15789472853185638,32035.275,23846.3,31801.8,6495,1,0
0.2172186591804,-0.028079571717449705,0,0,,0.055555552469135974,36172.61052631579,23185.8,60261.799999999996,6495,2,0
0.19600805579570277,-0.0782846731879691,0,0,,-0.05263157617728546,37217.66666666667,31192.7,54161.799999999996,6495,3,0
-0.16672878795417537,-0.19655250632359095,0,0,,0.055555552469135974,40378.700000000004,31170.4,72035.8,6495,4,0
-0.23908423754893263,0.18935456169835607,0,0,,-0.14285713605442207,50256.8,38219.2,49741.8,6495,5,0
0.3182778502230189,0.1861155857262447,0,0,,0.10526315235457093,42255.52380952382,31001.0,65741.79999999999,6495,6,0
-0.14313371429753502,-0.23613150916814882,0,0,,0.18749998828125072,35625.131578947374,27550.3,55381.799999999996,6495,7,0
0.1251858418658146,0.6369238389467269,0,0,,0.9999998750000157,46637.78125,31955.3,78186.6,6495,8,0
0.15958951348510478,-0.18002345937251935,0,0,,0.0,50130.021052631586,24289.8,123591.2,8784,0,0
-0.14074921849010466,0.10739883892345886,0,0,,-0.13636363016528952,61135.92105263158,33627.9,110034.80000000002,8784,1,0
0.16717593821844812,0.2685160578608441,0,0,,-0.18518517832647488,55206.777272727275,26299.3,92852.8,8784,2,0
-0.1406259516667197,0.0841990388331668,0,0,,0.07999999680000013,43520.75555555555,19059.9,97134.8,8784,3,0
0.1648415104627085,-0.13394872709226635,0,0,,0.19047618140589612,40140.928,25954.5,134634.8,8784,4,0
-0.1418442558506413,0.06388029233712053,0,0,,-0.045454543388429844,46349.36666666667,30349.3,120834.8,8784,5,0
0.16308153449128043,-0.27076569278268064,0,0,,0.2941176297577865,43566.33636363637,20976.5,116591.8,8784,6,0
0.19304380558637518,0.4039458672297734,0,0,,0.8888887901234679,59742.57647058824,32807.8,134265.6,8784,7,0
0.1022848531318548,0.10054650377603677,0,0,,-0.18181817355371938,15902.266666666663,10646.4,11273.2,9227,0,0
-0.1981355830356771,-0.1921887647590561,0,0,,-0.08333332986111125,14449.427272727275,6146.8,17987.8,9227,1,0
0.3361949653828004,-0.14536957196387124,0,0,,0.4117646816609011,17887.133333333335,12766.0,21387.8,9227,2,0
0.01681087888637181,0.778053948339769,0,0,,0.8888887901234679,20929.670588235294,14773.6,17762.6,9227,3,0
4.14924156518238,1.1462576964129845,0,0,,0.4117646816609011,76350.50416666667,11806.2,223388.2,4533,0,0
-0.6778625500160587,-0.48739401780230723,0,0,,-0.3928571288265311,35573.782352941176,22157.1,77493.79999999999,4533,1,0
-0.4188544635215861,-0.036538344788488976,0,0,,-0.034482757431629055,69397.90714285715,37876.9,173162.8,4533,2,0
2.1244912409174783,0.14599413618970486,0,0,,2.2222219753086696,72029.75517241379,39088.0,322975.79999999993,4533,3,0
4.545508474319463,5.0,0,0,,1.9999993333335555,62853.51111111111,39802.2,51000.0,4533,4,0
0.1641476959245626,-0.05240369523840351,0,0,,-0.04761904535147403,31826.520000000008,13202.4,85100.2,10652,0,0
-0.14238966911224016,-0.10057124621371916,0,0,,0.04999999750000012,33586.58095238095,12066.2,81299.8,10652,1,0
0.16625419220355808,0.025004396924211202,0,0,,-0.2592592496570648,37342.125,17217.6,82500.8,10652,2,0
-0.1431689729451979,-0.07640132268310462,0,0,,0.17391303591682453,36431.18518518518,20912.4,110475.8,10652,3,0
0.16287234054049135,-0.2845553321692473,0,0,,0.21052630470914185,39444.82173913043,15597.1,86033.8,10652,4,0
-0.13943991711858084,0.18375607982731054,0,0,,1.1111109876543348,55133.2947368421,20769.5,125841.2,10652,5,0
0.16366245845405336,0.16223226227314436,0,0,,-0.06666666222222252,85280.62857142859,55208.8,125713.0,7733,0,0
-0.1623564130422857,0.04120771345008644,0,0,,-0.28571427210884415,73376.58,49576.5,102775.0,7733,1,0
0.1744017453549636,0.23000024289196916,0,0,,-0.12499999479166687,70472.56666666668,46651.7,154816.0,7733,2,0
-0.12775294735807466,-0.16242945843558548,0,0,,0.1999999900000005,57294.75833333334,33589.0,104659.0,7733,3,0
0.16586099049692116,0.08207294941953658,0,0,,-0.04761904535147403,68405.89,39537.5,147225.0,7733,4,0
-0.14245087197463738,-0.17586149717382246,0,0,,0.04999999750000012,63217.44761904763,31299.2,152691.0,7733,5,0
0.16735562149843136,0.23530205127987222,0,0,,0.0,76707.31000000001,42722.5,139855.0,7733,6,0
-0.14458419532082128,-0.0997779961534441,0,0,,0.0,62095.99500000002,35940.4,103390.0,7733,7,0
0.16947584765294268,0.10555024472861528,0,0,,1.2222220864197684,68978.535,27069.8,182972.0,7733,8,0
-0.1007494973796926,0.036070236410033076,0,0,,0.06249999609375024,50584.71764705883,44101.8,20731.2,3143,0,0
0.06310189330074725,0.16763775447099782,0,0,,-0.11111110493827195,48823.637500000004,40911.0,14425.800000000001,3143,1,0
-0.20736844610066127,0.13681747856033563,0,0,,-0.18181817355371938,41814.027777777774,31436.0,28085.8,3143,2,0
0.08288192459249331,-0.0534093091660953,0,0,,0.15789472853185638,36781.654545454556,26978.3,37045.799999999996,3143,3,0
0.03872222262689252,0.4296937391865171,0,0,,-0.09523809070294806,38856.97894736842,29480.6,31891.8,3143,4,0
0.8252045520808257,0.0631461252831664,0,0,,0.1666666574074079,27178.533333333333,16434.6,35925.799999999996,3143,5,0
0.09698765239121586,-0.15619293713832133,0,0,,0.2857142653061239,25564.25,17604.2,31245.800000000003,3143,6,0
-0.35674948829589015,0.6787060440973001,0,0,,0.7499999062500118,30296.321428571428,19625.5,25988.6,3143,7,0
0.644944798334459,-0.10946380140584919,0,0,,-0.045454543388429844,20129.757142857143,13797.0,16499.2,6453,0,0
-0.383059338193973,-0.21709233196598338,0,0,,-0.04347825897920613,22604.08636363636,16869.0,20473.8,6453,1,0
-0.04885547232147757,0.3773435789638418,0,0,,-0.17857142219387778,28871.969565217398,22468.2,19193.8,6453,2,0
0.49859764623810104,-0.0278750861977639,0,0,,0.07692307396449716,20962.067857142858,15629.2,18213.8,6453,3,0
0.1341889854417431,-0.11276513945240514,0,0,,0.18181817355371938,21563.142307692306,18438.0,19093.8,6453,4,0
-0.17532222365738034,-0.11107323568671924,0,0,,-0.11999999520000018,24303.759090909094,20443.8,17293.8,6453,5,0
-0.375477681097021,0.4651710551372726,0,0,,-0.07407407133058995,27340.564,24006.3,11693.8,6453,6,0
0.6027679315703992,-0.3121981460803834,0,0,,0.6874999570312527,18660.32222222222,12535.9,24353.8,6453,7,0
-0.4175525152121462,0.8059571465002768,0,0,,0.9999998750000157,27130.375,22587.9,14884.6,6453,8,0
-0.6284407703317654,-0.290861576096893,0,0,,-0.19354838085327802,61032.504,35235.5,79188.0,7181,0,0
0.5790486847765653,0.1257039015911577,0,0,,-0.031249999023437534,86065.71290322582,42048.7,128272.0,7181,1,0
-0.2585216317508659,0.13993551101930002,0,0,,-0.17948717488494426,76455.01875,47646.4,149262.0,7181,2,0
3.7242955282860915,0.43248815708261157,0,0,,0.6956521436672981,67069.60000000002,34247.9,125261.0,7181,3,0
-0.21223615298677675,0.2053636322751672,0,0,,-0.11538461094674572,46820.35217391304,32718.2,28006.0,7181,4,0
0.08792545069993739,0.30116889807281244,0,0,,0.03999999840000006,38843.342307692306,25454.1,31813.0,7181,5,0
-0.24042956198390575,-0.03616223241686358,0,0,,-0.21874999316406274,29852.652,14854.9,29943.0,7181,6,0
-0.36815943955177566,-0.33624967105804154,0,0,,0.10344827229488716,30972.69375,14774.3,76526.0,7181,7,0
-0.5350696053484171,-0.3575098754801002,0,0,,0.20833332465277812,46663.16896551723,26316.3,97043.0,7181,8,0
3.714595604356247,2.71131693011857,0,0,,5.0,72628.61666666667,47694.6,169148.0,7181,9,0
0.34360587137767334,0.026123167020370784,0,0,,0.06249999609375024,33980.447058823534,29291.3,22295.2,938,0,0
-0.24476521737914217,0.048775030784666176,0,0,,0.3333333055555579,33115.368749999994,27901.1,19069.8,938,1,0
-0.311075509536732,0.41900756495757563,0,0,,0.33333329629630043,31575.28333333333,25812.2,7811.200000000001,938,2,0
0.40407007948055984,-0.17158422938436885,0,0,,-0.11111110493827195,35585.243749999994,24855.7,32130.199999999997,2622,0,0
-0.2291370423469831,0.02395926395036913,0,0,,0.05882352595155729,42955.777777777774,29291.2,32764.799999999996,2622,1,0
-0.30205558045941566,0.45098363661753477,0,0,,-0.3199999872000005,41950.6705882353,29313.5,35044.799999999996,2622,2,0
0.5948346906972359,-0.34671628828097123,0,0,,0.2499999875000006,28911.884,15309.3,58004.799999999996,2622,3,0
-0.050909843795557526,0.10923581819406544,0,0,,0.17647057785467188,44256.24500000001,30835.3,54164.799999999996,2622,4,0
-0.14447774941213273,0.6205290027757091,0,0,,-0.14999999250000037,39897.95882352941,31852.9,38644.799999999996,2622,5,0
0.039527066423894495,0.030455509360035646,0,0,,-0.1666666597222225,24620.33,13195.6,47364.799999999996,2622,6,0
0.3056982499925015,-0.3057970981652627,0,0,,1.6666664814815022,23892.666666666668,12008.5,59864.799999999996,2622,7,0
0.36983990484421053,1.3915595023152725,0,0,,0.799999840000032,34417.41111111111,24827.5,18300.0,2622,8,0
0.16495984117330298,0.10860021262179852,0,0,,0.07142856632653098,69235.77333333335,38661.7,157059.2,7049,0,0
-0.14131871762132125,0.4285328338898403,0,0,,-0.2222222098765439,62453.32857142856,41829.1,109227.8,7049,1,0
0.16475913326613068,-0.15552484776022635,0,0,,0.3846153550295881,43718.51111111111,17531.2,147041.80000000002,7049,2,0
0.19667546694682608,0.17095158884107978,0,0,,0.6249999218750099,51770.03846153847,12850.4,171314.6,7049,3,0
1.4016980893556146,0.26873116774536576,0,0,,0.3571428316326549,88529.6684210526,44622.9,137920.2,3562,0,0
-0.7086954069828157,-0.18899193067743453,0,0,,-0.4615384437869829,69778.11428571428,37922.9,117866.80000000002,3562,1,0
2.3858900989051897,0.7836397143164513,0,0,,0.18181817355371938,86038.74230769232,50052.9,200265.80000000002,3562,2,0
-0.2910941084960583,-0.13379709763458392,0,0,,0.15789472853185638,48237.73636363637,25682.8,66652.8,3562,3,0
0.4088749369334293,0.18423142775664447,0,0,,0.055555552469135974,55688.72631578948,20110.2,86317.8,3562,4,0
1.8244648948193476,0.2517092506570399,0,0,,0.2857142653061239,47025.205555555556,21179.4,67202.8,3562,5,0
-0.5674615042611338,-0.18110110147677355,0,0,,-0.26315788088642733,37568.792857142864,27501.3,59369.799999999996,3562,6,0
-0.7797050245820863,-0.49544175319513134,0,0,,-0.2962962853223598,45877.20526315789,19488.2,84123.8,3562,7,0
0.4946917238962212,0.46195603536465973,0,0,,0.9285713622449028,90925.48888888887,45086.9,244643.80000000002,3562,8,0
0.1595234887665865,0.019825943119282086,0,0,,0.19999998666666757,43146.544444444444,34351.2,44759.2,1776,0,0
-0.14054029466568516,0.06803718006658845,0,0,,-0.1666666574074079,42307.753333333334,35200.4,37273.799999999996,1776,1,0
0.1664737263487376,0.12165187691812678,0,0,,-0.24999998958333375,39612.62222222222,30240.6,39873.799999999996,1776,2,0
-0.14220103770714462,-0.2162023359607572,0,0,,0.8461537810650938,35316.325000000004,23753.3,47373.8,1776,3,0
0.4855478005769954,1.2712857574127392,0,0,,0.857142734693895,45057.961538461546,37507.3,33714.6,1776,4,0
0.16269736445496905,0.08240555859216803,0,0,,-0.06666666222222252,34086.25714285714,19120.5,51372.2,6061,0,0
-0.1476945965853738,-0.2053672732930301,0,0,,-0.1666666574074079,31491.20666666666,16673.3,60306.799999999996,6061,1,0
0.1727321855914038,0.06601617231019881,0,0,,-0.27999998880000043,39629.88888888889,24616.3,88046.80000000002,6061,2,0
-0.14362935077487063,-0.2564475778858571,0,0,,0.3888888672839518,37175.691999999995,16307.0,70746.8,6061,3,0
0.7358530841415944,-0.025476832872546776,0,0,,0.12499999218750048,49997.40555555556,30243.6,60065.799999999996,6061,4,0
-0.4220612112730676,0.21603704322086487,0,0,,0.7777776913580343,51304.48125,28138.4,78431.2,6061,5,0
2.362840701148109,1.8105364834251534,0,0,,1.9999993333335555,42189.899999999994,21689.0,34000.0,6061,6,0
0.16194733216652563,0.08411944978497284,0,0,,-0.2857142653061239,51425.33,40171.3,42912.2,7721,0,0
-0.1409078765677748,0.0925910661719488,0,0,,-0.12499999218750048,47435.11428571429,33273.2,54491.799999999996,7721,1,0
-0.01681771764084555,0.5288093868838672,0,0,,-0.333333319444445,43415.25,26775.0,70750.79999999999,7721,2,0
0.014589923040340414,-0.4840070272975594,0,0,,0.5999999600000027,28398.079166666666,11056.1,65520.799999999996,7721,3,0
0.1696725872255465,0.38365968795590083,0,0,,0.6666665925926009,55035.78666666666,14526.1,107029.20000000001,7721,4,0
5.0,-0.24676192271172706,0,0,,-0.24999996875000394,12778.533333333333,10541.9,1929.1999999999998,10812,0,0
-0.9947247961133762,-0.4680327619023725,0,0,,-0.42857139795918586,16964.800000000003,10253.6,8043.800000000001,10812,1,0
-0.6288324131597594,-0.4546131648803433,0,0,,-0.26315788088642733,31890.68571428571,15923.0,37943.799999999996,10812,2,0
0.7396167789988676,0.2815063969928637,0,0,,-0.04999999750000012,58473.515789473684,19123.0,135603.8,10812,3,0
-0.5145722386514813,-0.4321149658985284,0,0,,-0.04761904535147403,45628.735,20148.1,105974.79999999999,10812,4,0
0.4845871977826118,0.9945120912826394,0,0,,0.1666666574074079,80348.54285714283,40132.6,123243.80000000002,10812,5,0
5.0,-0.21749300879947292,0,0,,-0.24999996875000394,14994.799999999997,12766.9,1929.1999999999998,3460,0,0
-0.9941847668251094,-0.46767630016360606,0,0,,-0.42857139795918586,19162.5125,12461.1,8043.8,3460,1,0
-0.6286893372167746,-0.45060111582133233,0,0,,-0.2222222098765439,35997.857142857145,21464.7,37243.799999999996,3460,2,0
0.7393579002928145,0.34341833778721015,0,0,,-0.14285713605442207,65522.2611111111,20576.4,132003.8,3460,3,0
-0.5144190295159697,-0.3843821979370768,0,0,,-0.045454543388429844,48772.79047619047,21655.6,108474.79999999999,3460,4,0
0.48461976071526763,0.9264265163707777,0,0,,0.2941176297577865,79225.76363636364,42932.6,125743.8,3460,5,0
0.1584056870872339,-0.11454218969829133,0,0,,0.0,52553.05,42258.3,55458.2,303,0,0
-0.14079952807030544,0.07815551264279294,0,0,,-0.05882352595155729,59351.275,50999.3,40932.8,303,1,0
0.16619521511936142,0.11626627122169994,0,0,,-0.14999999250000037,55048.9,46414.6,38012.799999999996,303,2,0
0.19471429956570063,-0.060218130714453436,0,0,,0.11111110493827195,49315.205,38262.9,54052.799999999996,303,3,0
-0.19522691464288697,0.08195960604732266,0,0,,0.0,52475.16111111111,44515.6,49872.799999999996,303,4,0
-0.2692514380371,0.23266941153806722,0,0,,-0.05263157617728546,48500.11111111111,39684.9,31452.8,303,5,0
0.42723028833599563,0.04429514094381418,0,0,,-0.04999999750000012,39345.59473684211,19261.7,71429.8,303,6,0
-0.1420481281037327,-0.17612645751206316,0,0,,0.24999998437500096,37676.70000000001,25715.4,42992.799999999996,303,7,0
0.059875748323929535,0.8669755248594431,0,0,,0.9999998750000157,45731.168750000004,35313.4,54120.6,303,8,0
0.16292458794344117,-0.05444034812288587,0,0,,0.07692307100591762,59679.93571428571,34838.9,89212.0,2279,0,0
-0.142080133581426,0.06850179198284444,0,0,,-0.23529410380622917,63115.99230769231,47043.9,86146.0,2279,1,0
0.16516373232482578,-0.11019576280534739,0,0,,0.0,59069.617647058825,33829.9,128403.0,2279,2,0
-0.14077104450768135,0.35134999736112693,0,0,,0.06249999609375024,66384.95882352942,46116.3,131561.0,2279,3,0
0.16510186184255982,-0.0034399635739526956,0,0,,-0.1999999900000005,49124.91875,22167.8,104203.0,2279,4,0
0.14530713611567506,0.21721119267538924,0,0,,0.17647057785467188,49294.49000000001,24742.8,131912.0,2279,5,0
-0.12767497487566568,-0.33085566967177715,0,0,,0.0,40497.894117647054,12556.7,96018.0,2279,6,0
-0.1416715610092269,0.23785391432024688,0,0,,1.1249998593750177,60521.91176470588,30323.2,182216.0,2279,7,0
2.134707750668712,0.5956407550971634,0,0,,0.2222222098765439,50510.68181818183,7346.0,169554.2,4116,0,0
-0.637358851449731,-0.5460522687451702,0,0,,-0.27999998880000043,31655.42222222222,11245.7,79987.8,4116,1,0
0.5647960637271876,-0.06664224077309307,0,0,,0.9230768520710114,69733.62799999998,31841.9,246607.8,4116,2,0
2.4273843030801254,1.2247541149000103,0,0,,0.857142734693895,74712.64615384614,25052.4,113314.6,4116,3,0
-0.3128498774066386,-0.18635621600282032,0,0,,-0.20833332465277812,41678.23157894737,8207.4,83213.0,3005,0,0
0.7002080558954313,0.03759301612479569,0,0,,0.09090908677685969,51224.174999999996,7224.5,157837.0,3005,1,0
-0.23401249929744256,-0.19627169470330502,0,0,,0.37499997656250145,49368.27272727273,2095.3,154837.0,3005,2,0
5.0,2.722671590744081,0,0,,4.33333188888937,61424.08125,25000.0,75179.0,3005,3,0
5.0,-0.0999999999945454,0,0,,0.0,16500.0,14800.0,200.0,3005,4,0
-0.9230769228994082,-0.18639053253610693,0,0,,0.0,18333.333333333332,13300.0,9200.0,3005,5,0
-0.7127071822810659,1.0609756096590568,0,0,,0.0,22533.333333333332,22100.0,1200.0,3005,6,0
0.1616222566887984,0.11440156639589134,0,0,,-0.05882352595155729,34479.38125,22241.7,64621.2,8639,0,0
-0.14047178848626687,0.11115349680475936,0,0,,-0.10526315235457093,30939.817647058826,19678.6,39317.8,8639,1,0
0.15182811871040136,-0.02411297529765622,0,0,,-0.23999999040000036,27844.77368421053,17649.5,59198.799999999996,8639,2,0
-0.13117211626773037,-0.25334896445305616,0,0,,1.083333243055563,28532.784000000003,19524.8,76591.8,8639,3,0
2.16127210857509,1.3459268025639621,0,0,,1.399999720000056,38214.35,31288.5,45800.0,8639,4,0
-0.21490299363905305,0.04793514362482251,0,0,,-0.04347825897920613,25642.87272727273,16674.8,18997.2,8919,0,0
0.14351298774946739,0.16323941565235042,0,0,,0.0,24469.904347826083,19300.0,12031.800000000001,8919,1,0
-0.07955105600089526,0.20459661096011258,0,0,,-0.1481481426611799,21036.0,16626.4,14651.800000000001,8919,2,0
0.06497812674974864,-0.2993739422896072,0,0,,0.12499999479166687,17463.10740740741,12962.5,24911.8,8919,3,0
-0.0738393643691994,0.26631847820299376,0,0,,1.1818180743801752,24925.00416666667,13050.0,32321.199999999997,8919,4,0
3.5802055569889215,5.0,0,0,,4.499997750001125,19683.045454545452,5271.6,0.0,8919,5,0
0.08635834199975534,0.1508622047484314,0,0,,-0.17241378715814526,54126.958333333336,44750.7,37784.2,9159,0,0
-0.1433060449507337,-0.08389724985173241,0,0,,-0.033333332222222255,47031.65862068966,31771.8,40818.799999999996,9159,1,0
0.16284807829069345,0.1584769719725661,0,0,,-0.16666666203703717,51338.84666666667,34800.5,65718.8,9159,2,0
-0.10760449637149108,-0.015881116950459892,0,0,,0.05882352768166096,44315.81111111111,32489.2,54298.799999999996,9159,3,0
0.6846090125249255,0.20373449027675225,0,0,,0.13333332888888902,45030.95294117647,33643.9,49471.799999999996,9159,4,0
-0.3858890976136457,0.02165186294993004,0,0,,0.0,37409.37333333334,31021.0,45725.799999999996,9159,5,0
0.08175020988166258,0.23403162769426825,0,0,,-0.09090908815427007,36616.55666666667,25953.7,51229.799999999996,9159,6,0
-0.07661424587460962,-0.35231493800666597,0,0,,0.4347825897920613,29672.300000000003,19212.5,39558.8,9159,7,0
0.06330607834125708,0.7337604771567071,0,0,,1.299999870000013,45812.852173913045,25788.5,78701.6,9159,8,0
0.16476074025828405,-0.02679697666829383,0,0,,-0.04761904535147403,31159.689999999995,16224.8,86721.2,7099,0,0
-0.14308596977068497,-0.1440310706416503,0,0,,-0.08695651795841226,32017.666666666668,17569.7,82833.8,7099,1,0
0.14782428253147428,0.4699428880564164,0,0,,-0.1481481426611799,37405.17391304348,19908.4,93133.8,7099,2,0
-0.12999235156278535,-0.4647470283256035,0,0,,-0.035714284438775556,25446.685185185186,3850.8,97141.8,7099,3,0
0.7421703656606694,-0.071541087831933,0,0,,0.27272726033057904,47541.41785714286,29352.4,113977.8,7099,4,0
-0.4261904577044883,0.015863657562220437,0,0,,-0.15384614792899431,51204.65454545455,37267.5,80805.8,7099,5,0
0.11759436980038826,0.28011830140205496,0,0,,-0.1874999941406252,50405.04615384615,33436.7,96860.8,7099,6,0
-0.10519319218202185,-0.3656101551113936,0,0,,1.909090735537206,39375.303125000006,18644.3,113415.79999999999,7099,7,0
0.728065086225044,1.1144558551909052,0,0,,1.199999760000048,62067.99090909091,39637.8,83728.0,7099,8,0
0.16354199030194744,-0.00020735230181635308,0,0,,-0.04347825897920613,21538.559090909093,9860.2,50831.0,10915,0,0
-0.2925004534607468,0.08130551995802927,0,0,,-0.1481481426611799,21543.02608695652,11488.0,42061.0,10915,1,0
0.09218717471589717,0.11660398701348888,0,0,,-0.09999999666666677,19923.16296296296,4835.2,50861.0,10915,2,0
0.11166769938052588,0.10875335652078223,0,0,,0.19999999200000032,17842.64,5768.6,61055.0,10915,3,0
0.1625092481463017,-0.4155593443585828,0,0,,-0.03846153698224858,16092.524000000001,4275.8,48641.0,10915,4,0
-0.14167566761999184,-0.1948351334027854,0,0,,1.5999998400000162,27534.915384615386,10862.1,65814.0,10915,5,0
2.089643268004048,1.6732741839614405,0,0,,1.4999996250000938,34197.86,24525.0,36800.0,10915,6,0
1.1614769434002217,0.7702626410135033,0,0,,0.13333332444444504,63856.205882352944,30203.9,99226.0,2728,0,0
0.0989331215402987,-0.13731014883889822,0,0,,-0.11764705190311459,36071.6,18592.0,60156.0,2728,1,0
-0.5779483774946095,-0.10753039123740629,0,0,,-0.2916666545138894,41812.94117647058,19839.7,46730.0,2728,2,0
1.122036866834507,-0.14412682652619527,0,0,,0.4999999687500019,46850.82916666666,22542.9,123056.0,2728,3,0
-0.49030554726914316,-0.19045768985525063,0,0,,0.7777776913580343,54740.3875,30551.0,75340.0,2728,4,0
3.117678253491784,3.8418555246494193,0,0,,3.499998250000875,67618.93333333332,27532.4,80000.0,2728,5,0
-0.09346827685713745,0.17295417583413253,0,0,,0.0,68863.37333333334,24606.2,162929.2,3161,0,0
0.4129741894831315,-0.07220068881046397,0,0,,-0.1666666574074079,58709.34666666667,26989.8,111943.8,3161,1,0
-0.3242172436924833,-0.027271709440903617,0,0,,-0.18181817355371938,63278.066666666666,34301.0,138968.80000000002,3161,2,0
1.2301088783330258,1.1321804388508734,0,0,,0.2222222098765439,65052.150000000016,42267.6,103843.80000000002,3161,3,0
0.048710999272390525,-0.23270049612230265,0,0,,0.05882352595155729,30509.68333333333,4089.9,27477.800000000003,3161,4,0
-0.3858584508805101,-0.2897046143231754,0,0,,0.3076922840236705,39762.41764705882,11089.9,82244.79999999999,3161,5,0
5.0,0.9341007712783174,0,0,,0.857142734693895,55980.11538461538,28565.8,101230.6,3161,6,0
5.0,0.012194758429983634,0,0,,0.16666663888889352,28943.742857142854,24822.9,5100.0,3161,7,0
-0.9895568667922795,1.0144837892060459,0,0,,0.199999960000008,28595.03333333333,24986.8,8800.0,3161,8,0
0.16080090824398788,-0.015278284327439879,0,0,,-0.17647057785467188,46670.88571428571,36446.6,50884.2,5944,0,0
-0.14176039048503128,-0.0781209578423784,0,0,,-0.10526315235457093,47395.0,37681.2,64098.799999999996,5944,1,0
0.16664404499809288,0.1921683281951842,0,0,,-0.13636363016528952,51411.29999999999,34104.2,70798.79999999999,5944,2,0
-0.1425491845320321,-0.12541524883093233,0,0,,0.09999999500000024,43124.19545454546,28192.4,63498.799999999996,5944,3,0
0.16555731968360396,0.020543047018161883,0,0,,1.2222220864197684,49308.19500000001,30653.7,72613.79999999999,5944,4,0
0.9538059355079959,1.0664755308172116,0,0,,1.249999687500078,48315.64444444445,35591.3,53500.0,5944,5,0
0.16249592492471698,-0.18371904798964533,0,0,,0.05882352595155729,59791.67222222223,32047.3,132053.2,10644,0,0
-0.1416028598257799,0.04742239179132547,0,0,,-0.2916666545138894,73248.88823529411,49976.3,96102.79999999999,10644,1,0
0.16745343373739208,0.4092207804151216,0,0,,-0.14285713775510223,69932.52083333333,34274.3,165593.8,10644,2,0
-0.1443277370572427,-0.3055450652281818,0,0,,0.6470587854671302,49624.95714285714,20121.5,117951.8,10644,3,0
0.1642490533533051,0.28518684188016274,0,0,,0.8888887901234679,71458.85882352942,44451.4,198559.2,10644,4,0
-0.3091883570134013,-0.09379394820738099,0,0,,-0.19999998666666757,39456.96666666667,26216.5,36588.2,4144,0,0
-0.22483678385287162,0.3197680194836752,0,0,,-0.1666666574074079,43540.833333333336,34025.3,30998.799999999996,4144,1,0
0.20459858883950252,0.05579390290101116,0,0,,0.0,32991.27777777778,20706.2,47202.799999999996,4144,2,0
-0.3679001336372547,-0.4286458319867232,0,0,,-0.21739129489603065,31247.83888888888,15267.5,42602.799999999996,4144,3,0
-0.46779822548947625,0.25860280192246204,0,0,,0.0,54690.839130434775,27705.5,103962.8,4144,4,0
-0.12988669109962858,-0.29292047431906904,0,0,,-0.11538461094674572,43453.61304347825,12252.7,171550.80000000002,4144,5,0
-0.24952516609108694,-0.023396256233653684,0,0,,-0.07142856887755111,61455.057692307695,29842.8,170466.80000000002,4144,6,0
2.5323560125173943,0.3041899466419408,0,0,,1.7999998200000182,62927.321428571435,13301.0,228710.80000000002,4144,7,0
-0.3719667610637579,-0.02166088113114655,0,0,,0.99999980000004,48250.12,32044.0,65410.6,4144,8,0
0.15905228127773402,0.03891266709237273,0,0,,-0.17647057785467188,33497.049999999996,16189.0,58567.2,5912,0,0
-0.1396195809931872,-0.11536413693212226,0,0,,-0.055555552469135974,32242.41176470588,16610.3,48281.799999999996,5912,1,0
-0.0043723752748315295,0.15946154376278787,0,0,,-0.05263157617728546,36447.1,24476.2,63881.799999999996,5912,2,0
0.00489632575773334,-0.09622000302972941,0,0,,0.0,31434.5052631579,19622.1,59794.799999999996,5912,3,0
0.12320542984025663,0.011081481915450057,0,0,,-0.04999999750000012,34781.14736842106,20179.8,54935.799999999996,5912,4,0
0.24322555307764449,0.1650530495648584,0,0,,0.05263157617728546,34399.945,22234.0,54750.799999999996,5912,5,0
-0.1672507492370485,-0.4050162429795245,0,0,,0.5833332847222263,29526.505263157895,13566.4,81586.8,5912,6,0
-0.18246819750806875,0.5849518300014054,0,0,,0.4999999375000079,49625.73333333333,35581.1,59460.6,5912,7,0
0.16341429119913228,0.030350476514959642,0,0,,-0.08695651795841226,62542.842857142845,43505.3,138823.0,9491,0,0
-0.14199801005775226,0.07238499932842304,0,0,,-0.041666664930555625,60700.55217391306,41744.1,127453.0,9491,1,0
0.16668028767444976,0.23123925741138773,0,0,,-0.17241378715814526,56603.32083333333,27214.2,133253.0,9491,2,0
-0.14207085137245845,-0.12364547882030297,0,0,,0.11538461094674572,45972.641379310335,19818.3,136553.0,9491,3,0
0.16341407042947076,-0.1530441091944096,0,0,,0.03999999840000006,52458.95384615385,19185.8,140506.0,9491,4,0
-0.14156148811616454,-0.06392222202233178,0,0,,-0.03846153698224858,61938.236000000004,28468.1,150578.0,9491,5,0
0.16668318265830825,0.2008122529986772,0,0,,-0.1612903173777317,66167.83076923077,34138.3,142910.0,9491,6,0
-0.14458532204033292,-0.26199760608261713,0,0,,0.9374999414062536,55102.561290322585,24448.5,134892.0,9491,7,0
0.7395560248143026,0.5392769377824012,0,0,,1.2857141020408425,74664.47499999999,38026.4,169551.0,9491,8,0
1.7514988791967325,0.5868903107303244,0,0,,0.4374999726562517,82100.58695652177,50141.6,194045.2,3403,0,0
1.2825762537396113,0.32322734524046054,0,0,,0.0,51736.775,32442.4,62582.799999999996,3403,1,0
-0.6631982262105166,-0.3220856362695472,0,0,,-0.333333319444445,39098.931249999994,19754.2,41143.8,3403,2,0
-0.02091907389587131,-0.012124474020771705,0,0,,0.14285713605442207,57675.325000000004,26104.8,141797.8,3403,3,0
0.6191895309299332,-0.06925685741883986,0,0,,0.39999997333333515,58383.190476190466,29969.6,106233.8,3403,4,0
-0.04707650487405474,0.5832281675774046,0,0,,1.99999960000008,62727.5,50493.9,85629.20000000001,3403,5,0
1.9419776588881097,0.785143590417436,0,0,,0.42857139795918586,75357.72,27483.0,203513.2,993,0,0
-0.1866032507597516,-0.2908004592159455,0,0,,-0.2222222098765439,42213.81428571429,21174.6,29730.8,993,1,0
-0.2162067429257554,-0.08986217980076323,0,0,,0.19999998666666757,59523.183333333334,40682.5,110050.8,993,2,0
5.0,1.1523213904323233,0,0,,1.4999997500000417,65400.186666666676,32925.5,96550.20000000001,993,3,0
0.6343165232748528,-0.21632141278428893,0,0,,0.0,30385.88333333333,28894.9,4600.0,993,4,0
-0.9787969469536151,-0.1952090389341823,0,0,,-0.24999996875000394,38773.4,32864.4,20700.0,993,5,0
0.14058277447745926,0.05605500418544523,0,0,,0.1428571224489825,48178.225000000006,38303.3,39400.0,993,6,0
0.11402929129765713,1.1627347389070934,0,0,,0.7499998125000469,45620.94285714285,28755.5,26500.0,993,7,0
0.16476129916942892,0.09307342261227046,0,0,,-0.11764705190311459,78315.02,48010.3,175149.2,10645,0,0
-0.14241316703468238,0.051937260088193146,0,0,,-0.2608695538752368,71646.62352941175,49415.7,96563.79999999999,10645,1,0
0.16667879772955904,0.19972548836495332,0,0,,-0.07999999680000013,68109.21739130435,27088.8,203063.80000000002,10645,2,0
0.19768598189824324,-0.08029148407959052,0,0,,0.19047618140589612,56770.668,25039.8,122563.8,10645,3,0
-0.16619734234898498,-0.06563745856783854,0,0,,-0.08695651795841226,61726.80476190476,31419.8,167606.80000000002,10645,4,0
-0.1425295143860163,-0.019937661569048633,0,0,,0.14999999250000037,66063.01304347828,35296.6,160668.80000000002,10645,5,0
0.1684889476299212,-0.09751859267986972,0,0,,0.99999990000001,67406.95,37964.5,186209.2,10645,6,0
1.9801848874200123,1.9721719060098621,0,0,,3.999998000001,74690.68000000001,39860.0,97900.0,10645,7,0
-0.79372217964269,-0.6516226141868007,0,0,,-0.6190475895691624,28686.0625,11461.4,23000.0,2988,0,0
5.0,2.288068833952747,0,0,,0.615384568047341,82341.91904761907,28833.5,196900.0,2988,1,0
-0.8097918679421093,-0.5650503645688258,0,0,,-0.34999998250000086,25042.638461538467,9912.7,42100.0,2988,2,0
-0.015498170742598816,0.17632942418477263,0,0,,-0.1304347769376184,57575.95000000001,25479.3,93400.0,2988,3,0
1.124240335689622,0.759819430436904,0,0,,0.6428570969387788,48945.43043478262,20413.0,151834.0,2988,4,0
-0.5775485187269326,-0.5676922456802679,0,0,,-0.36363634710743875,27812.757142857146,11028.4,24300.0,2988,5,0
-0.5624644831600601,-0.07983101113048234,0,0,,-0.33333332323232356,64335.549999999996,21294.5,221092.0,2988,6,0
5.0,3.521479243744896,0,0,,3.124999609375049,69917.10303030303,16863.8,244208.0,2988,7,0
-0.12561600194740302,0.13503187847583992,0,0,,-0.19999998666666757,49511.06666666666,38777.6,5929.200000000001,10799,0,0
0.04322686861845133,0.37391889092178104,0,0,,-0.06249999609375024,43620.86,36627.3,10743.800000000001,10799,1,0
0.3395850241516645,0.06199581145110319,0,0,,-0.1999999900000005,31749.225,20442.1,19043.799999999996,10799,2,0
-0.21947972658703216,0.12343899008633456,0,0,,1.2222220864197684,29895.809999999998,27874.0,17343.8,10799,3,0
0.4390453353124827,1.8956213932837496,0,0,,1.249999687500078,26610.977777777778,20049.3,8600.0,10799,4,0
-0.1285636930205363,0.04323557828846288,0,0,,0.0,49949.16666666667,44225.8,20965.2,7559,0,0
-0.1463275082867417,0.34145999831625495,0,0,,-0.21052630470914185,47879.08666666667,38120.5,13579.800000000001,7559,1,0
-0.0027369174378477374,0.44803296411761984,0,0,,-0.26923075887574005,35691.77368421053,25464.9,19379.8,7559,2,0
0.4047840086041157,-0.21012304919434827,0,0,,0.29999998500000075,24648.453846153843,14674.8,30679.799999999996,7559,3,0
0.1776762095647197,0.2400787630683794,0,0,,1.4999998125000236,31205.435000000005,25567.4,21167.8,7559,4,0
0.1666645926301558,1.331096947986688,0,0,,0.9999997500000625,25164.074999999997,19040.8,5400.0,7559,5,0
0.08026747562573502,-0.00733143259913112,0,0,,-0.1999999900000005,17222.24375,7812.3,43673.2,3916,0,0
-0.07540816560257577,0.0005651789771553142,0,0,,0.0,17349.440000000002,8183.1,49987.799999999996,3916,1,0
0.1628988775529106,-0.21656179798960307,0,0,,-0.04761904535147403,17339.639999999996,8188.4,48487.799999999996,3916,2,0
0.12356897703168247,-0.2681139120683142,0,0,,1.6249997968750256,22132.747619047615,7327.3,73925.20000000001,3916,3,0
1.5594269542766521,2.405100776668719,0,0,,2.99999850000075,30240.699999999997,19762.0,27900.0,3916,4,0
0.15920883800759034,-0.07562937968036833,0,0,,0.0,39662.27272727272,30521.6,38113.2,6706,0,0
-0.14144377930167107,-0.04057047032354321,0,0,,-0.11999999520000018,42907.32727272726,37450.1,39747.799999999996,6706,1,0
0.1647175139123453,0.03113796284945185,0,0,,0.041666664930555625,44721.708,36089.5,42747.799999999996,6706,2,0
-0.1425172500811486,-0.11739513454929444,0,0,,-0.07692307396449716,43371.21666666667,37191.6,52207.8,6706,3,0
0.16512374047062015,0.05097534171424868,0,0,,0.1304347769376184,49140.015384615384,41127.8,41127.799999999996,6706,4,0
-0.14168414541744548,-0.025460572134504738,0,0,,0.09523809070294806,46756.58260869565,41551.0,33801.799999999996,6706,5,0
-0.0023904566422292533,0.6047474603872522,0,0,,1.3333331851852017,47978.13333333333,35616.5,50565.2,6706,6,0
0.16187604610693127,-0.1645481702332409,0,0,,-0.15384614201183525,37420.05454545454,26601.0,66949.2,330,0,0
-0.14248053864536972,-0.03183599151330829,0,0,,-0.23529410380622917,44790.2,35477.8,46723.799999999996,330,1,0
0.16564113695486862,0.08155613857761561,0,0,,0.0,46263.029411764706,35215.0,77443.8,330,2,0
0.19805434322676774,-0.005811083739826141,0,0,,0.06249999609375024,42774.50588235294,27768.1,73163.79999999999,330,3,0
-0.16317557414400743,0.1560138911237568,0,0,,-0.05882352595155729,43024.524999999994,31245.0,78063.79999999999,330,4,0
-0.14446909996194687,-0.02689866436424497,0,0,,0.06249999609375024,37218.0,22743.5,42423.8,330,5,0
0.167318178052336,-0.21548284443220087,0,0,,0.4545454132231443,38246.7875,13350.5,105423.8,330,6,0
0.19892723756230302,0.6636957671265007,0,0,,1.199999760000048,48752.00909090909,34415.1,57740.0,330,7,0
0.14837028896691318,-0.0487681252988776,0,0,,-0.17647057785467188,53326.814285714296,43566.6,46613.2,226,0,0
-0.15907278552754514,-0.0022719761240052668,0,0,,0.0,56060.794117647056,48513.0,36467.8,226,1,0
-0.04490181980094645,0.21028296692094442,0,0,,-0.19047618140589612,56188.452941176474,40113.8,53427.8,226,2,0
0.0359867259152855,-0.06556445309003393,0,0,,0.10526315235457093,46425.88095238096,25271.1,77747.8,226,3,0
0.6761440950923597,0.06724724273152481,0,0,,-0.04999999750000012,49683.34210526316,41038.6,61247.799999999996,226,4,0
-0.37615047805712704,-0.05577956892203299,0,0,,1.2222220864197684,46552.795,36526.3,73547.79999999999,226,5,0
0.6125670041544371,1.2859828263479511,0,0,,0.799999840000032,49302.88888888889,32839.2,40600.0,226,6,0
0.1618166359226517,0.10568691659178263,0,0,,-0.09090908677685969,58619.56999999999,47419.4,34589.2,2000,0,0
-0.14070023847790122,0.1567829033748792,0,0,,-0.18518517832647488,53016.42727272727,37527.9,36783.799999999996,2000,1,0
0.16543436649416013,0.029625040393357536,0,0,,-0.12903225390218534,45830.922222222216,22445.1,70983.8,2000,2,0
-0.1424977477323881,-0.11355652098732044,0,0,,1.0666665955555603,44512.24516129033,33444.9,58163.799999999996,2000,3,0
0.6067532663981297,0.9949495843423579,0,0,,1.14285697959186,50214.42000000001,33197.4,55060.6,2000,4,0
-0.7598091081124968,-0.4271312728097107,0,0,,-0.4999999791666675,37926.191666666666,22999.8,63294.2,5180,0,0
1.6486707912002847,0.5191967321940717,0,0,,1.1818180743801752,66203.98333333334,18280.0,223957.8,5180,1,0
5.0,1.411939617039393,0,0,,2.666665777778074,43578.281818181815,12532.5,63719.6,5180,2,0
5.0,-0.021817858619239208,0,0,,-0.24999993750001562,18067.733333333334,13928.7,12300.0,5180,3,0
-0.9076923074130178,-0.26350372917791043,0,0,,-0.33333327777778704,18470.725,16620.7,9100.0,5180,4,0
-0.9354146380052977,-0.20702425513916362,0,0,,-0.1428571224489825,25079.183333333334,23920.9,400.0,5180,5,0
-0.2716574369051601,0.09716378156524157,0,0,,-0.15789472853185638,71542.18125,36218.4,76401.2,11328,0,0
1.2652972622814471,0.393903615973031,0,0,,0.0,65206.47368421053,26203.2,116146.8,11328,1,0
-0.3811894765874165,0.2618698897639803,0,0,,-0.23999999040000036,46779.75789473684,20382.2,65226.799999999996,11328,2,0
0.7300638236076123,0.2912540970086535,0,0,,0.5624999648437522,37071.776,19192.7,127340.8,11328,3,0
0.26587356905677284,-0.15306248675743048,0,0,,0.06666666222222252,28709.9,10774.7,50743.8,11328,4,0
1.035044389516928,-0.24104499729938778,0,0,,0.07142856632653098,33898.486666666664,21574.7,45643.799999999996,11328,5,0
-0.5537334718411039,0.09503760184768831,0,0,,0.5555554938271674,44664.68571428571,24755.0,67343.8,11328,6,0
-0.28325262184076566,-0.0033452458993449585,0,0,,0.285714244897965,40788.26666666667,29354.9,31000.0,11328,7,0
0.1637212759715677,-0.25425670493042674,0,0,,-0.23076921301775286,7684.42,488.6,20561.2,2055,0,0
-0.1430296550863166,-0.012493810127054588,0,0,,-0.13333332444444504,10304.376923076925,3710.6,24875.8,2055,1,0
0.12959399803742472,-0.08560791276845607,0,0,,-0.11764705190311459,10434.746666666668,2811.2,36175.799999999996,2055,2,0
-0.11741023721955851,-0.17486998429464162,0,0,,-0.055555552469135974,11411.676470588236,2229.7,30975.800000000003,2055,3,0
0.7379259045619577,-0.41190608649940097,0,0,,0.4999999583333368,13830.155555555557,5482.7,32811.799999999996,2055,4,0
-0.5249298953440273,0.1001847526571511,0,0,,0.4999999375000079,23516.916666666668,8142.4,49458.6,2055,5,0
0.08438525443414586,0.18347869611353054,0,0,,-0.10526315235457093,43933.588235294126,14507.9,76002.2,8713,0,0
-0.183882635770014,0.2231718764313623,0,0,,-0.13636363016528952,37122.41578947368,26772.9,24083.799999999996,8713,1,0
0.11291490173260209,0.4909456057269299,0,0,,-0.15384614792899431,30349.304545454543,8049.6,71705.8,8713,2,0
0.015251835715593976,-0.36221319530175644,0,0,,0.1304347769376184,20355.742307692304,1194.8,67721.8,8713,3,0
0.1649289519880729,-0.20034699019720922,0,0,,0.9166665902777842,31916.21739130436,16029.3,77643.8,8713,4,0
0.8448635899251565,0.8047008411382143,0,0,,1.399999720000056,39912.583333333336,33880.0,40200.0,8713,5,0
0.16797963266493054,2.742115333104364,-7,0,,-0.46428569770408223,28822.21333333333,8846.9,99457.2,4858,0,1
-0.14525628526392664,-0.6290450699830388,6,7,,0.21739129489603065,7702.117857142856,-6557.6,112805.29999999999,4858,1,1
0.16217712147857932,-0.37739278354415945,1,1,,-0.17857142219387778,20762.947826086955,-6652.7,155019.80000000002,4858,2,1
-0.14533337112264608,-0.4462552442565459,0,0,,0.3333333174603182,33348.389285714286,7325.0,159520.80000000002,4858,3,1
0.17069297731969538,0.13685586535489358,0,0,,0.7499999375000053,60223.39523809523,34043.0,163363.2,4858,4,1
0.16403057127316675,0.09096118416641996,0,0,,-0.2222222098765439,42932.05,22464.7,76942.2,10005,0,0
-0.14400200553022055,-0.22444499427043266,0,0,,-0.18181817355371938,39352.5,24768.7,93835.8,10005,1,0
0.1669812389097527,-0.1849686327495112,0,0,,1.4444442839506353,50741.08181818182,24442.1,156727.80000000002,10005,2,0
1.002952523329982,0.8854223844540944,0,0,,1.249999687500078,62256.600000000006,49228.9,87800.0,10005,3,0
0.1625964468426931,0.16174859749066883,0,0,,-0.18749998828125072,33219.18461538462,23967.1,40800.0,4467,0,0
-0.14198468763285874,-0.06469601894658733,0,0,,0.0,28594.125,14344.7,58971.0,4467,1,0
0.16700479208931573,0.16187729452194496,0,0,,-0.11111110493827195,30572.0125,13509.6,35043.0,4467,2,0
-0.14192024976007908,0.1005134594595168,0,0,,-0.09999999500000024,26312.599999999995,13541.9,30658.0,4467,3,0
0.15960625446447493,-0.34233909401806567,0,0,,0.3333333111111126,23909.385000000002,11288.3,52502.0,4467,4,0
-0.23307372209003913,0.34631276494746654,0,0,,0.6666665925926009,36355.18666666667,22292.0,69456.0,4467,5,0
0.09043453766495196,-0.13135090765409593,0,0,,-0.21052630470914185,41294.05999999999,22277.2,86243.2,10613,0,0
-0.1804067478044884,-0.15857517989392225,0,0,,0.0,47538.25263157895,25849.0,93499.8,10613,1,0
0.2987094703560491,-0.22553568988138475,0,0,,0.5833332847222263,56497.32631578947,17279.3,142471.80000000002,10613,2,0
0.1967781266360893,0.7995668928329508,0,0,,0.7142856122449125,72950.2,49851.6,94915.6,10613,3,0
0.16328556675262668,0.03673557700211803,0,0,,-0.1666666574074079,69584.54000000001,44372.2,92497.20000000001,1718,0,0
-0.14184837136819578,0.06339010729944945,0,0,,-0.05263157617728546,67118.88888888889,41103.1,116311.8,1718,1,0
0.1665518378508984,0.08091958893251824,0,0,,0.2666666488888901,63117.84210526316,34428.0,147111.80000000002,1718,2,0
-0.1409183083388809,-0.0970753090194123,0,0,,0.499999950000005,58392.72666666668,25244.9,135685.2,1718,3,0
0.16435494030824768,-0.09550676051850973,0,0,,-0.09523809070294806,34120.64210526316,13631.8,121721.2,2910,0,0
-0.14270824115959022,-0.09931331439008023,0,0,,0.0,37723.490476190476,19738.2,131245.80000000002,2910,1,0
0.16452143764062824,-0.4250140801571119,0,0,,0.7499999375000053,41883.03333333333,15939.3,164345.80000000002,2910,2,0
0.1944815003177147,0.581428061737643,0,0,,0.7142856122449125,72841.84166666666,49417.7,139614.6,2910,3,0
0.16383459834725458,0.04856324926484732,0,0,,-0.08695651795841226,61530.89047619046,24478.3,119843.2,2699,0,0
-0.1414479815870769,0.30727313706012216,0,0,,-0.041666664930555625,58681.14347826085,28711.2,161254.80000000002,2699,1,0
0.16611757955971884,0.05441964652857287,0,0,,-0.17241378715814526,44888.20416666666,21180.9,129356.79999999999,2699,2,0
-0.14386322046563407,-0.32330191966324145,0,0,,0.2608695538752368,42571.479310344825,16906.3,136338.80000000002,2699,3,0
0.1660814707804369,0.09531374891411058,0,0,,-0.041666664930555625,62910.59565217393,32258.5,174766.80000000002,2699,4,0
-0.1423086346042451,-0.10702628453940782,0,0,,0.14285713605442207,57436.14166666666,33818.3,126758.8,2699,5,0
0.1692310994738696,0.16747178698087767,0,0,,1.3333331851852017,64320.08095238096,40319.7,173739.2,2699,6,0
2.3819571482299664,1.2422030776395676,0,0,,0.18749998828125072,55571.700000000004,38127.0,86957.2,1389,0,0
-0.4686419387592656,-0.12230675953123782,0,0,,-0.23809522675737013,24784.418749999997,5669.7,41371.8,1389,1,0
-0.542853456873371,-0.6037269689742678,0,0,,-0.27586205945303244,28238.133333333335,13565.8,103402.8,1389,2,0
0.48668254452233717,0.513433758301103,0,0,,0.38095236281179223,71259.28620689656,13549.2,172801.8,1389,3,0
-0.17543139501250832,-0.11732443836191182,0,0,,0.39999997333333515,47084.509523809524,13348.6,105971.8,1389,4,0
0.39469090484366115,0.17346692775123074,0,0,,-0.2272727169421492,50989.45294117647,4826.7,119132.2,10257,0,0
-0.3216865073085338,-0.38219647531263734,0,0,,-0.08333332986111125,43451.97272727273,22550.5,161006.80000000002,10257,1,0
0.9008444806729473,1.068344007041252,0,0,,-0.07692307396449716,70332.99583333333,9818.6,172646.8,10257,2,0
-0.35878347469027844,-0.41086000908348363,0,0,,0.18181817355371938,34004.49615384615,16052.4,133315.80000000002,10257,3,0
-0.11582823517024243,0.05553251788138655,0,0,,-0.15384614792899431,57718.87272727271,23839.2,149429.80000000002,10257,4,0
-0.013630545631894142,-0.14340171965703918,0,0,,0.6249999609375024,54682.230769230766,12779.8,195606.80000000002,10257,5,0
0.15662499899892415,0.2009341598697175,0,0,,-0.05263157617728546,88355.35555555555,57512.5,176276.2,5283,0,0
-0.13484492053889868,0.24264962568665563,0,0,,-0.20833332465277812,73572.18947368421,49566.4,114090.8,5283,1,0
0.16524707993650162,-0.18096245650559392,0,0,,0.4999999687500019,59205.899999999994,27099.4,153740.8,5283,2,0
-0.1409784320718235,0.10919897162049771,0,0,,0.599999940000006,72287.1625,46508.7,140027.2,5283,3,0
-0.06242323099722518,-0.05201888330566939,0,0,,-0.3333333148148158,16600.149999999998,9697.8,16609.2,349,0,0
-0.21527387146043475,0.3028957149059003,0,0,,-0.05263157617728546,17511.055555555555,11351.5,24123.8,349,1,0
0.49918963432528,-0.10064939676228216,0,0,,0.055555552469135974,13440.105263157895,5713.9,28583.799999999996,349,2,0
-0.24458593653279007,-0.20268989659635606,0,0,,-0.18181817355371938,14944.233333333334,10537.9,26223.8,349,3,0
0.41397882250545487,-0.31263554475356276,0,0,,1.4444442839506353,18743.31363636364,10457.0,34843.799999999996,349,4,0
0.13258908170476894,1.529205648269109,0,0,,1.249999687500078,27268.377777777776,22334.9,17800.0,349,5,0
0.1360251598916283,0.22971825065137375,0,0,,-0.14999999250000037,48548.188235294125,41712.4,30985.199999999997,1876,0,0
-0.2537718631551753,-0.11501086963149926,0,0,,-0.1304347769376184,39479.115,23050.9,28399.8,1876,1,0
0.36683284746418526,-0.21841452515484341,0,0,,0.35294115570934376,44609.71739130434,23147.7,98799.8,1876,2,0
-0.219166892766802,0.444313851949475,0,0,,0.8888887901234679,57075.9294117647,47616.2,57670.2,1876,3,0
0.13322678066886517,0.16945477976377882,0,0,,-0.10526315235457093,55126.01176470588,38612.7,65553.2,9673,0,0
-0.05726445477196524,0.3093465099529471,0,0,,-0.04999999750000012,47138.21578947368,33948.1,37444.799999999996,9673,1,0
0.21548120915282826,0.15410870835615156,0,0,,-0.09090908677685969,36001.33,22270.6,39727.799999999996,9673,2,0
-0.1435692249632205,-0.19169865172839065,0,0,,0.09999999500000024,31194.054545454554,20207.7,50095.799999999996,9673,3,0
0.162844252275705,-0.16481495329802445,0,0,,1.2222220864197684,38592.10999999999,25888.7,57995.799999999996,9673,4,0
0.666093700454293,1.4879382726880843,0,0,,1.249999687500078,46207.85555555556,37171.3,31600.0,9673,5,0
-0.1324199433652782,0.11552641606474659,0,0,,-0.23999999040000036,57062.268421052635,48353.3,26196.2,9037,0,0
-0.030849831470721116,0.281565823709753,0,0,,0.0,51152.77199999999,35471.8,48690.8,9037,1,0
-0.051985683758410554,0.38413760898395494,0,0,,-0.13793102972651622,39914.276,28041.5,44510.8,9037,2,0
0.040710803887928006,-0.04683872536380733,0,0,,0.035714284438775556,28836.927586206893,15688.0,56410.799999999996,9037,3,0
0.16484314067185074,0.14278900004981976,0,0,,0.11999999520000018,30253.98571428571,14016.7,53874.8,9037,4,0
0.04417377250205327,0.31193975559355175,0,0,,0.0,26473.816000000003,10399.4,42270.8,9037,5,0
0.2039870844425068,-0.44407354698516516,0,0,,0.5624999648437522,20179.14,3980.9,51397.8,9037,6,0
0.029005467541550988,0.5203265523161665,0,0,,0.7777776913580343,36298.21875,24064.4,51063.6,9037,7,0
1.096403784582485,0.5826759767422345,0,0,,0.11111110699588492,70969.26,28090.8,301686.2,3862,0,0
1.3541320519450324,0.007195141087545442,0,0,,0.2272727169421492,44841.30740740741,9850.0,94441.8,3862,1,0
-0.7342112346139228,-0.2795729043428056,0,0,,-0.35294116608996573,44520.972727272725,13306.9,141381.80000000002,3862,2,0
-0.018562374836295952,-0.021979629137863287,0,0,,0.06249999804687507,61798.02647058823,22625.3,157309.8,3862,3,0
1.8664176971213509,0.6253656976304157,0,0,,0.5238094988662143,63186.850000000006,25964.6,232110.8,3862,4,0
-0.5725327960185387,-0.5279464251363283,0,0,,-0.12499999479166687,38875.46666666667,22491.4,86541.8,3862,5,0
0.9303071084087822,0.582856400855909,0,0,,1.399999860000014,82353.92916666668,43972.7,203025.2,3862,6,0
4.9674506169773185,5.0,0,0,,3.999998000001,52028.68000000001,28328.5,48100.0,3862,7,0
0.16331638608179963,0.08909310138699954,0,0,,-0.35294115570934376,48100.13636363636,36674.3,54529.2,3137,0,0
-0.14119635041985396,0.08502666135693668,0,0,,0.06249999609375024,44165.31176470588,28521.7,90940.79999999999,3137,1,0
0.16686794200435073,0.29910999414423967,0,0,,-0.05882352595155729,40704.35625,27237.4,69443.79999999999,3137,2,0
0.19728708521921556,-0.1838384655540855,0,0,,0.0,31332.494117647053,18952.0,79943.79999999999,3137,3,0
-0.16557432335062813,0.003656246507877623,0,0,,0.06249999609375024,38390.06470588236,26653.3,95743.79999999999,3137,4,0
-0.14283153258274986,-0.10714807240234175,0,0,,-0.05882352595155729,38250.2125,26445.9,68469.8,3137,5,0
0.13573621876231026,-0.10730240326241475,0,0,,0.8888887901234679,42840.48823529411,25191.2,112923.20000000001,3137,6,0
1.9926234813971355,2.5339977333251023,0,0,,3.499998250000875,47989.92222222222,28359.0,30500.0,3137,7,0
0.3016432946316749,0.11888800250070593,0,0,,0.09999999500000024,73997.0818181818,25209.8,227604.2,10243,0,0
-0.3220025985911386,0.02240638786703448,0,0,,-0.1666666597222225,66134.48500000002,33144.3,138458.80000000002,10243,1,0
0.5007847123758341,0.07661660401277226,0,0,,-0.14285713775510223,64685.125,17451.1,249747.8,10243,2,0
-0.4318927549114333,-0.2868819895377597,0,0,,-0.034482757431629055,60081.857142857145,28575.8,194200.80000000002,10243,3,0
1.963089012598473,0.64258904793139,0,0,,3.8333326944445507,84252.33448275861,47809.3,311429.2,10243,4,0
0.1410753015601588,0.07515554611624978,0,0,,-0.27999998880000043,34796.755555555545,22368.6,54659.2,3556,0,0
-0.17794158727367174,-0.036357472983890735,0,0,,0.041666664930555625,32364.392000000003,22801.0,58005.799999999996,3556,1,0
0.09179921868597156,-0.0789730013091443,0,0,,-0.17241378715814526,33585.475,19578.2,62262.8,3556,2,0
-0.02584051486161055,-0.15351812191914477,0,0,,2.2222219753086696,36465.244827586204,21134.5,81962.8,3556,3,0
1.5250151680991006,1.5170372360396758,0,0,,1.249999687500078,43078.58888888888,32476.2,38800.0,3556,4,0
-0.660308037341963,-0.14409175544009703,0,0,,-0.24999998958333375,39144.73888888888,27715.7,33801.2,1068,0,0
1.147308333061012,0.9666551918098651,0,0,,0.04347825897920613,45734.73750000001,14575.5,55725.8,1068,1,0
0.10641337243639185,-0.09870976816598025,0,0,,-0.07999999680000013,23255.08695652174,14324.3,39969.799999999996,1068,2,0
-0.5950456631737681,-0.20723054747629424,0,0,,-0.03846153698224858,25801.996,9937.0,58696.799999999996,1068,3,0
4.605272929512673,0.21838902204212904,0,0,,0.23809522675737013,32546.657692307697,9305.2,56237.8,1068,4,0
-0.836444128234488,-0.5795156620402466,0,0,,0.7499999375000053,26712.86190476191,11441.9,55532.799999999996,1068,5,0
0.2180519264324677,0.45623869442177367,0,0,,1.399999720000056,63528.79166666666,43926.0,81369.0,1068,6,0
0.16059133580300367,0.020805273128362424,0,0,,-0.2499999875000006,61029.746666666666,46597.0,52008.2,11327,0,0
-0.14157591643964726,-0.008698135699424505,0,0,,0.05263157617728546,59785.884999999995,41811.2,54622.799999999996,11327,1,0
0.16693023074304064,0.03939974290390126,0,0,,0.8999999100000091,60310.47368421053,48171.8,76622.8,11327,2,0
0.19466825977114577,1.0663136243843634,0,0,,0.4285713673469475,58024.33,40650.1,42814.6,11327,3,0
0.784804984672051,0.2499196849489141,0,0,,-0.19047618140589612,77884.38235294119,47648.3,102045.2,1808,0,0
-0.6226657729810617,-0.26557605182878913,0,0,,-0.15999999360000025,62311.50952380953,18109.0,163407.80000000002,1808,1,0
1.4458512925175442,0.18802260551264252,0,0,,0.2499999875000006,84844.06,61680.1,184543.80000000002,1808,2,0
4.786216320259679,0.29347381166849656,0,0,,1.8571425918367725,71416.2,45507.4,104743.80000000002,1808,3,0
-0.5516700457538236,0.3230293627004878,0,0,,0.399999920000016,55212.7142857143,46700.2,6100.0,1808,4,0
1.246925925848955,4.027956626020728,0,0,,1.499999250000375,41732.04,26700.0,4400.0,1808,5,0
0.16158336010461927,-0.013158859069703262,0,0,,-0.24999998437500096,39609.558333333334,30804.4,57669.2,2073,0,0
-0.143049594129156,-0.08098490013285839,0,0,,-0.05882352595155729,40137.725,35576.9,44023.8,2073,1,0
0.16481685107238103,-0.015389052406457219,0,0,,-0.14999999250000037,43674.71764705883,10637.8,78423.80000000002,2073,2,0
0.20060782610029582,0.018030595283886397,0,0,,1.2222220864197684,44357.335,32489.4,49023.799999999996,2073,3,0
0.1954359017862552,1.3332621713521704,0,0,,0.799999840000032,43571.71111111111,30397.9,35100.0,2073,4,0
0.16148318723906846,-0.07187854171414981,0,0,,-0.24999998437500096,38400.49166666666,29596.1,57669.2,9433,0,0
-0.14340598218248995,-0.06313617550578914,0,0,,-0.05882352595155729,41374.425,34977.7,45023.8,9433,1,0
0.16565292368251958,-0.0320993605938356,0,0,,-0.19047618140589612,44162.68823529412,10042.1,77923.80000000002,9433,2,0
0.20015172732627223,0.05157276230623748,0,0,,1.6249997968750256,45627.295238095234,33723.8,51823.799999999996,9433,3,0
0.1954359017862552,1.323508794969974,0,0,,0.599999880000024,43389.575,30397.9,33000.0,9433,4,0
0.10520249227196857,0.31540980812843855,0,0,,-0.2222222098765439,41426.78571428572,33038.4,38093.2,2413,0,0
-0.16224095485987772,0.26710905800110935,0,0,,-0.09999999500000024,31493.444444444445,26363.5,37687.799999999996,2413,1,0
0.2566002262760593,-0.2711318942341126,0,0,,0.5384614970414233,24854.564999999995,14223.1,65347.799999999996,2413,2,0
0.16557547828452013,0.5766160475242287,0,0,,0.857142734693895,34100.22307692308,24157.2,53162.6,2413,3,0
-0.4667710592302353,-0.2705127751220022,0,0,,-0.39999998400000064,49536.76666666667,32235.9,62872.0,1498,0,0
0.7587108808837624,0.4015682406781931,0,0,,0.0,67906.284,413.3,140213.2,1498,1,0
-0.3875357946166641,0.5541184469391895,0,0,,-0.13793102972651622,48450.21599999999,2762.5,173409.0,1498,2,0
5.0,0.13272575094684674,0,0,,2.2222219753086696,31175.36896551725,3403.6,98046.0,1498,3,0
-0.969642257173459,-0.3657759922633478,0,0,,-0.1818181652892577,27522.43333333333,17153.3,24700.0,1498,4,0
-0.4657068353318913,-0.14333535946349155,0,0,,0.0,43395.44545454546,30288.8,44800.0,1498,5,0
2.9025721923581513,4.3510156845595915,0,0,,2.666665777778074,50656.281818181815,31466.7,45200.0,1498,6,0
-0.7985346196486258,-0.22993841332878007,0,0,,-0.3571428316326549,55220.53333333334,41191.9,65129.2,6505,0,0
1.8261435168508238,1.5073011549853295,0,0,,0.9999998571428775,71709.24285714286,34373.9,56129.2,6505,1,0
5.0,0.4700767379621747,0,0,,0.16666663888889352,28600.171428571426,16196.8,19700.0,6505,2,0
0.0,-0.192895250677899,0,0,,0.0,19454.883333333335,18196.6,5100.0,6505,3,0
-0.9875076291131468,-0.007730834144885141,0,0,,0.9999996666667778,24104.533333333336,22846.3,13500.0,6505,4,0
-0.17884001921174955,-0.5027108592780125,0,0,,0.2222222098765439,14924.368181818183,1178.7,47123.2,1318,0,0
2.2607874950897706,-0.08941112307217387,0,0,,1.2499998437500197,30011.450000000004,3963.3,83433.20000000001,1318,1,0
-0.24822390965570493,0.4558769286973788,0,0,,0.599999880000024,32958.287500000006,26953.4,24200.0,1318,2,0
0.033394395933910075,0.018467688864762122,0,0,,-0.28571427551020445,24171.209999999995,15356.7,60349.2,9208,0,0
-0.01659935773654292,-0.23072472701869282,0,0,,0.1666666597222225,23732.917857142857,871.3,89234.8,9208,1,0
0.13927817750090346,0.04359649597424191,0,0,,-0.03999999840000006,30851.00833333333,21995.7,55665.8,9208,2,0
0.2097198470510419,-0.37497324432173246,0,0,,0.19047618140589612,29562.2,8982.7,87659.80000000002,9208,3,0
-0.1567271559980145,0.072335511073669,0,0,,0.39999997333333515,47297.49523809524,39054.4,76743.8,9208,4,0
0.19256810160738336,0.6803057341128044,0,0,,1.14285697959186,44106.993333333325,36506.0,44300.0,9208,5,0
-0.4969997899345871,0.17559662426453532,-1,0,,-0.30769229585798863,20519.31111111111,1165.3,36323.2,37,0,1
0.8374348322076601,-0.5879507674038557,1,1,,0.03999999840000006,17454.380769230767,-1011.2,75142.20000000001,37,1,1
-0.5592327163897628,-0.0871043610421067,0,0,,-0.16666666111111128,42359.94,14375.4,94837.79999999999,37,2,1
0.7173238337223977,-0.11001452629428418,0,0,,0.4999999750000012,46401.73333333333,12520.3,121488.8,37,3,1
-0.30982320892683557,-0.08379702035834752,0,0,,1.2222220864197684,52137.630000000005,32069.7,57225.2,37,4,1
0.26199856558581747,0.14359795624776522,0,0,,-0.14999999250000037,35946.81176470588,17074.4,69168.2,1656,0,0
-0.14019019474317984,-0.035819162882918795,0,0,,-0.04761904535147403,31433.085,17033.7,73865.8,1656,1,0
0.1630300970905165,0.04570593292000781,0,0,,-0.08695651795841226,32600.819047619047,8538.6,87782.8,1656,2,0
-0.1587222366697512,-0.17548025005043102,0,0,,0.14999999250000037,31175.895652173916,10133.5,75582.8,1656,3,0
0.12301314243375146,0.4291778087603055,0,0,,0.05263157617728546,37810.97499999999,15504.8,73782.8,1656,4,0
-0.09314060039024064,-0.5507420750122438,0,0,,0.3571428316326549,26456.452631578944,3489.0,75855.8,1656,5,0
0.6701073657396018,0.953847954925413,0,0,,0.9999998571428775,58889.228571428575,30367.9,88927.6,1656,6,0
0.04581587846329501,0.013917304941098671,0,0,,0.0,64349.955,40873.1,130055.2,4354,0,0
1.128686496495143,1.2752335532071424,0,0,,0.05263157617728546,63466.670000000006,36461.5,113257.8,4354,1,0
-0.0996501979447222,0.40896470703835985,0,0,,0.055555552469135974,27894.57368421053,8700.0,64544.799999999996,4354,2,0
-0.3114310426029307,-0.6535342914229414,0,0,,-0.05263157617728546,19797.92222222222,5404.0,68883.79999999999,4354,3,0
0.1932464211222235,0.1803222420692894,0,0,,-0.04999999750000012,57142.515789473684,22398.7,100711.80000000002,4354,4,0
-0.44718947795255876,-0.34990199460536175,0,0,,0.24999998437500096,48412.64,23132.6,111773.80000000002,4354,5,0
0.7167342556113983,0.31405346260182826,0,0,,1.2857141020408425,74469.75625,47778.5,143270.6,4354,6,0
-0.22686567163758203,0.21474947543355719,0,0,,-0.28571427210884415,57449.673333333325,44662.3,27887.199999999997,4268,0,0
-0.13967656569496442,0.1707864432048632,0,0,,0.0,47293.433333333334,29542.7,38581.799999999996,4268,1,0
0.09978005311550864,0.14637533634277436,0,0,,-0.22222221399176983,40394.58571428571,10775.5,68261.8,4268,2,0
0.26111952324715054,0.22748168411138672,0,0,,0.34999998250000086,35236.78888888889,19818.9,48461.799999999996,4268,3,0
0.48808649273830834,-0.1728495924144742,0,0,,-0.04761904535147403,28706.57,18827.4,34781.799999999996,4268,4,0
-0.1391995508280344,-0.033175155520054,0,0,,1.3333331851852017,34705.380952380954,24775.9,43015.799999999996,4268,5,0
0.837226748867546,1.9463724179606403,0,0,,1.249999687500078,35896.24444444445,28563.8,15500.0,4268,6,0
0.16271572097973813,0.2671498438851068,0,0,,-0.19999999200000032,61059.815,44161.4,36401.2,2725,0,0
-0.1945110735599313,-0.05515311909154607,0,0,,-0.07407407133058995,48186.736,30284.8,45775.8,2725,1,0
0.24209137621644816,0.07595438951351367,0,0,,-0.15624999511718765,50999.51851851851,25890.4,87695.8,2725,2,0
-0.14319985804165639,-0.11538585826707502,0,0,,0.27999998880000043,47399.331249999996,32718.0,71855.79999999999,2725,3,0
0.16491452511242988,0.0700775546413887,0,0,,0.3888888672839518,53581.928,40790.8,60015.8,2725,4,0
-0.1700660147568037,0.2490467718506845,0,0,,0.9999998888889013,50072.93888888889,39268.4,61916.2,2725,5,0
0.14929551223481458,-0.022812782657615903,0,0,,-0.21428570663265334,21935.36818181818,13406.3,54746.2,9140,0,0
-0.13349773178298,0.03125948170263587,0,0,,-0.034482757431629055,22447.45714285714,14873.8,38660.799999999996,9140,1,0
0.086188114144044,-0.053975179577647844,0,0,,-0.1714285665306124,21767.03103448276,15020.1,51060.799999999996,9140,2,0
0.283522672915618,-0.31615938092423856,0,0,,2.1818179834710927,23008.942857142858,12976.1,62841.799999999996,9140,3,0
0.22254362099095942,1.2633338421729803,0,0,,0.8333331944444675,33646.645454545454,26074.3,30700.0,9140,4,0
0.32099098982223984,0.4042911350351309,0,0,,-0.2608695538752368,67190.78823529412,45689.9,48727.0,7180,0,0
-0.18271160940866102,0.2132158237665586,0,0,,0.09523809070294806,47846.76521739129,31566.9,78934.0,7180,1,0
0.21051379577327048,0.5030910381932558,0,0,,0.0,39437.96666666666,20994.1,78662.0,7180,2,0
-0.10864648454297646,-0.31637646688895976,0,0,,0.23529410380622917,26237.90952380952,15075.3,79701.0,7180,3,0
0.16642466212221443,-0.029454530110091453,0,0,,0.8888887901234679,38380.64117647059,19707.4,114438.0,7180,4,0
-0.31941770157823013,0.024438507307667768,0,0,,-0.27999998880000043,57419.23333333333,26478.3,111407.2,5698,0,0
0.13494427753132904,-0.0986638339705968,0,0,,0.08695651795841226,56049.468,26234.7,126219.79999999999,5698,1,0
-0.39071469825341837,-0.09776185086988771,0,0,,0.14999999250000037,62184.8652173913,20258.5,145369.80000000002,5698,2,0
5.0,0.6962408733674799,0,0,,1.8571425918367725,68922.89499999999,37053.4,199434.6,5698,3,0
-0.34644184417853513,0.2698799139664498,0,0,,0.7499998125000469,40632.72857142857,29062.9,27100.0,5698,4,0
0.1404693825910181,-0.021176402862822016,0,0,,0.03999999840000006,74919.56923076922,37772.5,212454.2,11317,0,0
-0.22716228148556922,-0.013729527373140262,0,0,,-0.21874999316406274,76540.42,52794.5,170087.8,11317,1,0
1.3272849358350665,1.4095386925204452,0,0,,0.23076922189349144,77605.9125,45705.0,227242.8,11317,2,0
-0.5431392316536964,-0.5476670959532249,0,0,,-0.13333332888888902,32207.78846153846,17496.3,86865.79999999999,11317,3,0
0.420500672769347,0.2515119531212426,0,0,,1.1428570612244957,71203.72666666665,33541.8,237429.80000000002,11317,4,0
0.16256138038348458,-0.21432490115176842,0,0,,-0.06249999609375024,23294.35333333333,12666.7,63089.2,309,0,0
-0.1422461114815492,-0.16246000930616986,0,0,,0.06666666222222252,29648.837499999998,21791.5,65463.799999999996,309,1,0
0.1670467157325242,0.4043833595898963,0,0,,-0.34782607183364905,35399.90666666667,28535.0,62243.799999999996,309,2,0
-0.1431121173480326,-0.20396921507695287,0,0,,0.27777776234567986,25206.726086956525,12223.2,58443.799999999996,309,3,0
0.16374155919887318,-0.1658117023701473,0,0,,0.4999999583333368,31665.516666666663,21399.2,70923.8,309,4,0
0.09879000128818392,0.3711986221709709,0,0,,0.7142856122449125,37959.674999999996,28435.8,65634.6,309,5,0
0.16297212587842075,-0.06531225164086049,0,0,,-0.0937499970703126,60899.20344827587,27423.1,132225.2,3293,0,0
-0.14150652407506412,0.1046299602351511,0,0,,-0.05882352768166096,65154.596875,35217.1,151562.8,3293,1,0
0.14358089122436155,0.2646659825629421,0,0,,0.0,58983.18823529412,18396.5,180910.8,3293,2,0
-0.12752223812649285,-0.35484856672652576,0,0,,0.8888888395061756,46639.34117647058,10041.0,108031.8,3293,3,0
0.733243754314777,0.5341764800227314,0,0,,1.9999996666667221,72292.08333333331,41440.8,198360.6,3293,4,0
-0.48496521868051745,-0.44442117276159443,0,0,,-0.23809522675737013,17097.58125,2777.0,48921.2,9156,0,0
0.9937648359965405,0.0706606915036466,0,0,,0.7499999375000053,30774.35714285714,8988.5,92293.8,9156,1,0
0.2242378414120975,-0.21525146595619785,0,0,,0.33333329629630043,28743.333333333332,13169.3,65462.6,9156,2,0
-0.16907316832433836,-0.1408672563294205,0,0,,0.0,36627.444444444445,24031.0,41000.0,9156,3,0
0.9926107769325064,2.405059258179736,0,0,,3.499998250000875,42633.044444444444,21141.0,29000.0,9156,4,0
0.024372219265554548,-0.029779264611363356,0,0,,-0.08333332986111125,77538.61818181816,21637.8,191265.2,2262,0,0
0.3165840934745801,0.17584783656149355,0,0,,-0.07692307396449716,79918.53333333334,32977.6,237172.8,2262,1,0
0.16312947909321654,0.07020092784328841,0,0,,0.08333332986111125,67966.73076923077,23235.7,206281.8,2262,2,0
-0.19387919436629628,-0.08080399011909735,0,0,,0.04347825897920613,63508.38333333333,29192.9,161074.8,2262,3,0
1.1035877477720808,0.3148108056239894,0,0,,0.5333332977777802,69091.23043478258,23289.9,213243.8,2262,4,0
-0.26157028354536344,-0.09737261491828579,0,0,,-0.21052630470914185,52548.42000000001,24736.1,85643.79999999999,2262,5,0
2.659721097893169,1.4807258859325407,0,0,,1.71428546938779,58217.178947368426,23433.1,115443.80000000002,2262,6,0
0.16124919624643416,-0.23136269215813463,0,0,,-0.11111110493827195,40700.99375,23413.0,86165.2,276,0,0
-0.14295306193612572,-0.0930997619808057,0,0,,0.05882352595155729,52952.14444444444,28515.6,98079.8,276,1,0
0.16599723034108632,0.028099562560428556,0,0,,0.8888887901234679,58388.05882352941,31957.0,94860.79999999999,276,2,0
0.9795435992792245,1.0608626407025803,0,0,,1.9999993333335555,56792.22222222222,31038.5,49700.0,276,3,0
-0.3872663750991414,0.173422500498248,0,0,,-0.21428569897959293,24996.790909090905,17127.3,24829.2,105,0,0
0.4201413050026331,-0.3880915922039331,0,0,,0.16666665277777895,21302.464285714286,6835.7,36543.799999999996,105,1,0
-0.17474091879875156,-0.07722093896331154,0,0,,0.7142856122449125,34813.15833333333,14989.4,77748.20000000001,105,2,0
-0.5902760602527258,-0.24726388144878336,0,0,,-0.12499998437500197,37726.42857142857,25113.6,50200.0,105,3,0
2.667613887109468,1.9209636386888655,0,0,,0.599999880000024,50119.0625,21715.0,41600.0,105,4,0
-0.33759981442175113,-0.07410126360149992,0,0,,-0.05882352595155729,57496.35625,30201.9,98784.2,1284,0,0
-0.19434926409768155,0.004314094254463925,0,0,,-0.19047618140589612,62097.88823529411,31809.1,75972.8,1284,1,0
0.026107094529084947,0.00587460946090628,0,0,,-0.08695651795841226,61831.142857142855,31605.7,149441.80000000002,1284,2,0
0.19575086589471904,0.02048414621649106,0,0,,1.5555553827160686,61470.03043478261,35014.2,136932.8,1284,3,0
5.0,3.633549572370069,0,0,,3.499998250000875,60236.14444444445,21000.0,68200.0,1284,4,0
0.16354387613076213,0.24292217108659708,0,0,,-0.31578945706371275,66560.13076923079,33618.1,85039.0,6922,0,0
-0.15249472774794473,0.784673812408918,0,0,,0.0,53551.32631578947,31440.7,97093.0,6922,1,0
0.04179839603658233,-0.1563878452012932,0,0,,-0.20833332465277812,30006.22631578947,4622.9,108650.0,6922,2,0
-0.027346975035087664,-0.3774397378449162,0,0,,0.3333333148148158,35568.745833333334,3054.8,153566.0,6922,3,0
0.7430029746663362,-0.08743732585569623,0,0,,1.2499998437500197,57133.01666666667,33036.2,123990.0,6922,4,0
-0.2035350569598156,0.5151312929859181,0,0,,0.599999880000024,62607.225,48783.3,85000.0,6922,5,0
0.07804081776151199,0.08995117876244271,0,0,,-0.23529410380622917,41452.21538461538,33689.7,50529.2,1928,0,0
-0.19316665009668063,0.36709931063296775,0,0,,0.06249999609375024,38031.25882352941,28960.8,41260.8,1928,1,0
-0.27413561190953706,0.7297761074240103,0,0,,-0.3043478128544429,27818.943750000002,6736.4,37665.799999999996,1928,2,0
0.5808591546021893,-0.4534164488091884,0,0,,0.14999999250000037,16082.395652173916,1485.0,79329.8,1928,3,0
0.16422465408713863,-0.17383474536124288,0,0,,0.3333333111111126,29423.49,16380.0,66440.79999999999,1928,4,0
-0.1403098199313759,-0.06809113396272709,0,0,,0.6666665925926009,35614.53333333333,30222.6,41143.799999999996,1928,5,0
2.136103261636378,2.3979057408461384,0,0,,1.249999687500078,38216.75555555555,28844.6,32000.0,1928,6,0
0.21861095139755377,0.19948002196012213,0,0,,-0.18181817355371938,25645.444444444445,11649.8,45926.2,8645,0,0
-0.14179884621773634,-0.11298501087154973,0,0,,0.0,21380.46818181818,9578.3,50820.799999999996,8645,1,0
0.16674245099875826,0.09646717279343095,0,0,,-0.18518517832647488,24103.840909090908,12076.8,56500.799999999996,8645,2,0
-0.14616613817555324,-0.45543830219363335,0,0,,0.34999998250000086,21983.18518518519,5822.6,57540.799999999996,8645,3,0
0.14205163922301284,0.3205370001195451,0,0,,0.6666666111111158,40368.58500000001,27294.8,71768.2,8645,4,0
